frame_id,timestamp,track_id,x1,y1,x2,y2,confidence,class_name,velocity_x,velocity_y
0,0.0,1,1081.258544921875,267.25531005859375,1178.410400390625,572.6710205078125,0.8199084401130676,person,0.0,0.0
0,0.0,2,719.1435546875,326.04107666015625,807.9337158203125,391.83367919921875,0.7759419083595276,car,0.0,0.0
0,0.0,3,314.6032409667969,350.7215576171875,359.4915466308594,430.111572265625,0.667415976524353,bicycle,0.0,0.0
0,0.0,4,0.0,591.671630859375,1185.77783203125,714.318359375,0.5212210416793823,car,0.0,0.0
0,0.0,5,438.86346435546875,341.33984375,469.91241455078125,388.9368896484375,0.4309898018836975,bicycle,0.0,0.0
0,0.0,6,540.036865234375,330.059814453125,560.085693359375,386.0399169921875,0.38971439003944397,person,0.0,0.0
0,0.0,7,533.380615234375,321.6044006347656,559.5986328125,388.2043151855469,0.3191309869289398,person,0.0,0.0
1,0.04,1,1107.68603515625,269.15264892578125,1208.89697265625,591.357421875,0.8354163765907288,person,28.45703125,10.2918701171875
1,0.04,2,719.9030151367188,325.84222412109375,814.7968139648438,392.94134521484375,0.7366775274276733,car,3.811279296875,0.45440673828125
1,0.04,3,304.9151611328125,349.9659423828125,352.5572509765625,434.1507568359375,0.5249897241592407,bicycle,-8.311187744140625,1.64178466796875
1,0.04,4,0.20556640625,591.6595458984375,1220.0250244140625,714.5064697265625,0.5031523108482361,car,17.22637939453125,0.0880126953125
1,0.04,5,436.16815185546875,340.3572998046875,475.13427734375,390.2706298828125,0.5681197047233582,bicycle,1.263275146484375,0.17559814453125
1,0.04,6,539.1425170898438,326.6558837890625,560.0613403320312,384.7393798828125,0.3559499979019165,person,-0.4593505859375,-2.35223388671875
1,0.04,7,533.7476806640625,312.86749267578125,559.5638427734375,386.3975830078125,0.3318871557712555,person,0.1661376953125,-5.271820068359375
1,0.04,8,1033.133056640625,419.0692138671875,1074.535400390625,469.4202880859375,0.37875133752822876,suitcase,0.0,0.0
1,0.04,9,1092.88037109375,416.80712890625,1135.56787109375,512.8359375,0.35435885190963745,handbag,0.0,0.0
1,0.04,10,435.0247497558594,342.6583251953125,464.0867004394531,389.4656982421875,0.33745092153549194,bicycle,0.0,0.0
1,0.04,11,1053.50244140625,344.4559631347656,1107.9365234375,399.9767761230469,0.3007088899612427,bicycle,0.0,0.0
2,0.08,1,1137.1795654296875,260.68389892578125,1240.1055908203125,607.9415893554688,0.8663048148155212,person,30.35107421875,4.057708740234375
2,0.08,2,722.1976318359375,326.66888427734375,815.7213134765625,393.60247802734375,0.7826398611068726,car,1.60955810546875,0.743896484375
2,0.08,3,295.6371765136719,351.91058349609375,345.0819396972656,436.15838623046875,0.5248512029647827,bicycle,-8.37664794921875,1.97613525390625
2,0.08,4,0.662841796875,592.0011596679688,1245.838134765625,714.4639282226562,0.5742760896682739,car,13.13519287109375,0.1495361328125
2,0.08,5,432.65673828125,335.6573486328125,474.3812255859375,390.38702392578125,0.4392336308956146,bicycle,-2.132232666015625,-2.291778564453125
2,0.08,7,534.9287109375,316.35382080078125,560.54052734375,385.04888916015625,0.46870413422584534,person,1.078857421875,1.068817138671875
3,0.12,1,1171.519287109375,246.39361572265625,1277.52099609375,627.2171020507812,0.8705672025680542,person,35.8775634765625,2.49261474609375
3,0.12,2,722.734130859375,325.87908935546875,819.610595703125,395.20391845703125,0.8337645530700684,car,2.212890625,0.40582275390625
3,0.12,3,286.87933349609375,355.3768005371094,337.20208740234375,439.3604431152344,0.509053647518158,bicycle,-8.31884765625,3.334136962890625
3,0.12,4,1.7998046875,591.9454345703125,1251.353515625,714.7100830078125,0.6565881967544556,car,3.326171875,0.09521484375
3,0.12,5,428.1580810546875,337.98175048828125,472.7750244140625,391.00567626953125,0.32352957129478455,bicycle,-3.05242919921875,1.471527099609375
3,0.12,7,534.2470703125,313.29046630859375,560.52490234375,387.13690185546875,0.556858479976654,person,-0.3486328125,-0.4876708984375
3,0.12,11,1072.0506591796875,345.4609375,1129.9808349609375,410.6982421875,0.3187204599380493,bicycle,10.14813232421875,2.931610107421875
3,0.12,12,1147.5860595703125,440.3441162109375,1193.5894775390625,539.3001708984375,0.4476119577884674,handbag,0.0,0.0
4,0.16,1,1204.3255615234375,246.4083251953125,1279.8170166015625,673.2344970703125,0.7567959427833557,person,17.5511474609375,23.01605224609375
4,0.16,2,725.7713623046875,325.84844970703125,824.5328369140625,396.59710693359375,0.8144579529762268,car,3.979736328125,0.6812744140625
4,0.16,3,275.85888671875,357.07550048828125,331.25830078125,444.69573974609375,0.3191312551498413,bicycle,-8.48211669921875,3.516998291015625
4,0.16,4,1.656005859375,590.902587890625,1250.38232421875,714.288330078125,0.6079989075660706,car,-0.5574951171875,-0.7322998046875
4,0.16,5,424.2548522949219,341.4717102050781,457.0362243652344,391.0052795410156,0.3191295266151428,bicycle,-9.821014404296875,1.744781494140625
4,0.16,7,534.5057373046875,316.0003662109375,560.3665771484375,387.965576171875,0.5340378880500793,person,0.0501708984375,1.769287109375
5,0.2,1,1204.3255615234375,246.4083251953125,1279.8170166015625,673.2344970703125,0.7567959427833557,person,17.5511474609375,23.01605224609375
5,0.2,2,725.6212158203125,325.9557800292969,827.3726806640625,397.2513122558594,0.8121230006217957,car,1.3448486328125,0.380767822265625
5,0.2,3,266.08367919921875,359.1834716796875,320.54351806640625,446.18353271484375,0.49972501397132874,bicycle,-10.2449951171875,1.797882080078125
5,0.2,4,2.5587158203125,589.5269775390625,1259.6820068359375,714.3560791015625,0.5682443380355835,car,5.1011962890625,-0.6539306640625
5,0.2,5,420.3981018066406,341.476806640625,461.1444396972656,392.6676025390625,0.4000922739505768,bicycle,0.125732421875,0.833709716796875
5,0.2,7,533.5025634765625,317.0152587890625,560.5980224609375,389.09100341796875,0.5388730764389038,person,-0.3858642578125,1.070159912109375
5,0.2,13,419.7353515625,343.27703857421875,447.1942138671875,392.55670166015625,0.3058512806892395,bicycle,0.0,0.0
6,0.24,1,1204.3255615234375,246.4083251953125,1279.8170166015625,673.2344970703125,0.7567959427833557,person,17.5511474609375,23.01605224609375
6,0.24,2,725.040771484375,326.26153564453125,829.88232421875,397.3511962890625,0.8115734457969666,car,0.964599609375,0.20281982421875
6,0.24,3,254.7350311279297,361.6368408203125,312.15728759765625,449.4735107421875,0.5911015272140503,bicycle,-9.867439270019531,2.871673583984375
6,0.24,4,1.9215087890625,589.0244140625,1269.3997802734375,714.567138671875,0.44283756613731384,car,4.540283203125,-0.145751953125
6,0.24,5,418.15753173828125,342.097900390625,460.2342529296875,393.3856201171875,0.5311025381088257,bicycle,-1.57537841796875,0.6695556640625
6,0.24,7,533.599853515625,318.807861328125,560.30078125,387.77783203125,0.5504264831542969,person,-0.0999755859375,0.239715576171875
6,0.24,11,1097.437744140625,348.2103271484375,1162.07080078125,416.7623291015625,0.3182860016822815,bicycle,9.579508463541666,1.4689127604166667
7,0.28,1,1204.3255615234375,246.4083251953125,1279.8170166015625,673.2344970703125,0.7567959427833557,person,17.5511474609375,23.01605224609375
7,0.28,2,725.4077758789062,324.82415771484375,839.2069702148438,398.64129638671875,0.8628676533699036,car,4.8458251953125,-0.073638916015625
7,0.28,3,240.711669921875,357.53265380859375,303.29449462890625,452.82244873046875,0.624125063419342,bicycle,-11.443077087402344,-0.37762451171875
7,0.28,4,1.7557373046875,588.71240234375,1270.066650390625,714.74853515625,0.4461667537689209,car,0.25054931640625,-0.0653076171875
7,0.28,5,414.2966613769531,340.771240234375,461.8530578613281,393.18212890625,0.47175097465515137,bicycle,-1.12103271484375,-0.76507568359375
7,0.28,7,533.5927734375,317.991943359375,559.853515625,387.454345703125,0.6098477244377136,person,-0.2271728515625,-0.5697021484375
7,0.28,11,1106.411865234375,346.5925598144531,1175.843017578125,419.4916076660156,0.45506465435028076,bicycle,11.3731689453125,0.555755615234375
8,0.32,1,1204.3255615234375,246.4083251953125,1279.8170166015625,673.2344970703125,0.7567959427833557,person,17.5511474609375,23.01605224609375
8,0.32,2,727.3345947265625,324.3927917480469,840.4102783203125,399.1011047363281,0.8808712363243103,car,1.5650634765625,0.01422119140625
8,0.32,3,228.66513061523438,356.385498046875,292.8486022949219,455.76495361328125,0.6297410130500793,bicycle,-11.2462158203125,0.897674560546875
8,0.32,4,2.96240234375,589.025634765625,1269.230224609375,715.339111328125,0.6163235306739807,car,0.18511962890625,0.451904296875
8,0.32,5,409.2989807128906,341.05462646484375,461.3940734863281,395.9581298828125,0.5865568518638611,bicycle,-2.72833251953125,1.529693603515625
8,0.32,7,534.5692138671875,314.48065185546875,559.8709716796875,386.38690185546875,0.618738055229187,person,0.4969482421875,-2.28936767578125
8,0.32,11,1117.1015625,346.27783203125,1186.11669921875,422.42242431640625,0.3371577262878418,bicycle,10.481689453125,1.30804443359375
8,0.32,14,499.265380859375,317.01947021484375,515.795654296875,348.175537109375,0.3004050850868225,person,0.0,0.0
9,0.36,1,1204.3255615234375,246.4083251953125,1279.8170166015625,673.2344970703125,0.7567959427833557,person,17.5511474609375,23.01605224609375
9,0.36,2,729.40966796875,325.98907470703125,844.73583984375,398.33331298828125,0.8530644774436951,car,3.2003173828125,0.41424560546875
9,0.36,3,215.912109375,357.5567626953125,284.55633544921875,454.71978759765625,0.5765181183815002,bicycle,-10.52264404296875,0.06304931640625
9,0.36,4,3.049072265625,586.4595336914062,1270.10009765625,715.0879516601562,0.6416394710540771,car,0.478271484375,-1.40863037109375
9,0.36,5,405.57666015625,341.6331787109375,453.418701171875,395.210693359375,0.5595238208770752,bicycle,-5.848846435546875,-0.084442138671875
9,0.36,7,534.1604614257812,312.3714599609375,559.9008178710938,385.7283935546875,0.6275795698165894,person,-0.189453125,-1.38385009765625
9,0.36,11,1127.806884765625,350.2191467285156,1197.585205078125,425.6856994628906,0.4410020112991333,bicycle,11.0869140625,3.602294921875
10,0.4,1,1204.3255615234375,246.4083251953125,1279.8170166015625,673.2344970703125,0.7567959427833557,person,17.5511474609375,23.01605224609375
10,0.4,2,731.1873779296875,325.72418212890625,850.1942138671875,399.15692138671875,0.849331259727478,car,3.6180419921875,0.27935791015625
10,0.4,3,201.0770263671875,356.5034484863281,272.925048828125,463.3226013183594,0.7241721749305725,bicycle,-13.233184814453125,3.774749755859375
10,0.4,4,3.71484375,587.566162109375,1269.6650390625,714.73291015625,0.5955199003219604,car,0.1153564453125,0.37579345703125
10,0.4,5,401.69183349609375,341.83721923828125,455.51641845703125,396.64141845703125,0.6345736384391785,bicycle,-0.8935546875,0.8173828125
10,0.4,7,533.68994140625,313.351318359375,559.888427734375,384.4754638671875,0.638054370880127,person,-0.241455078125,-0.13653564453125
10,0.4,11,1137.6431884765625,345.7530822753906,1212.2061767578125,426.9309997558594,0.522761881351471,bicycle,12.2286376953125,-1.610382080078125
11,0.44,1,1204.3255615234375,246.4083251953125,1279.8170166015625,673.2344970703125,0.7567959427833557,person,17.5511474609375,23.01605224609375
11,0.44,2,731.8683471679688,323.10418701171875,853.8811645507812,400.63470458984375,0.8537911176681519,car,2.1839599609375,-0.57110595703125
11,0.44,3,186.00787353515625,355.249755859375,261.1871337890625,468.115966796875,0.6295918822288513,bicycle,-13.403533935546875,1.76983642578125
11,0.44,4,2.912109375,587.82861328125,1269.99609375,714.78857421875,0.5641357898712158,car,-0.23583984375,0.1590576171875
11,0.44,5,396.69696044921875,341.5225830078125,456.71160888671875,398.0469970703125,0.6378948092460632,bicycle,-1.89984130859375,0.54547119140625
11,0.44,7,534.2918701171875,314.09698486328125,560.1029052734375,382.63812255859375,0.6263382434844971,person,0.408203125,-0.54583740234375
11,0.44,11,1148.986083984375,348.7042541503906,1224.685791015625,429.7391052246094,0.35281795263290405,motorcycle,11.9112548828125,2.879638671875
11,0.44,15,1149.7613525390625,349.1705322265625,1225.1673583984375,430.1727294921875,0.3247416913509369,bicycle,0.0,0.0
12,0.48,1,1204.3255615234375,246.4083251953125,1279.8170166015625,673.2344970703125,0.7567959427833557,person,17.5511474609375,23.01605224609375
12,0.48,2,732.227783203125,322.85565185546875,857.60693359375,401.79962158203125,0.8578953742980957,car,2.0426025390625,0.45819091796875
12,0.48,3,168.68215942382812,359.12005615234375,250.55612182617188,475.12054443359375,0.7415668964385986,bicycle,-13.978363037109375,5.43743896484375
12,0.48,4,2.4061279296875,588.3612670898438,1264.27001953125,715.4382934570312,0.5932917594909668,car,-3.11602783203125,0.5911865234375
12,0.48,5,394.3221435546875,341.83349609375,450.1561279296875,395.8028564453125,0.509000837802887,bicycle,-4.46514892578125,-0.96661376953125
12,0.48,7,534.8121337890625,315.0941162109375,560.4483642578125,381.732666015625,0.6125778555870056,person,0.432861328125,0.04583740234375
12,0.48,11,1161.428955078125,346.52520751953125,1237.0595703125,432.23614501953125,0.31315144896507263,motorcycle,12.4083251953125,0.15899658203125
12,0.48,15,1161.233154296875,349.23455810546875,1237.34375,433.51318359375,0.4524630010128021,bicycle,11.8240966796875,1.702239990234375
12,0.48,16,393.8320617675781,342.02532958984375,431.7218322753906,397.34344482421875,0.4478885233402252,bicycle,0.0,0.0
13,0.52,1,1204.3255615234375,246.4083251953125,1279.8170166015625,673.2344970703125,0.7567959427833557,person,17.5511474609375,23.01605224609375
13,0.52,2,734.7711791992188,321.82012939453125,859.1838989257812,404.35137939453125,0.8797010183334351,car,2.0601806640625,0.75811767578125
13,0.52,3,152.91458129882812,358.45184326171875,237.67831420898438,480.99603271484375,0.7737312316894531,bicycle,-14.32269287109375,2.6036376953125
13,0.52,4,1.9232177734375,586.839599609375,1257.495361328125,715.1806640625,0.5892534255981445,car,-3.6287841796875,-0.8896484375
13,0.52,5,386.79052734375,339.5362548828125,447.9052734375,403.995849609375,0.6765462756156921,bicycle,-4.8912353515625,2.9478759765625
13,0.52,7,535.283447265625,314.412109375,560.036376953125,381.839599609375,0.5985091328620911,person,0.0296630859375,-0.28753662109375
13,0.52,11,1170.36181640625,344.972412109375,1251.21435546875,434.3323974609375,0.4642573595046997,bicycle,11.5438232421875,0.271728515625
14,0.56,1,1204.3255615234375,246.4083251953125,1279.8170166015625,673.2344970703125,0.7567959427833557,person,17.5511474609375,23.01605224609375
14,0.56,2,736.782470703125,322.315185546875,864.16748046875,405.33544921875,0.8616052865982056,car,3.4974365234375,0.73956298828125
14,0.56,3,134.65321350097656,353.73541259765625,225.2820587158203,487.40338134765625,0.7545551657676697,bicycle,-15.328811645507812,0.845458984375
14,0.56,4,2.0255126953125,586.5120239257812,1245.9874267578125,715.0676879882812,0.6199657320976257,car,-5.70281982421875,-0.22027587890625
14,0.56,5,382.8409729003906,340.5732421875,443.7770690917969,403.02783203125,0.6530343294143677,bicycle,-4.03887939453125,0.03448486328125
14,0.56,7,535.605712890625,313.3629150390625,559.537109375,380.9783935546875,0.5631014108657837,person,-0.0885009765625,-0.9552001953125
14,0.56,11,1184.9281005859375,347.508056640625,1265.2437744140625,437.24072265625,0.6569252014160156,bicycle,14.2978515625,2.72198486328125
15,0.6,1,1204.3255615234375,246.4083251953125,1279.8170166015625,673.2344970703125,0.7567959427833557,person,17.5511474609375,23.01605224609375
15,0.6,2,739.3762817382812,322.84027099609375,867.4732055664062,408.03204345703125,0.8572797179222107,car,2.94976806640625,1.61083984375
15,0.6,3,117.43309783935547,353.4901123046875,209.1749267578125,494.48504638671875,0.8211105465888977,bicycle,-16.663623809814453,3.418182373046875
15,0.6,4,3.30517578125,587.03125,1257.25146484375,715.451171875,0.5718961954116821,car,6.2718505859375,0.45135498046875
15,0.6,5,378.0462646484375,340.2723693847656,444.3681640625,406.7503967285156,0.534844696521759,bicycle,-2.101806640625,1.710845947265625
15,0.6,7,535.782958984375,312.9583740234375,559.22119140625,381.1324462890625,0.5274671316146851,person,-0.0693359375,-0.125244140625
15,0.6,11,1192.760986328125,342.783203125,1279.669677734375,441.9571533203125,0.5596085786819458,bicycle,11.12939453125,-0.00421142578125
16,0.64,1,1204.3255615234375,246.4083251953125,1279.8170166015625,673.2344970703125,0.7567959427833557,person,17.5511474609375,23.01605224609375
16,0.64,2,740.7271728515625,323.90582275390625,871.1693115234375,409.3587646484375,0.87977534532547,car,2.52349853515625,1.196136474609375
16,0.64,3,94.40602111816406,352.361328125,194.9447479248047,502.34637451171875,0.8563693761825562,bicycle,-18.62862777709961,3.36627197265625
16,0.64,4,3.14892578125,585.16015625,1267.31396484375,715.35693359375,0.4516070783138275,car,4.953125,-0.982666015625
16,0.64,5,371.8341064453125,342.3240966796875,440.2838134765625,407.1307373046875,0.4680720269680023,bicycle,-5.14825439453125,1.216033935546875
16,0.64,7,534.52490234375,313.1766357421875,559.102294921875,381.3050537109375,0.5762520432472229,person,-0.6884765625,0.1954345703125
16,0.64,11,1208.03369140625,347.6079406738281,1279.4970703125,441.5657043457031,0.574025571346283,bicycle,7.550048828125,2.216644287109375
17,0.68,1,1204.3255615234375,246.4083251953125,1279.8170166015625,673.2344970703125,0.7567959427833557,person,17.5511474609375,23.01605224609375
17,0.68,2,741.85693359375,322.35491943359375,877.951904296875,410.54168701171875,0.9005958437919617,car,3.9561767578125,-0.183990478515625
17,0.68,3,72.52690124511719,353.15814208984375,177.8629150390625,507.5340576171875,0.8617950677871704,bicycle,-19.48047637939453,2.99224853515625
17,0.68,4,3.398193359375,582.63671875,1276.197509765625,715.922607421875,0.452477365732193,car,4.56640625,-0.9788818359375
17,0.68,5,366.43017578125,338.23309326171875,435.2333984375,407.4637451171875,0.5553171634674072,bicycle,-5.2271728515625,-1.878997802734375
17,0.68,7,534.109375,313.21063232421875,558.998779296875,382.00506591796875,0.5518710613250732,person,-0.259521484375,0.36700439453125
17,0.68,11,1221.21533203125,346.725341796875,1279.673828125,433.525146484375,0.48651960492134094,bicycle,6.67919921875,-4.461578369140625
18,0.72,1,1204.3255615234375,246.4083251953125,1279.8170166015625,673.2344970703125,0.7567959427833557,person,17.5511474609375,23.01605224609375
18,0.72,2,743.099365234375,321.05767822265625,883.1025390625,412.90545654296875,0.9008445143699646,car,3.196533203125,0.53326416015625
18,0.72,3,48.33695983886719,353.893310546875,161.46279907226562,516.7523193359375,0.8212329745292664,bicycle,-20.295028686523438,4.976715087890625
18,0.72,4,5.03466796875,586.0401611328125,1274.65478515625,715.4893798828125,0.5128365159034729,car,0.046875,1.485107421875
18,0.72,5,363.46893310546875,335.23736572265625,435.82354736328125,406.61273193359375,0.47922301292419434,bicycle,-1.185546875,-1.923370361328125
18,0.72,7,533.7445068359375,312.6669921875,558.78515625,382.40802001953125,0.6176419854164124,person,-0.28924560546875,-0.070343017578125
18,0.72,11,1236.147705078125,345.52813720703125,1279.577392578125,435.9029541015625,0.5967076420783997,bicycle,7.41796875,0.590301513671875
18,0.72,17,361.01763916015625,342.02642822265625,411.39532470703125,406.66796875,0.31683218479156494,bicycle,0.0,0.0
19,0.76,1,1204.3255615234375,246.4083251953125,1279.8170166015625,673.2344970703125,0.7567959427833557,person,17.5511474609375,23.01605224609375
19,0.76,2,745.6112670898438,321.139892578125,886.9635620117188,413.9403076171875,0.8814465403556824,car,3.18646240234375,0.55853271484375
19,0.76,3,25.91766357421875,352.83197021484375,143.91009521484375,524.1978759765625,0.8741570711135864,bicycle,-19.986000061035156,3.192108154296875
19,0.76,4,4.7777099609375,586.6170043945312,1274.263916015625,715.6792602539062,0.43495625257492065,car,-0.32391357421875,0.38336181640625
19,0.76,5,356.307861328125,342.31781005859375,429.160400390625,410.02838134765625,0.5971053838729858,bicycle,-6.912109375,5.248046875
19,0.76,7,533.584228515625,311.18414306640625,558.44287109375,382.17095947265625,0.6125512719154358,person,-0.25128173828125,-0.859954833984375
19,0.76,11,1236.147705078125,345.52813720703125,1279.577392578125,435.9029541015625,0.5967076420783997,bicycle,7.41796875,0.590301513671875
20,0.8,1,1204.3255615234375,246.4083251953125,1279.8170166015625,673.2344970703125,0.7567959427833557,person,17.5511474609375,23.01605224609375
20,0.8,2,747.5823974609375,318.79461669921875,892.0733642578125,414.9671630859375,0.8741618990898132,car,3.54046630859375,-0.659210205078125
20,0.8,3,2.4250030517578125,355.13555908203125,124.62318420410156,528.3173217773438,0.7786910533905029,bicycle,-21.389785766601562,3.211517333984375
20,0.8,4,4.67919921875,586.9230346679688,1273.63525390625,715.4915161132812,0.5029279589653015,car,-0.36358642578125,0.05914306640625
20,0.8,5,352.30609130859375,341.6053466796875,416.076416015625,410.63037109375,0.5044533014297485,bicycle,-8.542877197265625,-0.05523681640625
20,0.8,7,532.9622802734375,310.74774169921875,557.8023681640625,381.3634033203125,0.612254798412323,person,-0.6312255859375,-0.621978759765625
20,0.8,11,1236.147705078125,345.52813720703125,1279.577392578125,435.9029541015625,0.5967076420783997,bicycle,7.41796875,0.590301513671875
21,0.84,1,1204.3255615234375,246.4083251953125,1279.8170166015625,673.2344970703125,0.7567959427833557,person,17.5511474609375,23.01605224609375
21,0.84,2,752.112060546875,318.98736572265625,897.4132080078125,417.59954833984375,0.8670235276222229,car,4.93475341796875,1.412567138671875
21,0.84,3,0.237823486328125,357.861572265625,104.50820922851562,536.426513671875,0.8503186106681824,bicycle,-11.151077270507812,5.4176025390625
21,0.84,4,5.557373046875,585.2677001953125,1274.823486328125,715.0552978515625,0.4813767075538635,car,1.033203125,-1.0457763671875
21,0.84,5,346.0438232421875,340.08380126953125,413.934814453125,410.80157470703125,0.505340039730072,bicycle,-4.201934814453125,-0.6751708984375
21,0.84,7,532.61376953125,307.64825439453125,558.4293212890625,381.20697021484375,0.6053946018218994,person,0.13922119140625,-1.627960205078125
21,0.84,11,1236.147705078125,345.52813720703125,1279.577392578125,435.9029541015625,0.5967076420783997,bicycle,7.41796875,0.590301513671875
21,0.84,17,357.9481201171875,337.90130615234375,418.98876953125,405.76068115234375,0.30685168504714966,bicycle,0.7539876302083334,-0.8387349446614584
21,0.84,18,344.75787353515625,342.38812255859375,395.63360595703125,410.79669189453125,0.4023195803165436,bicycle,0.0,0.0
22,0.88,1,1204.3255615234375,246.4083251953125,1279.8170166015625,673.2344970703125,0.7567959427833557,person,17.5511474609375,23.01605224609375
22,0.88,2,753.9365844726562,319.02862548828125,903.0176391601562,419.44525146484375,0.8707466721534729,car,3.7144775390625,0.9434814453125
22,0.88,3,0.206512451171875,357.58056640625,81.40892791748047,515.4964599609375,0.8561530113220215,bicycle,-11.565296173095703,-10.60552978515625
22,0.88,4,4.9749755859375,585.5980224609375,1272.912841796875,715.283203125,0.4362056851387024,car,-1.24652099609375,0.27911376953125
22,0.88,5,339.51824951171875,337.50958251953125,422.96685791015625,412.71234130859375,0.5553013682365417,bicycle,1.25323486328125,-0.33172607421875
22,0.88,7,531.56591796875,307.17333984375,557.976806640625,381.826904296875,0.6096622943878174,person,-0.75018310546875,0.072509765625
22,0.88,11,1236.147705078125,345.52813720703125,1279.577392578125,435.9029541015625,0.5967076420783997,bicycle,7.41796875,0.590301513671875
22,0.88,17,356.79132080078125,338.85882568359375,425.88397216796875,400.97015380859375,0.328068345785141,bicycle,2.86920166015625,-1.91650390625
22,0.88,18,338.0316162109375,344.916015625,405.11962890625,413.198974609375,0.5036990642547607,bicycle,1.3798828125,2.465087890625
23,0.92,1,1204.3255615234375,246.4083251953125,1279.8170166015625,673.2344970703125,0.7567959427833557,person,17.5511474609375,23.01605224609375
23,0.92,2,756.0524291992188,317.87939453125,908.4782104492188,421.56689453125,0.9053609371185303,car,3.7882080078125,0.4862060546875
23,0.92,3,0.207550048828125,359.73004150390625,59.051979064941406,522.4559326171875,0.8115256428718567,bicycle,-11.177955627441406,4.554473876953125
23,0.92,4,3.269775390625,581.765869140625,1270.908203125,714.802734375,0.39789533615112305,car,-1.85491943359375,-2.15631103515625
23,0.92,5,339.51824951171875,337.50958251953125,422.96685791015625,412.71234130859375,0.5553013682365417,bicycle,1.25323486328125,-0.33172607421875
23,0.92,7,531.3072509765625,304.708740234375,558.626953125,381.15667724609375,0.5969517827033997,person,0.19573974609375,-1.567413330078125
23,0.92,11,1236.147705078125,345.52813720703125,1279.577392578125,435.9029541015625,0.5967076420783997,bicycle,7.41796875,0.590301513671875
23,0.92,17,356.79132080078125,338.85882568359375,425.88397216796875,400.97015380859375,0.328068345785141,bicycle,2.86920166015625,-1.91650390625
23,0.92,18,330.69268798828125,342.01220703125,405.09881591796875,417.144287109375,0.6019733548164368,bicycle,-3.67987060546875,0.520751953125
24,0.96,1,1204.3255615234375,246.4083251953125,1279.8170166015625,673.2344970703125,0.7567959427833557,person,17.5511474609375,23.01605224609375
24,0.96,2,758.953369140625,318.52252197265625,914.206787109375,424.02667236328125,0.8905091881752014,car,4.31475830078125,1.55145263671875
24,0.96,3,0.0826568603515625,359.70208740234375,35.34855651855469,531.4725952148438,0.3085855543613434,motorcycle,-11.91415786743164,4.494354248046875
24,0.96,4,2.3853759765625,584.078857421875,1272.79833984375,714.0919189453125,0.3255837857723236,car,0.50286865234375,0.80108642578125
24,0.96,5,324.03253173828125,344.18646240234375,376.10980224609375,417.90936279296875,0.4917786717414856,bicycle,-15.585693359375,2.968475341796875
24,0.96,7,531.3458251953125,310.15594482421875,556.5474853515625,380.26776123046875,0.5620760321617126,person,-1.02044677734375,2.279144287109375
24,0.96,11,1236.147705078125,345.52813720703125,1279.577392578125,435.9029541015625,0.5967076420783997,bicycle,7.41796875,0.590301513671875
24,0.96,17,373.67108154296875,339.10089111328125,416.33721923828125,399.584228515625,0.3270004391670227,bicycle,1.833251953125,-0.2859649658203125
24,0.96,18,324.67218017578125,340.9619140625,407.66546630859375,418.55322265625,0.5248832106590271,bicycle,-1.7269287109375,0.1793212890625
24,0.96,19,578.897216796875,326.2691955566406,612.415771484375,347.6326599121094,0.3116624653339386,car,0.0,0.0
25,1.0,1,1204.3255615234375,246.4083251953125,1279.8170166015625,673.2344970703125,0.7567959427833557,person,17.5511474609375,23.01605224609375
25,1.0,2,761.4412231445312,318.79986572265625,920.5798950195312,425.39508056640625,0.889438271522522,car,4.43048095703125,0.8228759765625
25,1.0,3,0.0826568603515625,359.70208740234375,35.34855651855469,531.4725952148438,0.3085855543613434,motorcycle,-11.91415786743164,4.494354248046875
25,1.0,4,2.7919921875,585.7039794921875,1272.055908203125,713.805419921875,0.34032735228538513,car,-0.16790771484375,0.6693115234375
25,1.0,5,317.02911376953125,345.43865966796875,374.07647705078125,419.1669921875,0.5067200660705566,bicycle,-4.51837158203125,1.254913330078125
25,1.0,7,530.549560546875,310.20867919921875,556.567138671875,380.61846923828125,0.5846157670021057,person,-0.3883056640625,0.20172119140625
25,1.0,11,1236.147705078125,345.52813720703125,1279.577392578125,435.9029541015625,0.5967076420783997,bicycle,7.41796875,0.590301513671875
25,1.0,17,373.67108154296875,339.10089111328125,416.33721923828125,399.584228515625,0.3270004391670227,bicycle,1.833251953125,-0.2859649658203125
25,1.0,18,316.6721496582031,343.8142395019531,398.5196838378906,420.6409606933594,0.4067145884037018,bicycle,-8.572906494140625,2.47003173828125
26,1.04,1,1204.3255615234375,246.4083251953125,1279.8170166015625,673.2344970703125,0.7567959427833557,person,17.5511474609375,23.01605224609375
26,1.04,2,762.839111328125,318.94610595703125,927.339111328125,429.49542236328125,0.9126700758934021,car,4.07855224609375,2.123291015625
26,1.04,3,0.0826568603515625,359.70208740234375,35.34855651855469,531.4725952148438,0.3085855543613434,motorcycle,-11.91415786743164,4.494354248046875
26,1.04,4,2.82958984375,586.1790771484375,1270.9127197265625,714.5830078125,0.4037492573261261,car,-0.55279541015625,0.6263427734375
26,1.04,5,309.20977783203125,345.71826171875,371.54840087890625,422.8360595703125,0.5451406240463257,bicycle,-5.1737060546875,1.974334716796875
26,1.04,7,529.435302734375,311.64251708984375,555.918701171875,381.014892578125,0.5852637887001038,person,-0.88134765625,0.915130615234375
26,1.04,11,1236.147705078125,345.52813720703125,1279.577392578125,435.9029541015625,0.5967076420783997,bicycle,7.41796875,0.590301513671875
26,1.04,17,373.67108154296875,339.10089111328125,416.33721923828125,399.584228515625,0.3270004391670227,bicycle,1.833251953125,-0.2859649658203125
26,1.04,18,309.214111328125,343.2310791015625,397.8314208984375,422.9490966796875,0.48300307989120483,bicycle,-4.073150634765625,0.86248779296875
26,1.04,19,578.02392578125,326.59844970703125,612.715087890625,347.8192138671875,0.3261387348175049,car,-0.14349365234375,0.1289520263671875
27,1.08,1,1204.3255615234375,246.4083251953125,1279.8170166015625,673.2344970703125,0.7567959427833557,person,17.5511474609375,23.01605224609375
27,1.08,2,765.2808837890625,320.148193359375,933.0450439453125,433.33636474609375,0.9093608260154724,car,4.0738525390625,2.521514892578125
27,1.08,3,0.0826568603515625,359.70208740234375,35.34855651855469,531.4725952148438,0.3085855543613434,motorcycle,-11.91415786743164,4.494354248046875
27,1.08,4,2.1920166015625,583.708740234375,1268.9132080078125,714.420166015625,0.3957865834236145,car,-1.31854248046875,-1.31658935546875
27,1.08,5,299.31024169921875,347.78570556640625,352.23077392578125,428.16619873046875,0.4917576313018799,bicycle,-14.60858154296875,3.69879150390625
27,1.08,7,528.9769287109375,312.9480285644531,554.8465576171875,381.5453186035156,0.5623996257781982,person,-0.7652587890625,0.91796875
27,1.08,11,1236.147705078125,345.52813720703125,1279.577392578125,435.9029541015625,0.5967076420783997,bicycle,7.41796875,0.590301513671875
27,1.08,17,373.67108154296875,339.10089111328125,416.33721923828125,399.584228515625,0.3270004391670227,bicycle,1.833251953125,-0.2859649658203125
27,1.08,18,301.3096923828125,342.0135192871094,401.9053955078125,427.4073791503906,0.5960069894790649,bicycle,-1.91522216796875,1.620361328125
28,1.12,1,1204.3255615234375,246.4083251953125,1279.8170166015625,673.2344970703125,0.7567959427833557,person,17.5511474609375,23.01605224609375
28,1.12,2,768.2962646484375,321.2041015625,942.6495361328125,436.162841796875,0.8983088135719299,car,6.3099365234375,1.941192626953125
28,1.12,3,0.0826568603515625,359.70208740234375,35.34855651855469,531.4725952148438,0.3085855543613434,motorcycle,-11.91415786743164,4.494354248046875
28,1.12,4,2.3419189453125,582.6795654296875,1269.6485595703125,714.0714111328125,0.4027009606361389,car,0.442626953125,-0.68896484375
28,1.12,5,291.6947021484375,349.66925048828125,344.89794921875,427.96783447265625,0.5623483061790466,bicycle,-7.47418212890625,0.84259033203125
28,1.12,7,528.3357543945312,314.2894287109375,554.3845825195312,382.3905029296875,0.5016260743141174,person,-0.55157470703125,1.093292236328125
28,1.12,11,1236.147705078125,345.52813720703125,1279.577392578125,435.9029541015625,0.5967076420783997,bicycle,7.41796875,0.590301513671875
28,1.12,17,374.40179443359375,342.51995849609375,401.31427001953125,406.95428466796875,0.31708717346191406,bicycle,-1.786529541015625,1.3486404418945312
28,1.12,18,291.0692138671875,348.1126708984375,377.857666015625,429.07666015625,0.40960073471069336,bicycle,-17.14410400390625,3.88421630859375
28,1.12,20,355.4141845703125,342.47308349609375,401.57440185546875,414.41839599609375,0.3706333339214325,bicycle,0.0,0.0
29,1.16,1,1204.3255615234375,246.4083251953125,1279.8170166015625,673.2344970703125,0.7567959427833557,person,17.5511474609375,23.01605224609375
29,1.16,2,771.89013671875,321.37109375,950.9373779296875,439.56195068359375,0.8873021006584167,car,5.94085693359375,1.783050537109375
29,1.16,3,0.0826568603515625,359.70208740234375,35.34855651855469,531.4725952148438,0.3085855543613434,motorcycle,-11.91415786743164,4.494354248046875
29,1.16,4,2.8896484375,583.4141845703125,1269.622314453125,714.4737548828125,0.43674179911613464,car,0.2607421875,0.5684814453125
29,1.16,5,283.3300476074219,347.9055480957031,341.5025939941406,432.1109924316406,0.5221734642982483,bicycle,-5.8800048828125,1.189727783203125
29,1.16,7,528.4703369140625,319.11553955078125,553.7425537109375,383.05194091796875,0.5374071002006531,person,-0.25372314453125,2.7437744140625
29,1.16,11,1236.147705078125,345.52813720703125,1279.577392578125,435.9029541015625,0.5967076420783997,bicycle,7.41796875,0.590301513671875
29,1.16,17,374.40179443359375,342.51995849609375,401.31427001953125,406.95428466796875,0.31708717346191406,bicycle,-1.786529541015625,1.3486404418945312
29,1.16,18,282.3581237792969,350.14385986328125,368.7306823730469,433.47161865234375,0.4820912778377533,bicycle,-8.919036865234375,3.21307373046875
30,1.2,1,1204.3255615234375,246.4083251953125,1279.8170166015625,673.2344970703125,0.7567959427833557,person,17.5511474609375,23.01605224609375
30,1.2,2,775.32177734375,322.74755859375,959.241943359375,443.83404541015625,0.879031777381897,car,5.86810302734375,2.82427978515625
30,1.2,3,0.0826568603515625,359.70208740234375,35.34855651855469,531.4725952148438,0.3085855543613434,motorcycle,-11.91415786743164,4.494354248046875
30,1.2,4,3.10546875,584.4767456054688,1270.364013671875,714.6058959960938,0.5206177234649658,car,0.478759765625,0.59735107421875
30,1.2,5,272.7628479003906,351.0960693359375,331.0339050292969,434.046875,0.5100107789039612,bicycle,-10.5179443359375,2.563201904296875
30,1.2,7,528.4788818359375,319.28924560546875,553.4776611328125,382.37066650390625,0.5367996096611023,person,-0.128173828125,-0.2537841796875
30,1.2,11,1236.147705078125,345.52813720703125,1279.577392578125,435.9029541015625,0.5967076420783997,bicycle,7.41796875,0.590301513671875
30,1.2,17,374.40179443359375,342.51995849609375,401.31427001953125,406.95428466796875,0.31708717346191406,bicycle,-1.786529541015625,1.3486404418945312
30,1.2,18,274.2196044921875,342.2919006347656,389.0570068359375,435.3555603027344,0.3416332006454468,bicycle,6.093902587890625,-2.9840087890625
30,1.2,21,484.8687744140625,315.3398132324219,505.7169189453125,354.1907043457031,0.3844188451766968,person,0.0,0.0
30,1.2,22,701.26171875,323.9939880371094,723.46337890625,347.1195983886719,0.31637004017829895,car,0.0,0.0
30,1.2,23,707.9202880859375,323.42694091796875,736.4073486328125,345.63775634765625,0.3149968683719635,car,0.0,0.0
31,1.24,1,1204.3255615234375,246.4083251953125,1279.8170166015625,673.2344970703125,0.7567959427833557,person,17.5511474609375,23.01605224609375
31,1.24,2,777.3924560546875,323.42803955078125,968.5550537109375,447.89996337890625,0.8917698860168457,car,5.69189453125,2.373199462890625
31,1.24,3,0.0826568603515625,359.70208740234375,35.34855651855469,531.4725952148438,0.3085855543613434,motorcycle,-11.91415786743164,4.494354248046875
31,1.24,4,3.0657958984375,580.733154296875,1269.321533203125,714.649169921875,0.5074939131736755,car,-0.54107666015625,-1.85015869140625
31,1.24,5,263.69598388671875,349.9215087890625,322.8321533203125,437.35498046875,0.5710334777832031,bicycle,-8.634307861328125,1.0667724609375
31,1.24,7,528.6904907226562,314.28729248046875,553.7650756835938,382.72711181640625,0.5159132480621338,person,0.24951171875,-2.32275390625
31,1.24,11,1236.147705078125,345.52813720703125,1279.577392578125,435.9029541015625,0.5967076420783997,bicycle,7.41796875,0.590301513671875
31,1.24,17,374.40179443359375,342.51995849609375,401.31427001953125,406.95428466796875,0.31708717346191406,bicycle,-1.786529541015625,1.3486404418945312
31,1.24,18,262.2637939453125,342.0440673828125,385.53564453125,437.7061767578125,0.3949612081050873,bicycle,-7.73858642578125,1.0513916015625
31,1.24,21,485.0833740234375,315.5474853515625,505.807373046875,353.826416015625,0.3483130931854248,person,0.15252685546875,-0.07830810546875
31,1.24,22,701.5376586914062,324.04449462890625,722.1881713867188,347.86236572265625,0.33139342069625854,car,-0.4996337890625,0.396636962890625
31,1.24,23,707.9879150390625,323.57666015625,736.34326171875,346.38037109375,0.3333689272403717,car,0.00177001953125,0.4461669921875
31,1.24,24,262.2541198730469,348.85528564453125,348.7917785644531,437.38702392578125,0.3310166001319885,bicycle,0.0,0.0
32,1.28,1,1204.3255615234375,246.4083251953125,1279.8170166015625,673.2344970703125,0.7567959427833557,person,17.5511474609375,23.01605224609375
32,1.28,2,779.5885620117188,323.63916015625,978.5429077148438,452.5723876953125,0.8939363956451416,car,6.09197998046875,2.4417724609375
32,1.28,3,0.0826568603515625,359.70208740234375,35.34855651855469,531.4725952148438,0.3085855543613434,motorcycle,-11.91415786743164,4.494354248046875
32,1.28,4,2.888916015625,574.0950927734375,1268.5126953125,714.7825927734375,0.5050957798957825,car,-0.49285888671875,-3.2523193359375
32,1.28,5,251.55419921875,351.36865234375,316.26275634765625,441.0960693359375,0.517156720161438,bicycle,-9.3555908203125,2.5941162109375
32,1.28,7,527.50048828125,311.751220703125,553.847412109375,383.3153076171875,0.5327181816101074,person,-0.5538330078125,-0.97393798828125
32,1.28,11,1236.147705078125,345.52813720703125,1279.577392578125,435.9029541015625,0.5967076420783997,bicycle,7.41796875,0.590301513671875
32,1.28,17,374.40179443359375,342.51995849609375,401.31427001953125,406.95428466796875,0.31708717346191406,bicycle,-1.786529541015625,1.3486404418945312
32,1.28,18,253.5633087158203,344.6378173828125,363.41168212890625,443.6732177734375,0.5419795513153076,bicycle,-15.412223815917969,4.2803955078125
32,1.28,21,483.96917724609375,315.47412109375,503.7586669921875,353.472900390625,0.3344956636428833,person,-1.581451416015625,-0.21343994140625
33,1.32,1,1204.3255615234375,246.4083251953125,1279.8170166015625,673.2344970703125,0.7567959427833557,person,17.5511474609375,23.01605224609375
33,1.32,2,784.6527099609375,324.48101806640625,988.4879150390625,456.4466552734375,0.892659068107605,car,7.50457763671875,2.358062744140625
33,1.32,3,0.0826568603515625,359.70208740234375,35.34855651855469,531.4725952148438,0.3085855543613434,motorcycle,-11.91415786743164,4.494354248046875
33,1.32,4,4.00439453125,580.3883056640625,1271.5911865234375,714.6624755859375,0.5005135536193848,car,2.09698486328125,3.0865478515625
33,1.32,5,241.67637634277344,352.678466796875,307.7384033203125,443.9947509765625,0.6077281832695007,bicycle,-9.201087951660156,2.104248046875
33,1.32,7,528.3451538085938,312.38348388671875,553.2738647460938,382.88885498046875,0.4427017569541931,person,0.13555908203125,0.1029052734375
33,1.32,11,1236.147705078125,345.52813720703125,1279.577392578125,435.9029541015625,0.5967076420783997,bicycle,7.41796875,0.590301513671875
33,1.32,17,374.40179443359375,342.51995849609375,401.31427001953125,406.95428466796875,0.31708717346191406,bicycle,-1.786529541015625,1.3486404418945312
33,1.32,18,242.57373046875,349.68157958984375,367.160400390625,444.79254150390625,0.37156495451927185,bicycle,-3.6204299926757812,3.08154296875
33,1.32,21,482.80657958984375,315.0953369140625,501.67645263671875,353.7728271484375,0.35554757714271545,person,-1.622406005859375,-0.0394287109375
34,1.36,1,1204.3255615234375,246.4083251953125,1279.8170166015625,673.2344970703125,0.7567959427833557,person,17.5511474609375,23.01605224609375
34,1.36,2,787.7401123046875,325.39300537109375,1001.3153076171875,461.261474609375,0.8886967897415161,car,7.9573974609375,2.8634033203125
34,1.36,3,0.0826568603515625,359.70208740234375,35.34855651855469,531.4725952148438,0.3085855543613434,motorcycle,-11.91415786743164,4.494354248046875
34,1.36,4,3.614990234375,582.9722900390625,1273.0517578125,714.8829345703125,0.47305169701576233,car,0.53558349609375,1.4022216796875
34,1.36,5,230.6641082763672,353.2559814453125,300.91094970703125,446.68017578125,0.6515003442764282,bicycle,-8.91986083984375,1.6314697265625
34,1.36,7,527.999755859375,312.6124267578125,553.11328125,382.21075439453125,0.4746159017086029,person,-0.25299072265625,-0.224578857421875
34,1.36,11,1236.147705078125,345.52813720703125,1279.577392578125,435.9029541015625,0.5967076420783997,bicycle,7.41796875,0.590301513671875
34,1.36,17,374.40179443359375,342.51995849609375,401.31427001953125,406.95428466796875,0.31708717346191406,bicycle,-1.786529541015625,1.3486404418945312
34,1.36,18,242.57373046875,349.68157958984375,367.160400390625,444.79254150390625,0.37156495451927185,bicycle,-3.6204299926757812,3.08154296875
34,1.36,21,481.628173828125,315.5023193359375,502.00616455078125,353.7987060546875,0.441784143447876,person,-0.424346923828125,0.2164306640625
34,1.36,23,709.012451171875,322.90081787109375,735.9833984375,345.02557373046875,0.3248366415500641,car,0.11077880859375,-0.33843994140625
35,1.4,1,1204.3255615234375,246.4083251953125,1279.8170166015625,673.2344970703125,0.7567959427833557,person,17.5511474609375,23.01605224609375
35,1.4,2,792.4951171875,324.501953125,1011.260986328125,466.5006103515625,0.9104530215263367,car,7.350341796875,2.174041748046875
35,1.4,3,0.0826568603515625,359.70208740234375,35.34855651855469,531.4725952148438,0.3085855543613434,motorcycle,-11.91415786743164,4.494354248046875
35,1.4,4,3.8780517578125,583.64306640625,1273.5323486328125,715.0517578125,0.47757843136787415,car,0.371826171875,0.4197998046875
35,1.4,5,217.25186157226562,352.76666259765625,291.17718505859375,450.75,0.7024453282356262,bicycle,-11.573005676269531,1.790252685546875
35,1.4,7,528.4142456054688,314.89990234375,552.7423706054688,383.343505859375,0.4759168326854706,person,0.02178955078125,1.710113525390625
35,1.4,11,1236.147705078125,345.52813720703125,1279.577392578125,435.9029541015625,0.5967076420783997,bicycle,7.41796875,0.590301513671875
35,1.4,17,374.40179443359375,342.51995849609375,401.31427001953125,406.95428466796875,0.31708717346191406,bicycle,-1.786529541015625,1.3486404418945312
35,1.4,18,218.94439697265625,346.2865295410156,340.9669189453125,453.2208557128906,0.3174581229686737,bicycle,-12.455703735351562,1.2583160400390625
35,1.4,21,480.7909240722656,315.21417236328125,501.2146911621094,352.95489501953125,0.38053348660469055,person,-0.814361572265625,-0.56597900390625
35,1.4,23,709.012451171875,322.90081787109375,735.9833984375,345.02557373046875,0.3248366415500641,car,0.11077880859375,-0.33843994140625
35,1.4,25,337.34173583984375,341.6978454589844,368.3192138671875,413.8276672363281,0.36756187677383423,bicycle,0.0,0.0
36,1.44,1,1204.3255615234375,246.4083251953125,1279.8170166015625,673.2344970703125,0.7567959427833557,person,17.5511474609375,23.01605224609375
36,1.44,2,796.9678344726562,326.740966796875,1023.6227416992188,471.143310546875,0.9111935496330261,car,8.417236328125,3.44085693359375
36,1.44,3,0.0826568603515625,359.70208740234375,35.34855651855469,531.4725952148438,0.3085855543613434,motorcycle,-11.91415786743164,4.494354248046875
36,1.44,4,3.4658203125,575.01513671875,1272.80322265625,714.8612060546875,0.47563672065734863,car,-0.5706787109375,-4.40924072265625
36,1.44,5,206.04299926757812,358.6676025390625,282.0787353515625,452.1580810546875,0.5805639624595642,bicycle,-10.153656005859375,3.654510498046875
36,1.44,7,528.2949829101562,313.56890869140625,552.7488403320312,382.9034423828125,0.5275012254714966,person,-0.056396484375,-0.885528564453125
36,1.44,11,1236.147705078125,345.52813720703125,1279.577392578125,435.9029541015625,0.5967076420783997,bicycle,7.41796875,0.590301513671875
36,1.44,17,374.40179443359375,342.51995849609375,401.31427001953125,406.95428466796875,0.31708717346191406,bicycle,-1.786529541015625,1.3486404418945312
36,1.44,18,206.71975708007812,354.03778076171875,333.0876159667969,454.5074462890625,0.49906226992607117,bicycle,-10.051971435546875,4.5189208984375
36,1.44,21,479.759521484375,314.9683837890625,500.76708984375,352.2249755859375,0.38485658168792725,person,-0.739501953125,-0.48785400390625
36,1.44,23,709.012451171875,322.90081787109375,735.9833984375,345.02557373046875,0.3248366415500641,car,0.11077880859375,-0.33843994140625
36,1.44,25,333.2940673828125,343.1793212890625,362.1395263671875,414.264892578125,0.42299652099609375,person,-5.113677978515625,0.9593505859375
37,1.48,1,1204.3255615234375,246.4083251953125,1279.8170166015625,673.2344970703125,0.7567959427833557,person,17.5511474609375,23.01605224609375
37,1.48,2,801.6121826171875,323.51141357421875,1035.3438720703125,475.6778564453125,0.8845703601837158,car,8.1827392578125,0.652496337890625
37,1.48,3,0.0826568603515625,359.70208740234375,35.34855651855469,531.4725952148438,0.3085855543613434,motorcycle,-11.91415786743164,4.494354248046875
37,1.48,4,3.024658203125,578.50537109375,1273.62109375,714.65673828125,0.39988601207733154,car,0.1883544921875,1.64288330078125
37,1.48,5,190.43093872070312,352.5264892578125,273.2378845214844,458.58154296875,0.6990758180618286,bicycle,-12.226455688476562,0.14117431640625
37,1.48,7,528.4515380859375,314.1488037109375,551.9844970703125,381.931396484375,0.4899543225765228,person,-0.30389404296875,-0.196075439453125
37,1.48,11,1236.147705078125,345.52813720703125,1279.577392578125,435.9029541015625,0.5967076420783997,bicycle,7.41796875,0.590301513671875
37,1.48,17,374.40179443359375,342.51995849609375,401.31427001953125,406.95428466796875,0.31708717346191406,bicycle,-1.786529541015625,1.3486404418945312
37,1.48,18,206.71975708007812,354.03778076171875,333.0876159667969,454.5074462890625,0.49906226992607117,bicycle,-10.051971435546875,4.5189208984375
37,1.48,21,478.91607666015625,313.8470764160156,500.37835693359375,352.5613098144531,0.3814406394958496,person,-0.6160888671875,-0.392486572265625
37,1.48,23,711.0916748046875,322.798095703125,738.2215576171875,344.17608642578125,0.30038926005363464,car,0.7195638020833334,-0.15870157877604166
38,1.52,1,1204.3255615234375,246.4083251953125,1279.8170166015625,673.2344970703125,0.7567959427833557,person,17.5511474609375,23.01605224609375
38,1.52,2,806.9560546875,321.14312744140625,1051.791259765625,478.7193603515625,0.9083971381187439,car,10.8956298828125,0.33660888671875
38,1.52,3,0.0826568603515625,359.70208740234375,35.34855651855469,531.4725952148438,0.3085855543613434,motorcycle,-11.91415786743164,4.494354248046875
38,1.52,4,3.3310546875,583.9637451171875,1273.9609375,714.8536376953125,0.44211259484291077,car,0.3231201171875,2.82763671875
38,1.52,5,178.03237915039062,356.07342529296875,262.9890441894531,462.63226318359375,0.5899942517280579,bicycle,-11.323699951171875,3.798828125
38,1.52,7,529.595703125,315.5811767578125,551.254150390625,381.5322265625,0.5782116651535034,person,0.2069091796875,0.5166015625
38,1.52,11,1236.147705078125,345.52813720703125,1279.577392578125,435.9029541015625,0.5967076420783997,bicycle,7.41796875,0.590301513671875
38,1.52,17,374.40179443359375,342.51995849609375,401.31427001953125,406.95428466796875,0.31708717346191406,bicycle,-1.786529541015625,1.3486404418945312
38,1.52,18,206.71975708007812,354.03778076171875,333.0876159667969,454.5074462890625,0.49906226992607117,bicycle,-10.051971435546875,4.5189208984375
38,1.52,21,478.3799743652344,312.9179382324219,498.7840270996094,352.9409484863281,0.38178712129592896,person,-1.065216064453125,-0.274749755859375
38,1.52,23,711.0916748046875,322.798095703125,738.2215576171875,344.17608642578125,0.30038926005363464,car,0.7195638020833334,-0.15870157877604166
38,1.52,25,315.60479736328125,347.9190979003906,351.6279296875,419.6992492675781,0.46744558215141296,bicycle,-7.0502166748046875,2.5435333251953125
38,1.52,26,956.3780517578125,173.63320922851562,1279.7318115234375,433.0762634277344,0.4390259385108948,bus,0.0,0.0
39,1.56,1,1204.3255615234375,246.4083251953125,1279.8170166015625,673.2344970703125,0.7567959427833557,person,17.5511474609375,23.01605224609375
39,1.56,2,811.5147705078125,320.171875,1064.6129150390625,484.25274658203125,0.9259196519851685,car,8.690185546875,2.28106689453125
39,1.56,3,0.0826568603515625,359.70208740234375,35.34855651855469,531.4725952148438,0.3085855543613434,motorcycle,-11.91415786743164,4.494354248046875
39,1.56,4,3.9014892578125,582.8468017578125,1275.1400146484375,715.0418701171875,0.45390287041664124,car,0.874755859375,-0.46435546875
39,1.56,5,162.57278442382812,356.5335693359375,251.32546997070312,467.3426513671875,0.7026641964912415,bicycle,-13.56158447265625,2.58526611328125
39,1.56,7,527.5543212890625,312.88226318359375,551.2933349609375,379.68829345703125,0.6280686855316162,person,-1.0010986328125,-2.27142333984375
39,1.56,11,1236.147705078125,345.52813720703125,1279.577392578125,435.9029541015625,0.5967076420783997,bicycle,7.41796875,0.590301513671875
39,1.56,17,374.40179443359375,342.51995849609375,401.31427001953125,406.95428466796875,0.31708717346191406,bicycle,-1.786529541015625,1.3486404418945312
39,1.56,18,206.71975708007812,354.03778076171875,333.0876159667969,454.5074462890625,0.49906226992607117,bicycle,-10.051971435546875,4.5189208984375
39,1.56,21,477.75537109375,312.28118896484375,498.19757080078125,353.04693603515625,0.3919607996940613,person,-0.60552978515625,-0.265380859375
39,1.56,23,711.0916748046875,322.798095703125,738.2215576171875,344.17608642578125,0.30038926005363464,car,0.7195638020833334,-0.15870157877604166
39,1.56,25,307.60565185546875,346.77490234375,346.01654052734375,421.85113525390625,0.3410845994949341,bicycle,-6.805267333984375,0.50384521484375
39,1.56,26,962.076171875,203.19680786132812,1279.703125,433.8025817871094,0.3668045699596405,bus,2.834716796875,15.14495849609375
40,1.6,1,1204.3255615234375,246.4083251953125,1279.8170166015625,673.2344970703125,0.7567959427833557,person,17.5511474609375,23.01605224609375
40,1.6,2,817.859130859375,320.7406921386719,1080.247314453125,487.7932434082031,0.9077966809272766,car,10.9893798828125,2.054656982421875
40,1.6,3,0.0826568603515625,359.70208740234375,35.34855651855469,531.4725952148438,0.3085855543613434,motorcycle,-11.91415786743164,4.494354248046875
40,1.6,4,4.613525390625,576.9693603515625,1272.460693359375,714.443603515625,0.4456178843975067,car,-0.983642578125,-3.23785400390625
40,1.6,5,146.6134033203125,353.88067626953125,240.08721923828125,472.94818115234375,0.8000926375389099,bicycle,-13.59881591796875,1.476318359375
40,1.6,7,527.2394409179688,313.818359375,550.9747924804688,379.333740234375,0.6076222658157349,person,-0.31671142578125,0.290771484375
40,1.6,11,1236.147705078125,345.52813720703125,1279.577392578125,435.9029541015625,0.5967076420783997,bicycle,7.41796875,0.590301513671875
40,1.6,17,374.40179443359375,342.51995849609375,401.31427001953125,406.95428466796875,0.31708717346191406,bicycle,-1.786529541015625,1.3486404418945312
40,1.6,18,206.71975708007812,354.03778076171875,333.0876159667969,454.5074462890625,0.49906226992607117,bicycle,-10.051971435546875,4.5189208984375
40,1.6,21,476.8795471191406,311.81585693359375,497.3693542480469,352.8734130859375,0.36237552762031555,person,-0.852020263671875,-0.319427490234375
40,1.6,23,711.0916748046875,322.798095703125,738.2215576171875,344.17608642578125,0.30038926005363464,car,0.7195638020833334,-0.15870157877604166
40,1.6,24,265.5753479003906,347.37274169921875,338.2822570800781,449.75177001953125,0.39968234300613403,bicycle,-0.3993496365017361,0.6045667860243056
40,1.6,25,267.4288330078125,349.2047119140625,338.6358642578125,422.750244140625,0.44965922832489014,bicycle,-23.77874755859375,1.664459228515625
41,1.64,1,1204.3255615234375,246.4083251953125,1279.8170166015625,673.2344970703125,0.7567959427833557,person,17.5511474609375,23.01605224609375
41,1.64,2,823.6851806640625,320.3079833984375,1095.5523681640625,493.1641845703125,0.9109112620353699,car,10.5655517578125,2.4691162109375
41,1.64,3,0.0826568603515625,359.70208740234375,35.34855651855469,531.4725952148438,0.3085855543613434,motorcycle,-11.91415786743164,4.494354248046875
41,1.64,4,5.474365234375,573.7532958984375,1269.6337890625,714.8809814453125,0.5000970363616943,car,-0.9830322265625,-1.38934326171875
41,1.64,5,128.83029174804688,357.59503173828125,230.40103149414062,478.03546142578125,0.6855354905128479,bicycle,-13.734649658203125,4.40081787109375
41,1.64,7,526.689453125,315.28192138671875,550.6748046875,378.99517822265625,0.615738034248352,person,-0.42498779296875,0.5625
41,1.64,11,1236.147705078125,345.52813720703125,1279.577392578125,435.9029541015625,0.5967076420783997,bicycle,7.41796875,0.590301513671875
41,1.64,17,374.40179443359375,342.51995849609375,401.31427001953125,406.95428466796875,0.31708717346191406,bicycle,-1.786529541015625,1.3486404418945312
41,1.64,18,206.71975708007812,354.03778076171875,333.0876159667969,454.5074462890625,0.49906226992607117,bicycle,-10.051971435546875,4.5189208984375
41,1.64,19,574.2529296875,329.4256286621094,609.78125,349.8993225097656,0.33005356788635254,car,-0.22349446614583332,0.16357625325520833
41,1.64,21,476.2672119140625,311.73590087890625,496.0816650390625,352.9071044921875,0.3925098478794098,person,-0.95001220703125,-0.02313232421875
41,1.64,23,711.0916748046875,322.798095703125,738.2215576171875,344.17608642578125,0.30038926005363464,car,0.7195638020833334,-0.15870157877604166
41,1.64,24,253.41217041015625,343.85040283203125,333.50994873046875,465.058837890625,0.3209724724292755,bicycle,-8.467742919921875,5.892364501953125
41,1.64,25,257.2859802246094,345.3218078613281,333.2878723144531,426.5444030761719,0.32933223247528076,bicycle,-7.74542236328125,-0.04437255859375
42,1.68,1,1204.3255615234375,246.4083251953125,1279.8170166015625,673.2344970703125,0.7567959427833557,person,17.5511474609375,23.01605224609375
42,1.68,2,827.5257568359375,319.67291259765625,1113.72998046875,501.5360107421875,0.9025141000747681,car,11.00909423828125,3.868377685546875
42,1.68,3,0.0826568603515625,359.70208740234375,35.34855651855469,531.4725952148438,0.3085855543613434,motorcycle,-11.91415786743164,4.494354248046875
42,1.68,4,4.240234375,572.0228271484375,1269.550537109375,714.72509765625,0.4790104925632477,car,-0.65869140625,-0.94317626953125
42,1.68,5,111.72126007080078,356.25537109375,215.33526611328125,482.6104736328125,0.749574601650238,bicycle,-16.087398529052734,1.61767578125
42,1.68,7,527.2174072265625,317.31060791015625,549.9427490234375,380.55316162109375,0.5850719809532166,person,-0.10205078125,1.7933349609375
42,1.68,11,1236.147705078125,345.52813720703125,1279.577392578125,435.9029541015625,0.5967076420783997,bicycle,7.41796875,0.590301513671875
42,1.68,17,374.40179443359375,342.51995849609375,401.31427001953125,406.95428466796875,0.31708717346191406,bicycle,-1.786529541015625,1.3486404418945312
42,1.68,18,206.71975708007812,354.03778076171875,333.0876159667969,454.5074462890625,0.49906226992607117,bicycle,-10.051971435546875,4.5189208984375
42,1.68,19,573.5888671875,328.60247802734375,610.0615234375,350.0343017578125,0.31884676218032837,car,-0.19189453125,-0.344085693359375
42,1.68,21,475.45843505859375,310.7529602050781,494.82012939453125,353.3982238769531,0.35885411500930786,person,-1.03515625,-0.24591064453125
42,1.68,23,711.0916748046875,322.798095703125,738.2215576171875,344.17608642578125,0.30038926005363464,car,0.7195638020833334,-0.15870157877604166
42,1.68,24,238.92555236816406,347.38055419921875,325.9339599609375,472.62457275390625,0.4925004243850708,bicycle,-11.031303405761719,5.547943115234375
42,1.68,25,245.6133270263672,348.7855224609375,324.04852294921875,427.4278564453125,0.35902872681617737,bicycle,-10.456001281738281,2.173583984375
42,1.68,26,987.1627197265625,190.26121520996094,1279.7520751953125,431.6744384765625,0.4286000430583954,bus,4.189249674479167,-2.5106226603190103
43,1.72,1,1204.3255615234375,246.4083251953125,1279.8170166015625,673.2344970703125,0.7567959427833557,person,17.5511474609375,23.01605224609375
43,1.72,2,833.51806640625,318.21966552734375,1131.97119140625,509.556640625,0.9124677777290344,car,12.11676025390625,3.28369140625
43,1.72,3,0.0826568603515625,359.70208740234375,35.34855651855469,531.4725952148438,0.3085855543613434,motorcycle,-11.91415786743164,4.494354248046875
43,1.72,4,4.5003662109375,583.16357421875,1274.7791748046875,715.137939453125,0.48705247044563293,car,2.744384765625,5.77679443359375
43,1.72,5,91.14720153808594,360.0677490234375,204.12721252441406,488.4769287109375,0.7331920862197876,bicycle,-15.891056060791016,4.83941650390625
43,1.72,7,527.135986328125,316.525390625,549.06591796875,379.08642578125,0.5539635419845581,person,-0.4791259765625,-1.1259765625
43,1.72,11,1236.147705078125,345.52813720703125,1279.577392578125,435.9029541015625,0.5967076420783997,bicycle,7.41796875,0.590301513671875
43,1.72,17,374.40179443359375,342.51995849609375,401.31427001953125,406.95428466796875,0.31708717346191406,bicycle,-1.786529541015625,1.3486404418945312
43,1.72,18,206.71975708007812,354.03778076171875,333.0876159667969,454.5074462890625,0.49906226992607117,bicycle,-10.051971435546875,4.5189208984375
43,1.72,19,573.5888671875,328.60247802734375,610.0615234375,350.0343017578125,0.31884676218032837,car,-0.19189453125,-0.344085693359375
43,1.72,21,474.3860168457031,309.0048522949219,494.3273010253906,353.7293395996094,0.3241247534751892,person,-0.782623291015625,-0.70849609375
43,1.72,23,711.0916748046875,322.798095703125,738.2215576171875,344.17608642578125,0.30038926005363464,car,0.7195638020833334,-0.15870157877604166
43,1.72,24,238.92555236816406,347.38055419921875,325.9339599609375,472.62457275390625,0.4925004243850708,bicycle,-11.031303405761719,5.547943115234375
43,1.72,25,232.67840576171875,346.88623046875,319.66192626953125,431.34539794921875,0.519256591796875,bicycle,-8.660758972167969,1.009124755859375
43,1.72,26,987.1627197265625,190.26121520996094,1279.7520751953125,431.6744384765625,0.4286000430583954,bus,4.189249674479167,-2.5106226603190103
44,1.76,1,1204.3255615234375,246.4083251953125,1279.8170166015625,673.2344970703125,0.7567959427833557,person,17.5511474609375,23.01605224609375
44,1.76,2,839.7303466796875,318.52789306640625,1151.41845703125,517.3138427734375,0.9210958480834961,car,12.82977294921875,4.03271484375
44,1.76,3,0.0826568603515625,359.70208740234375,35.34855651855469,531.4725952148438,0.3085855543613434,motorcycle,-11.91415786743164,4.494354248046875
44,1.76,4,4.372314453125,582.7236328125,1271.97119140625,715.19873046875,0.5310347676277161,car,-1.468017578125,-0.1895751953125
44,1.76,5,71.30859375,360.16595458984375,188.2584228515625,494.60833740234375,0.7573210000991821,bicycle,-17.85369873046875,3.11480712890625
44,1.76,7,527.12744140625,316.804443359375,548.67626953125,377.79229736328125,0.5116961598396301,person,-0.1990966796875,-0.507537841796875
44,1.76,11,1236.147705078125,345.52813720703125,1279.577392578125,435.9029541015625,0.5967076420783997,bicycle,7.41796875,0.590301513671875
44,1.76,17,374.40179443359375,342.51995849609375,401.31427001953125,406.95428466796875,0.31708717346191406,bicycle,-1.786529541015625,1.3486404418945312
44,1.76,18,206.71975708007812,354.03778076171875,333.0876159667969,454.5074462890625,0.49906226992607117,bicycle,-10.051971435546875,4.5189208984375
44,1.76,19,573.5888671875,328.60247802734375,610.0615234375,350.0343017578125,0.31884676218032837,car,-0.19189453125,-0.344085693359375
44,1.76,21,474.3860168457031,309.0048522949219,494.3273010253906,353.7293395996094,0.3241247534751892,person,-0.782623291015625,-0.70849609375
44,1.76,23,711.0916748046875,322.798095703125,738.2215576171875,344.17608642578125,0.30038926005363464,car,0.7195638020833334,-0.15870157877604166
44,1.76,24,238.92555236816406,347.38055419921875,325.9339599609375,472.62457275390625,0.4925004243850708,bicycle,-11.031303405761719,5.547943115234375
44,1.76,25,220.97378540039062,347.6831970214844,308.4035339355469,432.5417175292969,0.6524184346199036,bicycle,-11.48150634765625,0.99664306640625
44,1.76,26,987.1627197265625,190.26121520996094,1279.7520751953125,431.6744384765625,0.4286000430583954,bus,4.189249674479167,-2.5106226603190103
45,1.8,1,1204.3255615234375,246.4083251953125,1279.8170166015625,673.2344970703125,0.7567959427833557,person,17.5511474609375,23.01605224609375
45,1.8,2,845.41552734375,319.3277587890625,1172.3746337890625,526.4637451171875,0.9164989590644836,car,13.3206787109375,4.974884033203125
45,1.8,3,0.0826568603515625,359.70208740234375,35.34855651855469,531.4725952148438,0.3085855543613434,motorcycle,-11.91415786743164,4.494354248046875
45,1.8,4,5.5130615234375,577.7132568359375,1260.543212890625,715.2706298828125,0.6432062983512878,car,-5.14361572265625,-2.46923828125
45,1.8,5,50.01171875,361.97613525390625,173.4791259765625,499.318115234375,0.7772238850593567,bicycle,-18.0380859375,3.259979248046875
45,1.8,7,526.1634521484375,316.673583984375,547.9324951171875,375.5758056640625,0.450124055147171,person,-0.8538818359375,-1.173675537109375
45,1.8,11,1236.147705078125,345.52813720703125,1279.577392578125,435.9029541015625,0.5967076420783997,bicycle,7.41796875,0.590301513671875
45,1.8,17,374.40179443359375,342.51995849609375,401.31427001953125,406.95428466796875,0.31708717346191406,bicycle,-1.786529541015625,1.3486404418945312
45,1.8,18,206.71975708007812,354.03778076171875,333.0876159667969,454.5074462890625,0.49906226992607117,bicycle,-10.051971435546875,4.5189208984375
45,1.8,19,573.5888671875,328.60247802734375,610.0615234375,350.0343017578125,0.31884676218032837,car,-0.19189453125,-0.344085693359375
45,1.8,21,472.13134765625,309.60552978515625,491.9835205078125,353.58544921875,0.3233399987220764,person,-1.1496124267578125,0.11419677734375
45,1.8,23,711.0916748046875,322.798095703125,738.2215576171875,344.17608642578125,0.30038926005363464,car,0.7195638020833334,-0.15870157877604166
45,1.8,24,238.92555236816406,347.38055419921875,325.9339599609375,472.62457275390625,0.4925004243850708,bicycle,-11.031303405761719,5.547943115234375
45,1.8,25,213.09207153320312,352.81298828125,299.7095031738281,434.71258544921875,0.5051892399787903,bicycle,-8.287872314453125,3.65032958984375
45,1.8,26,987.1627197265625,190.26121520996094,1279.7520751953125,431.6744384765625,0.4286000430583954,bus,4.189249674479167,-2.5106226603190103
46,1.84,1,1204.3255615234375,246.4083251953125,1279.8170166015625,673.2344970703125,0.7567959427833557,person,17.5511474609375,23.01605224609375
46,1.84,2,852.552001953125,323.48406982421875,1193.7568359375,538.2268676757812,0.8934115171432495,car,14.25933837890625,7.959716796875
46,1.84,3,0.0826568603515625,359.70208740234375,35.34855651855469,531.4725952148438,0.3085855543613434,motorcycle,-11.91415786743164,4.494354248046875
46,1.84,4,4.517333984375,582.7349853515625,1253.600341796875,715.4166259765625,0.6500716805458069,car,-3.96929931640625,2.5838623046875
46,1.84,5,27.103424072265625,361.81268310546875,155.94265747070312,504.92730712890625,0.7474018335342407,bicycle,-20.222381591796875,2.722869873046875
46,1.84,7,524.5643920898438,315.401123046875,546.4439086914062,376.3917236328125,0.3896237313747406,person,-1.5438232421875,-0.228271484375
46,1.84,11,1236.147705078125,345.52813720703125,1279.577392578125,435.9029541015625,0.5967076420783997,bicycle,7.41796875,0.590301513671875
46,1.84,17,374.40179443359375,342.51995849609375,401.31427001953125,406.95428466796875,0.31708717346191406,bicycle,-1.786529541015625,1.3486404418945312
46,1.84,18,206.71975708007812,354.03778076171875,333.0876159667969,454.5074462890625,0.49906226992607117,bicycle,-10.051971435546875,4.5189208984375
46,1.84,19,571.3333740234375,328.9395751953125,607.8673095703125,350.3726806640625,0.32039040327072144,car,-0.55621337890625,0.08443450927734375
46,1.84,21,472.13134765625,309.60552978515625,491.9835205078125,353.58544921875,0.3233399987220764,person,-1.1496124267578125,0.11419677734375
46,1.84,23,711.0916748046875,322.798095703125,738.2215576171875,344.17608642578125,0.30038926005363464,car,0.7195638020833334,-0.15870157877604166
46,1.84,24,238.92555236816406,347.38055419921875,325.9339599609375,472.62457275390625,0.4925004243850708,bicycle,-11.031303405761719,5.547943115234375
46,1.84,25,209.07632446289062,353.1292724609375,289.9491882324219,437.255126953125,0.544115424156189,bicycle,-6.888031005859375,1.429412841796875
46,1.84,26,987.1627197265625,190.26121520996094,1279.7520751953125,431.6744384765625,0.4286000430583954,bus,4.189249674479167,-2.5106226603190103
47,1.88,1,1204.3255615234375,246.4083251953125,1279.8170166015625,673.2344970703125,0.7567959427833557,person,17.5511474609375,23.01605224609375
47,1.88,2,860.759033203125,325.92138671875,1218.277099609375,551.2022705078125,0.8871389031410217,car,16.3636474609375,7.70635986328125
47,1.88,3,0.0826568603515625,359.70208740234375,35.34855651855469,531.4725952148438,0.3085855543613434,motorcycle,-11.91415786743164,4.494354248046875
47,1.88,4,8.1287841796875,586.86474609375,1260.245849609375,715.284423828125,0.6424983739852905,car,5.12847900390625,1.998779296875
47,1.88,5,4.9554595947265625,358.68548583984375,140.1579132080078,513.4971313476562,0.6906863451004028,bicycle,-18.966354370117188,2.7213134765625
47,1.88,7,524.3682250976562,309.6820068359375,546.5867309570312,372.65240478515625,0.381808340549469,person,-0.02667236328125,-4.729217529296875
47,1.88,11,1236.147705078125,345.52813720703125,1279.577392578125,435.9029541015625,0.5967076420783997,bicycle,7.41796875,0.590301513671875
47,1.88,17,374.40179443359375,342.51995849609375,401.31427001953125,406.95428466796875,0.31708717346191406,bicycle,-1.786529541015625,1.3486404418945312
47,1.88,18,176.14541625976562,355.04913330078125,282.13348388671875,441.53955078125,0.3065607249736786,bicycle,-3.705839677290483,-0.5434792258522727
47,1.88,19,570.957275390625,330.1651611328125,608.048583984375,351.6956787109375,0.3000761866569519,car,-0.097412109375,1.2742919921875
47,1.88,21,472.13134765625,309.60552978515625,491.9835205078125,353.58544921875,0.3233399987220764,person,-1.1496124267578125,0.11419677734375
47,1.88,23,711.0916748046875,322.798095703125,738.2215576171875,344.17608642578125,0.30038926005363464,car,0.7195638020833334,-0.15870157877604166
47,1.88,24,238.92555236816406,347.38055419921875,325.9339599609375,472.62457275390625,0.4925004243850708,bicycle,-11.031303405761719,5.547943115234375
47,1.88,25,209.3624267578125,360.16778564453125,279.61468505859375,441.06243896484375,0.3268387019634247,bicycle,-5.024200439453125,5.42291259765625
47,1.88,26,1022.3712158203125,226.14642333984375,1279.6051025390625,445.03118896484375,0.3551237881183624,bus,3.50615234375,4.924195861816406
47,1.88,27,160.10040283203125,354.12969970703125,281.0545349121094,508.90606689453125,0.33244287967681885,bicycle,0.0,0.0
48,1.92,1,1204.3255615234375,246.4083251953125,1279.8170166015625,673.2344970703125,0.7567959427833557,person,17.5511474609375,23.01605224609375
48,1.92,2,869.0076904296875,327.5137939453125,1242.0496826171875,563.3175659179688,0.8855752348899841,car,16.0106201171875,6.853851318359375
48,1.92,3,0.0826568603515625,359.70208740234375,35.34855651855469,531.4725952148438,0.3085855543613434,motorcycle,-11.91415786743164,4.494354248046875
48,1.92,4,9.333984375,586.4002075195312,1263.887451171875,715.8936157226562,0.6664160490036011,car,2.42340087890625,0.07232666015625
48,1.92,5,0.5532302856445312,361.60467529296875,121.50282287597656,514.9854736328125,0.4112796485424042,bicycle,-11.52865982055664,2.203765869140625
48,1.92,7,524.783935546875,312.91558837890625,545.6588134765625,373.94207763671875,0.41255444288253784,person,-0.256103515625,2.261627197265625
48,1.92,11,1236.147705078125,345.52813720703125,1279.577392578125,435.9029541015625,0.5967076420783997,bicycle,7.41796875,0.590301513671875
48,1.92,17,374.40179443359375,342.51995849609375,401.31427001953125,406.95428466796875,0.31708717346191406,bicycle,-1.786529541015625,1.3486404418945312
48,1.92,18,174.947998046875,359.01129150390625,272.57733154296875,451.26007080078125,0.47601065039634705,bicycle,-5.3767852783203125,6.841339111328125
48,1.92,19,570.957275390625,330.1651611328125,608.048583984375,351.6956787109375,0.3000761866569519,car,-0.097412109375,1.2742919921875
48,1.92,21,472.13134765625,309.60552978515625,491.9835205078125,353.58544921875,0.3233399987220764,person,-1.1496124267578125,0.11419677734375
48,1.92,22,700.637939453125,330.49737548828125,719.755615234375,357.82977294921875,0.3209780156612396,person,-0.0980080997242647,0.4829496495863971
48,1.92,23,711.0916748046875,322.798095703125,738.2215576171875,344.17608642578125,0.30038926005363464,car,0.7195638020833334,-0.15870157877604166
48,1.92,24,238.92555236816406,347.38055419921875,325.9339599609375,472.62457275390625,0.4925004243850708,bicycle,-11.031303405761719,5.547943115234375
48,1.92,25,209.3624267578125,360.16778564453125,279.61468505859375,441.06243896484375,0.3268387019634247,bicycle,-5.024200439453125,5.42291259765625
48,1.92,26,1035.980224609375,224.29078674316406,1279.689208984375,451.87451171875,0.3922536075115204,bus,6.8465576171875,2.4938430786132812
49,1.96,1,1204.3255615234375,246.4083251953125,1279.8170166015625,673.2344970703125,0.7567959427833557,person,17.5511474609375,23.01605224609375
49,1.96,2,876.4165649414062,328.23394775390625,1268.08935546875,579.0375366210938,0.9096558690071106,car,16.724273681640625,8.220062255859375
49,1.96,3,0.0826568603515625,359.70208740234375,35.34855651855469,531.4725952148438,0.3085855543613434,motorcycle,-11.91415786743164,4.494354248046875
49,1.96,4,8.035400390625,585.6143188476562,1267.49560546875,715.9910278320312,0.6540152430534363,car,1.15478515625,-0.34423828125
49,1.96,5,0.0,369.92498779296875,101.75838470458984,515.2565307617188,0.7879252433776855,bicycle,-10.148834228515625,4.295684814453125
49,1.96,7,524.6787109375,315.26129150390625,546.4454345703125,377.77349853515625,0.39010950922966003,person,0.3406982421875,3.08856201171875
49,1.96,11,1236.147705078125,345.52813720703125,1279.577392578125,435.9029541015625,0.5967076420783997,bicycle,7.41796875,0.590301513671875
49,1.96,17,374.40179443359375,342.51995849609375,401.31427001953125,406.95428466796875,0.31708717346191406,bicycle,-1.786529541015625,1.3486404418945312
49,1.96,18,161.91912841796875,362.68658447265625,262.1591491699219,455.45977783203125,0.7453781366348267,bicycle,-11.723526000976562,3.9375
49,1.96,19,570.957275390625,330.1651611328125,608.048583984375,351.6956787109375,0.3000761866569519,car,-0.097412109375,1.2742919921875
49,1.96,21,472.13134765625,309.60552978515625,491.9835205078125,353.58544921875,0.3233399987220764,person,-1.1496124267578125,0.11419677734375
49,1.96,22,700.637939453125,330.49737548828125,719.755615234375,357.82977294921875,0.3209780156612396,person,-0.0980080997242647,0.4829496495863971
49,1.96,23,711.0916748046875,322.798095703125,738.2215576171875,344.17608642578125,0.30038926005363464,car,0.7195638020833334,-0.15870157877604166
49,1.96,24,238.92555236816406,347.38055419921875,325.9339599609375,472.62457275390625,0.4925004243850708,bicycle,-11.031303405761719,5.547943115234375
49,1.96,25,209.3624267578125,360.16778564453125,279.61468505859375,441.06243896484375,0.3268387019634247,bicycle,-5.024200439453125,5.42291259765625
49,1.96,26,1035.980224609375,224.29078674316406,1279.689208984375,451.87451171875,0.3922536075115204,bus,6.8465576171875,2.4938430786132812
49,1.96,28,496.5976867675781,339.6790771484375,529.0966796875,377.54345703125,0.31105875968933105,bicycle,0.0,0.0
50,2.0,1,1204.3255615234375,246.4083251953125,1279.8170166015625,673.2344970703125,0.7567959427833557,person,17.5511474609375,23.01605224609375
50,2.0,2,886.3089599609375,330.6610107421875,1279.6888427734375,592.922119140625,0.8981594443321228,car,10.745941162109375,8.15582275390625
50,2.0,3,0.0826568603515625,359.70208740234375,35.34855651855469,531.4725952148438,0.3085855543613434,motorcycle,-11.91415786743164,4.494354248046875
50,2.0,4,8.7686767578125,585.208740234375,1265.636474609375,716.2392578125,0.5914828777313232,car,-0.56292724609375,-0.07867431640625
50,2.0,5,0.0,372.4952392578125,82.4674301147461,518.8155517578125,0.7908658385276794,bicycle,-9.645477294921875,3.06463623046875
50,2.0,7,523.315185546875,314.46673583984375,546.35302734375,380.8258056640625,0.3681045472621918,person,-0.72796630859375,1.128875732421875
50,2.0,11,1236.147705078125,345.52813720703125,1279.577392578125,435.9029541015625,0.5967076420783997,bicycle,7.41796875,0.590301513671875
50,2.0,17,374.40179443359375,342.51995849609375,401.31427001953125,406.95428466796875,0.31708717346191406,bicycle,-1.786529541015625,1.3486404418945312
50,2.0,18,145.1380615234375,356.71136474609375,252.58673095703125,462.24383544921875,0.739274263381958,bicycle,-13.176742553710938,0.4044189453125
50,2.0,19,570.957275390625,330.1651611328125,608.048583984375,351.6956787109375,0.3000761866569519,car,-0.097412109375,1.2742919921875
50,2.0,21,472.13134765625,309.60552978515625,491.9835205078125,353.58544921875,0.3233399987220764,person,-1.1496124267578125,0.11419677734375
50,2.0,22,700.637939453125,330.49737548828125,719.755615234375,357.82977294921875,0.3209780156612396,person,-0.0980080997242647,0.4829496495863971
50,2.0,23,711.0916748046875,322.798095703125,738.2215576171875,344.17608642578125,0.30038926005363464,car,0.7195638020833334,-0.15870157877604166
50,2.0,24,238.92555236816406,347.38055419921875,325.9339599609375,472.62457275390625,0.4925004243850708,bicycle,-11.031303405761719,5.547943115234375
50,2.0,25,209.3624267578125,360.16778564453125,279.61468505859375,441.06243896484375,0.3268387019634247,bicycle,-5.024200439453125,5.42291259765625
50,2.0,26,1035.980224609375,224.29078674316406,1279.689208984375,451.87451171875,0.3922536075115204,bus,6.8465576171875,2.4938430786132812
51,2.04,1,1204.3255615234375,246.4083251953125,1279.8170166015625,673.2344970703125,0.7567959427833557,person,17.5511474609375,23.01605224609375
51,2.04,2,895.1705322265625,331.064208984375,1279.3138427734375,599.7872924804688,0.9176151156425476,car,4.2432861328125,3.634185791015625
51,2.04,3,0.0826568603515625,359.70208740234375,35.34855651855469,531.4725952148438,0.3085855543613434,motorcycle,-11.91415786743164,4.494354248046875
51,2.04,4,18.4937744140625,585.370361328125,1264.97900390625,716.016357421875,0.6549540162086487,car,4.5338134765625,-0.0306396484375
51,2.04,5,0.228271484375,381.7747802734375,60.35737609863281,527.54931640625,0.6654027700424194,bicycle,-10.94089126586914,9.00665283203125
51,2.04,7,523.1910400390625,317.76324462890625,545.6248779296875,384.01898193359375,0.4189857840538025,person,-0.4261474609375,3.244842529296875
51,2.04,11,1236.147705078125,345.52813720703125,1279.577392578125,435.9029541015625,0.5967076420783997,bicycle,7.41796875,0.590301513671875
51,2.04,17,374.40179443359375,342.51995849609375,401.31427001953125,406.95428466796875,0.31708717346191406,bicycle,-1.786529541015625,1.3486404418945312
51,2.04,18,128.47372436523438,361.91021728515625,239.93826293945312,469.09124755859375,0.6541102528572083,bicycle,-14.656402587890625,6.02313232421875
51,2.04,19,570.957275390625,330.1651611328125,608.048583984375,351.6956787109375,0.3000761866569519,car,-0.097412109375,1.2742919921875
51,2.04,21,466.30340576171875,316.5152893066406,485.44757080078125,360.6678771972656,0.31389865279197693,person,-1.0303243001302083,1.166015625
51,2.04,22,700.637939453125,330.49737548828125,719.755615234375,357.82977294921875,0.3209780156612396,person,-0.0980080997242647,0.4829496495863971
51,2.04,23,711.0916748046875,322.798095703125,738.2215576171875,344.17608642578125,0.30038926005363464,car,0.7195638020833334,-0.15870157877604166
51,2.04,24,238.92555236816406,347.38055419921875,325.9339599609375,472.62457275390625,0.4925004243850708,bicycle,-11.031303405761719,5.547943115234375
51,2.04,25,209.3624267578125,360.16778564453125,279.61468505859375,441.06243896484375,0.3268387019634247,bicycle,-5.024200439453125,5.42291259765625
51,2.04,26,1035.980224609375,224.29078674316406,1279.689208984375,451.87451171875,0.3922536075115204,bus,6.8465576171875,2.4938430786132812
52,2.08,1,1204.3255615234375,246.4083251953125,1279.8170166015625,673.2344970703125,0.7567959427833557,person,17.5511474609375,23.01605224609375
52,2.08,2,907.978271484375,331.916259765625,1279.334716796875,611.3663330078125,0.9081711769104004,car,6.414306640625,6.215545654296875
52,2.08,3,0.13763809204101562,434.21221923828125,35.70140838623047,535.2415161132812,0.41541245579719543,bicycle,0.007282733917236328,1.3978402273995536
52,2.08,4,22.7579345703125,587.5526123046875,1227.8179931640625,716.1361083984375,0.659339427947998,car,-16.44842529296875,1.1510009765625
52,2.08,5,0.228271484375,381.7747802734375,60.35737609863281,527.54931640625,0.6654027700424194,bicycle,-10.94089126586914,9.00665283203125
52,2.08,7,522.691162109375,324.59283447265625,545.3017578125,387.28424072265625,0.42570677399635315,person,-0.4114990234375,5.04742431640625
52,2.08,11,1236.147705078125,345.52813720703125,1279.577392578125,435.9029541015625,0.5967076420783997,bicycle,7.41796875,0.590301513671875
52,2.08,17,374.40179443359375,342.51995849609375,401.31427001953125,406.95428466796875,0.31708717346191406,bicycle,-1.786529541015625,1.3486404418945312
52,2.08,18,112.49360656738281,370.9864501953125,229.22166442871094,477.3818359375,0.7433364391326904,bicycle,-13.348358154296875,8.68341064453125
52,2.08,19,570.957275390625,330.1651611328125,608.048583984375,351.6956787109375,0.3000761866569519,car,-0.097412109375,1.2742919921875
52,2.08,21,465.13250732421875,316.7322082519531,485.1551513671875,361.2467956542969,0.3083276152610779,person,-0.731658935546875,0.397918701171875
52,2.08,22,704.5535888671875,335.41375732421875,721.9930419921875,359.04193115234375,0.31302398443222046,person,0.769134521484375,0.7660675048828125
52,2.08,23,711.0916748046875,322.798095703125,738.2215576171875,344.17608642578125,0.30038926005363464,car,0.7195638020833334,-0.15870157877604166
52,2.08,24,238.92555236816406,347.38055419921875,325.9339599609375,472.62457275390625,0.4925004243850708,bicycle,-11.031303405761719,5.547943115234375
52,2.08,25,209.3624267578125,360.16778564453125,279.61468505859375,441.06243896484375,0.3268387019634247,bicycle,-5.024200439453125,5.42291259765625
52,2.08,26,1035.980224609375,224.29078674316406,1279.689208984375,451.87451171875,0.3922536075115204,bus,6.8465576171875,2.4938430786132812
53,2.12,1,1204.3255615234375,246.4083251953125,1279.8170166015625,673.2344970703125,0.7567959427833557,person,17.5511474609375,23.01605224609375
53,2.12,2,916.8916625976562,330.81597900390625,1279.59326171875,622.1066284179688,0.9110991954803467,car,4.585968017578125,4.82000732421875
53,2.12,3,0.13763809204101562,434.21221923828125,35.70140838623047,535.2415161132812,0.41541245579719543,bicycle,0.007282733917236328,1.3978402273995536
53,2.12,4,8.9520263671875,585.071044921875,1184.7119140625,715.478759765625,0.7007814049720764,car,-28.45599365234375,-1.5694580078125
53,2.12,5,0.228271484375,381.7747802734375,60.35737609863281,527.54931640625,0.6654027700424194,bicycle,-10.94089126586914,9.00665283203125
53,2.12,7,521.172607421875,315.29254150390625,545.64697265625,386.74285888671875,0.413170725107193,person,-0.586669921875,-4.92083740234375
53,2.12,11,1236.147705078125,345.52813720703125,1279.577392578125,435.9029541015625,0.5967076420783997,bicycle,7.41796875,0.590301513671875
53,2.12,17,374.40179443359375,342.51995849609375,401.31427001953125,406.95428466796875,0.31708717346191406,bicycle,-1.786529541015625,1.3486404418945312
53,2.12,18,93.49943542480469,368.0695495605469,215.7188262939453,482.5487976074219,0.7063064575195312,bicycle,-16.248504638671875,1.125030517578125
53,2.12,19,570.957275390625,330.1651611328125,608.048583984375,351.6956787109375,0.3000761866569519,car,-0.097412109375,1.2742919921875
53,2.12,21,465.13250732421875,316.7322082519531,485.1551513671875,361.2467956542969,0.3083276152610779,person,-0.731658935546875,0.397918701171875
53,2.12,22,704.3792724609375,334.86083984375,722.9576416015625,358.80615234375,0.3192722499370575,person,0.3951416015625,-0.39434814453125
53,2.12,23,711.0916748046875,322.798095703125,738.2215576171875,344.17608642578125,0.30038926005363464,car,0.7195638020833334,-0.15870157877604166
53,2.12,24,238.92555236816406,347.38055419921875,325.9339599609375,472.62457275390625,0.4925004243850708,bicycle,-11.031303405761719,5.547943115234375
53,2.12,25,209.3624267578125,360.16778564453125,279.61468505859375,441.06243896484375,0.3268387019634247,bicycle,-5.024200439453125,5.42291259765625
53,2.12,26,1035.980224609375,224.29078674316406,1279.689208984375,451.87451171875,0.3922536075115204,bus,6.8465576171875,2.4938430786132812
54,2.16,1,1204.3255615234375,246.4083251953125,1279.8170166015625,673.2344970703125,0.7567959427833557,person,17.5511474609375,23.01605224609375
54,2.16,2,929.6116943359375,329.5322265625,1279.2650146484375,636.99169921875,0.9112723469734192,car,6.195892333984375,6.8006591796875
54,2.16,3,0.13763809204101562,434.21221923828125,35.70140838623047,535.2415161132812,0.41541245579719543,bicycle,0.007282733917236328,1.3978402273995536
54,2.16,4,8.986083984375,586.3662109375,1262.042236328125,715.676025390625,0.6268467903137207,car,38.68218994140625,0.7462158203125
54,2.16,5,0.228271484375,381.7747802734375,60.35737609863281,527.54931640625,0.6654027700424194,bicycle,-10.94089126586914,9.00665283203125
54,2.16,7,521.9337158203125,313.11456298828125,546.1063232421875,384.14251708984375,0.3431284427642822,person,0.6102294921875,-2.38916015625
54,2.16,11,1236.147705078125,345.52813720703125,1279.577392578125,435.9029541015625,0.5967076420783997,bicycle,7.41796875,0.590301513671875
54,2.16,17,374.40179443359375,342.51995849609375,401.31427001953125,406.95428466796875,0.31708717346191406,bicycle,-1.786529541015625,1.3486404418945312
54,2.16,18,74.68574523925781,357.59722900390625,203.7727813720703,487.04168701171875,0.7017970085144043,bicycle,-15.379867553710938,-2.989715576171875
54,2.16,19,570.957275390625,330.1651611328125,608.048583984375,351.6956787109375,0.3000761866569519,car,-0.097412109375,1.2742919921875
54,2.16,21,465.13250732421875,316.7322082519531,485.1551513671875,361.2467956542969,0.3083276152610779,person,-0.731658935546875,0.397918701171875
54,2.16,22,704.6022338867188,333.1507568359375,723.0706176757812,358.65081787109375,0.33676832914352417,person,0.16796875,-0.932708740234375
54,2.16,23,711.0916748046875,322.798095703125,738.2215576171875,344.17608642578125,0.30038926005363464,car,0.7195638020833334,-0.15870157877604166
54,2.16,24,238.92555236816406,347.38055419921875,325.9339599609375,472.62457275390625,0.4925004243850708,bicycle,-11.031303405761719,5.547943115234375
54,2.16,25,209.3624267578125,360.16778564453125,279.61468505859375,441.06243896484375,0.3268387019634247,bicycle,-5.024200439453125,5.42291259765625
54,2.16,26,1035.980224609375,224.29078674316406,1279.689208984375,451.87451171875,0.3922536075115204,bus,6.8465576171875,2.4938430786132812
55,2.2,2,944.6057739257812,330.0696716308594,1279.376220703125,653.8438720703125,0.9099960923194885,car,7.552642822265625,8.694808959960938
55,2.2,3,0.13763809204101562,434.21221923828125,35.70140838623047,535.2415161132812,0.41541245579719543,bicycle,0.007282733917236328,1.3978402273995536
55,2.2,4,6.113037109375,587.5950927734375,1266.849853515625,715.3336181640625,0.6044816970825195,car,0.96728515625,0.4432373046875
55,2.2,5,0.13222503662109375,429.9576110839844,55.75786590576172,581.7860107421875,0.5571983456611633,car,-0.586944580078125,12.802440643310547
55,2.2,7,523.711181640625,315.1408386230469,546.072998046875,383.5032653808594,0.3745802938938141,person,0.8720703125,0.693511962890625
55,2.2,11,1236.147705078125,345.52813720703125,1279.577392578125,435.9029541015625,0.5967076420783997,bicycle,7.41796875,0.590301513671875
55,2.2,17,374.40179443359375,342.51995849609375,401.31427001953125,406.95428466796875,0.31708717346191406,bicycle,-1.786529541015625,1.3486404418945312
55,2.2,18,55.35197448730469,366.78515625,190.40106201171875,491.55828857421875,0.6512498259544373,bicycle,-16.352745056152344,6.852264404296875
55,2.2,19,570.957275390625,330.1651611328125,608.048583984375,351.6956787109375,0.3000761866569519,car,-0.097412109375,1.2742919921875
55,2.2,21,465.13250732421875,316.7322082519531,485.1551513671875,361.2467956542969,0.3083276152610779,person,-0.731658935546875,0.397918701171875
55,2.2,22,704.6022338867188,333.1507568359375,723.0706176757812,358.65081787109375,0.33676832914352417,person,0.16796875,-0.932708740234375
55,2.2,23,717.0352783203125,324.09515380859375,750.8917236328125,347.6229248046875,0.3015042841434479,car,0.5170491536458334,0.13177490234375
55,2.2,24,238.92555236816406,347.38055419921875,325.9339599609375,472.62457275390625,0.4925004243850708,bicycle,-11.031303405761719,5.547943115234375
55,2.2,25,209.3624267578125,360.16778564453125,279.61468505859375,441.06243896484375,0.3268387019634247,bicycle,-5.024200439453125,5.42291259765625
55,2.2,26,1035.980224609375,224.29078674316406,1279.689208984375,451.87451171875,0.3922536075115204,bus,6.8465576171875,2.4938430786132812
56,2.24,2,958.245849609375,332.26806640625,1279.193603515625,644.514892578125,0.8937278389930725,car,6.728729248046875,-3.5652923583984375
56,2.24,3,0.13763809204101562,434.21221923828125,35.70140838623047,535.2415161132812,0.41541245579719543,bicycle,0.007282733917236328,1.3978402273995536
56,2.24,4,9.6583251953125,589.26904296875,1271.6705322265625,715.819091796875,0.6323477625846863,car,4.1829833984375,1.0797119140625
56,2.24,5,0.13222503662109375,429.9576110839844,55.75786590576172,581.7860107421875,0.5571983456611633,car,-0.586944580078125,12.802440643310547
56,2.24,7,524.4570922851562,314.63525390625,546.1183471679688,382.04144287109375,0.3398778736591339,person,0.3956298828125,-0.98370361328125
56,2.24,11,1236.147705078125,345.52813720703125,1279.577392578125,435.9029541015625,0.5967076420783997,bicycle,7.41796875,0.590301513671875
56,2.24,17,374.40179443359375,342.51995849609375,401.31427001953125,406.95428466796875,0.31708717346191406,bicycle,-1.786529541015625,1.3486404418945312
56,2.24,18,36.063079833984375,365.162109375,174.17840576171875,495.47296142578125,0.8057400584220886,bicycle,-17.755775451660156,1.14581298828125
56,2.24,19,570.957275390625,330.1651611328125,608.048583984375,351.6956787109375,0.3000761866569519,car,-0.097412109375,1.2742919921875
56,2.24,21,465.13250732421875,316.7322082519531,485.1551513671875,361.2467956542969,0.3083276152610779,person,-0.731658935546875,0.397918701171875
56,2.24,22,705.6553955078125,333.44195556640625,723.7117919921875,358.59661865234375,0.32532718777656555,person,0.423583984375,0.0592498779296875
56,2.24,23,718.8494873046875,324.029052734375,751.4757080078125,346.41357421875,0.31262797117233276,car,1.1990966796875,-0.637725830078125
56,2.24,24,238.92555236816406,347.38055419921875,325.9339599609375,472.62457275390625,0.4925004243850708,bicycle,-11.031303405761719,5.547943115234375
56,2.24,25,209.3624267578125,360.16778564453125,279.61468505859375,441.06243896484375,0.3268387019634247,bicycle,-5.024200439453125,5.42291259765625
56,2.24,26,1035.980224609375,224.29078674316406,1279.689208984375,451.87451171875,0.3922536075115204,bus,6.8465576171875,2.4938430786132812
57,2.28,2,975.18017578125,336.0220947265625,1279.19970703125,636.6849365234375,0.908504068851471,car,8.47021484375,-2.0379638671875
57,2.28,3,0.13763809204101562,434.21221923828125,35.70140838623047,535.2415161132812,0.41541245579719543,bicycle,0.007282733917236328,1.3978402273995536
57,2.28,4,5.28076171875,587.01123046875,1269.91943359375,715.3038330078125,0.5444374084472656,car,-3.0643310546875,-1.38653564453125
57,2.28,5,0.13222503662109375,429.9576110839844,55.75786590576172,581.7860107421875,0.5571983456611633,car,-0.586944580078125,12.802440643310547
57,2.28,7,522.48388671875,313.81427001953125,545.7066650390625,382.96136474609375,0.3797096312046051,person,-1.19244384765625,0.049468994140625
57,2.28,11,1236.147705078125,345.52813720703125,1279.577392578125,435.9029541015625,0.5967076420783997,bicycle,7.41796875,0.590301513671875
57,2.28,17,374.40179443359375,342.51995849609375,401.31427001953125,406.95428466796875,0.31708717346191406,bicycle,-1.786529541015625,1.3486404418945312
57,2.28,18,10.556671142578125,364.97698974609375,158.90492248535156,500.38787841796875,0.7906097769737244,bicycle,-20.38994598388672,2.364898681640625
57,2.28,19,570.957275390625,330.1651611328125,608.048583984375,351.6956787109375,0.3000761866569519,car,-0.097412109375,1.2742919921875
57,2.28,21,458.77972412109375,311.864013671875,480.8321533203125,357.46368408203125,0.3277880549430847,person,-1.067578125,-0.865130615234375
57,2.28,22,706.0550537109375,333.483154296875,723.9176025390625,358.714111328125,0.3249132037162781,person,0.302734375,0.079345703125
57,2.28,23,718.314697265625,324.89056396484375,752.083984375,347.25421142578125,0.3338334262371063,car,0.0367431640625,0.85107421875
57,2.28,24,238.92555236816406,347.38055419921875,325.9339599609375,472.62457275390625,0.4925004243850708,bicycle,-11.031303405761719,5.547943115234375
57,2.28,25,209.3624267578125,360.16778564453125,279.61468505859375,441.06243896484375,0.3268387019634247,bicycle,-5.024200439453125,5.42291259765625
57,2.28,26,1035.980224609375,224.29078674316406,1279.689208984375,451.87451171875,0.3922536075115204,bus,6.8465576171875,2.4938430786132812
58,2.32,2,992.918212890625,340.17449951171875,1279.70361328125,628.8462524414062,0.8801990747451782,car,9.1209716796875,-1.8431396484375
58,2.32,3,0.13763809204101562,434.21221923828125,35.70140838623047,535.2415161132812,0.41541245579719543,bicycle,0.007282733917236328,1.3978402273995536
58,2.32,4,5.98388671875,586.2450561523438,1271.343017578125,715.0004272460938,0.586502730846405,car,1.0633544921875,-0.5347900390625
58,2.32,5,0.13222503662109375,429.9576110839844,55.75786590576172,581.7860107421875,0.5571983456611633,car,-0.586944580078125,12.802440643310547
58,2.32,7,524.5103759765625,316.77508544921875,545.4591064453125,381.36334228515625,0.34337928891181946,person,0.88946533203125,0.681396484375
58,2.32,11,1236.147705078125,345.52813720703125,1279.577392578125,435.9029541015625,0.5967076420783997,bicycle,7.41796875,0.590301513671875
58,2.32,17,374.40179443359375,342.51995849609375,401.31427001953125,406.95428466796875,0.31708717346191406,bicycle,-1.786529541015625,1.3486404418945312
58,2.32,18,1.13446044921875,360.81231689453125,143.0867919921875,507.00006103515625,0.7755160331726074,bicycle,-12.620170593261719,1.2237548828125
58,2.32,19,570.957275390625,330.1651611328125,608.048583984375,351.6956787109375,0.3000761866569519,car,-0.097412109375,1.2742919921875
58,2.32,21,458.77972412109375,311.864013671875,480.8321533203125,357.46368408203125,0.3277880549430847,person,-1.067578125,-0.865130615234375
58,2.32,22,706.6695556640625,332.8773193359375,724.3692626953125,359.0716552734375,0.3685218393802643,person,0.5330810546875,-0.1241455078125
58,2.32,23,720.8321533203125,325.1324157714844,752.2843017578125,346.9128723144531,0.3094360828399658,car,1.35888671875,-0.04974365234375
58,2.32,24,238.92555236816406,347.38055419921875,325.9339599609375,472.62457275390625,0.4925004243850708,bicycle,-11.031303405761719,5.547943115234375
58,2.32,25,209.3624267578125,360.16778564453125,279.61468505859375,441.06243896484375,0.3268387019634247,bicycle,-5.024200439453125,5.42291259765625
58,2.32,26,1035.980224609375,224.29078674316406,1279.689208984375,451.87451171875,0.3922536075115204,bus,6.8465576171875,2.4938430786132812
58,2.32,29,518.4927978515625,325.24267578125,542.6678466796875,382.9080810546875,0.3150225877761841,person,0.0,0.0
59,2.36,2,1012.6224365234375,341.3763427734375,1279.2169189453125,620.724853515625,0.8576629757881165,car,9.6087646484375,-3.45977783203125
59,2.36,3,0.13763809204101562,434.21221923828125,35.70140838623047,535.2415161132812,0.41541245579719543,bicycle,0.007282733917236328,1.3978402273995536
59,2.36,4,8.6259765625,589.988037109375,1267.534423828125,715.271240234375,0.6603161096572876,car,-0.583251953125,2.00689697265625
59,2.36,5,0.13222503662109375,429.9576110839844,55.75786590576172,581.7860107421875,0.5571983456611633,car,-0.586944580078125,12.802440643310547
59,2.36,7,523.1243896484375,316.1751708984375,545.1475830078125,379.9630126953125,0.3634693920612335,person,-0.8487548828125,-1.0001220703125
59,2.36,11,1236.147705078125,345.52813720703125,1279.577392578125,435.9029541015625,0.5967076420783997,bicycle,7.41796875,0.590301513671875
59,2.36,17,374.40179443359375,342.51995849609375,401.31427001953125,406.95428466796875,0.31708717346191406,bicycle,-1.786529541015625,1.3486404418945312
59,2.36,18,0.48900604248046875,366.491943359375,125.34637451171875,510.437744140625,0.7276265025138855,bicycle,-9.192935943603516,4.55865478515625
59,2.36,19,570.957275390625,330.1651611328125,608.048583984375,351.6956787109375,0.3000761866569519,car,-0.097412109375,1.2742919921875
59,2.36,21,458.77972412109375,311.864013671875,480.8321533203125,357.46368408203125,0.3277880549430847,person,-1.067578125,-0.865130615234375
59,2.36,22,706.12060546875,331.0887451171875,724.345458984375,359.6348876953125,0.34307152032852173,person,-0.286376953125,-0.6126708984375
59,2.36,23,722.469482421875,324.39642333984375,753.116455078125,346.03753662109375,0.32897403836250305,car,1.2347412109375,-0.8056640625
59,2.36,24,238.92555236816406,347.38055419921875,325.9339599609375,472.62457275390625,0.4925004243850708,bicycle,-11.031303405761719,5.547943115234375
59,2.36,25,209.3624267578125,360.16778564453125,279.61468505859375,441.06243896484375,0.3268387019634247,bicycle,-5.024200439453125,5.42291259765625
59,2.36,26,1035.980224609375,224.29078674316406,1279.689208984375,451.87451171875,0.3922536075115204,bus,6.8465576171875,2.4938430786132812
59,2.36,29,518.86474609375,323.7561950683594,542.949462890625,382.0693664550781,0.3239731192588806,person,0.3267822265625,-1.16259765625
60,2.4,2,1034.6749267578125,348.63702392578125,1279.8404541015625,621.9904174804688,0.809512734413147,car,11.3380126953125,4.26312255859375
60,2.4,3,0.13763809204101562,434.21221923828125,35.70140838623047,535.2415161132812,0.41541245579719543,bicycle,0.007282733917236328,1.3978402273995536
60,2.4,4,7.110107421875,589.462646484375,1268.656982421875,716.280517578125,0.6643316745758057,car,-0.1966552734375,0.241943359375
60,2.4,5,0.13222503662109375,429.9576110839844,55.75786590576172,581.7860107421875,0.5571983456611633,car,-0.586944580078125,12.802440643310547
60,2.4,7,523.6575927734375,316.9284973144531,543.8861083984375,380.5867004394531,0.4256681501865387,person,-0.3641357421875,0.688507080078125
60,2.4,11,1236.147705078125,345.52813720703125,1279.577392578125,435.9029541015625,0.5967076420783997,bicycle,7.41796875,0.590301513671875
60,2.4,17,374.40179443359375,342.51995849609375,401.31427001953125,406.95428466796875,0.31708717346191406,bicycle,-1.786529541015625,1.3486404418945312
60,2.4,18,0.27149200439453125,371.3966064453125,106.83197784423828,506.4986572265625,0.6536001563072205,bicycle,-9.365955352783203,0.4827880859375
60,2.4,19,570.957275390625,330.1651611328125,608.048583984375,351.6956787109375,0.3000761866569519,car,-0.097412109375,1.2742919921875
60,2.4,21,458.77972412109375,311.864013671875,480.8321533203125,357.46368408203125,0.3277880549430847,person,-1.067578125,-0.865130615234375
60,2.4,22,707.043212890625,329.9255676269531,724.902587890625,359.6712341308594,0.34726813435554504,person,0.7398681640625,-0.56341552734375
60,2.4,23,722.469482421875,324.39642333984375,753.116455078125,346.03753662109375,0.32897403836250305,car,1.2347412109375,-0.8056640625
60,2.4,24,238.92555236816406,347.38055419921875,325.9339599609375,472.62457275390625,0.4925004243850708,bicycle,-11.031303405761719,5.547943115234375
60,2.4,25,209.3624267578125,360.16778564453125,279.61468505859375,441.06243896484375,0.3268387019634247,bicycle,-5.024200439453125,5.42291259765625
60,2.4,26,1035.980224609375,224.29078674316406,1279.689208984375,451.87451171875,0.3922536075115204,bus,6.8465576171875,2.4938430786132812
60,2.4,29,519.620361328125,322.503173828125,542.573974609375,384.39501953125,0.3770430386066437,person,0.1900634765625,0.53631591796875
61,2.44,2,1055.3125,366.2200622558594,1279.18408203125,623.9901123046875,0.8119960427284241,car,9.9906005859375,9.791366577148438
61,2.44,3,0.13763809204101562,434.21221923828125,35.70140838623047,535.2415161132812,0.41541245579719543,bicycle,0.007282733917236328,1.3978402273995536
61,2.44,4,8.0574951171875,585.7705078125,1270.2064208984375,715.562744140625,0.6677541136741638,car,1.2484130859375,-2.2049560546875
61,2.44,5,0.13222503662109375,429.9576110839844,55.75786590576172,581.7860107421875,0.5571983456611633,car,-0.586944580078125,12.802440643310547
61,2.44,7,523.0115966796875,318.54913330078125,544.0242919921875,382.93731689453125,0.38803839683532715,person,-0.25390625,1.985626220703125
61,2.44,11,1236.147705078125,345.52813720703125,1279.577392578125,435.9029541015625,0.5967076420783997,bicycle,7.41796875,0.590301513671875
61,2.44,17,374.40179443359375,342.51995849609375,401.31427001953125,406.95428466796875,0.31708717346191406,bicycle,-1.786529541015625,1.3486404418945312
61,2.44,18,0.03394317626953125,371.87530517578125,86.66629028320312,511.1937255859375,0.7724407315254211,bicycle,-10.201618194580078,2.586883544921875
61,2.44,19,570.957275390625,330.1651611328125,608.048583984375,351.6956787109375,0.3000761866569519,car,-0.097412109375,1.2742919921875
61,2.44,21,458.77972412109375,311.864013671875,480.8321533203125,357.46368408203125,0.3277880549430847,person,-1.067578125,-0.865130615234375
61,2.44,22,709.7927856445312,330.96661376953125,727.7173461914062,360.45562744140625,0.32232576608657837,person,2.78216552734375,0.9127197265625
61,2.44,23,724.51611328125,323.3893737792969,755.380615234375,345.3309020996094,0.3546198606491089,car,1.07769775390625,-0.4284210205078125
61,2.44,24,238.92555236816406,347.38055419921875,325.9339599609375,472.62457275390625,0.4925004243850708,bicycle,-11.031303405761719,5.547943115234375
61,2.44,25,209.3624267578125,360.16778564453125,279.61468505859375,441.06243896484375,0.3268387019634247,bicycle,-5.024200439453125,5.42291259765625
61,2.44,26,1035.980224609375,224.29078674316406,1279.689208984375,451.87451171875,0.3922536075115204,bus,6.8465576171875,2.4938430786132812
61,2.44,29,519.7720947265625,326.4500732421875,541.7154541015625,384.46527099609375,0.3478166162967682,person,-0.3533935546875,2.008575439453125
62,2.48,2,1081.33251953125,392.516357421875,1279.11181640625,633.7735595703125,0.8643290996551514,car,12.973876953125,18.039871215820312
62,2.48,3,0.13763809204101562,434.21221923828125,35.70140838623047,535.2415161132812,0.41541245579719543,bicycle,0.007282733917236328,1.3978402273995536
62,2.48,4,8.611572265625,584.1689453125,1266.741943359375,715.234130859375,0.6414978504180908,car,-1.4552001953125,-0.965087890625
62,2.48,5,0.13222503662109375,429.9576110839844,55.75786590576172,581.7860107421875,0.5571983456611633,car,-0.586944580078125,12.802440643310547
62,2.48,7,523.0006713867188,319.02117919921875,543.9109497070312,384.09588623046875,0.4263058602809906,person,-0.0621337890625,0.8153076171875
62,2.48,11,1236.147705078125,345.52813720703125,1279.577392578125,435.9029541015625,0.5967076420783997,bicycle,7.41796875,0.590301513671875
62,2.48,17,374.40179443359375,342.51995849609375,401.31427001953125,406.95428466796875,0.31708717346191406,bicycle,-1.786529541015625,1.3486404418945312
62,2.48,18,0.17830657958984375,373.5162353515625,65.31700134277344,518.2802734375,0.6960087418556213,bicycle,-10.602462768554688,4.363739013671875
62,2.48,19,570.957275390625,330.1651611328125,608.048583984375,351.6956787109375,0.3000761866569519,car,-0.097412109375,1.2742919921875
62,2.48,21,458.77972412109375,311.864013671875,480.8321533203125,357.46368408203125,0.3277880549430847,person,-1.067578125,-0.865130615234375
62,2.48,22,709.7927856445312,330.96661376953125,727.7173461914062,360.45562744140625,0.32232576608657837,person,2.78216552734375,0.9127197265625
62,2.48,23,722.7572021484375,324.34307861328125,756.4945068359375,347.50201416015625,0.37311291694641113,car,-0.322509765625,1.562408447265625
62,2.48,24,238.92555236816406,347.38055419921875,325.9339599609375,472.62457275390625,0.4925004243850708,bicycle,-11.031303405761719,5.547943115234375
62,2.48,25,209.3624267578125,360.16778564453125,279.61468505859375,441.06243896484375,0.3268387019634247,bicycle,-5.024200439453125,5.42291259765625
62,2.48,26,1035.980224609375,224.29078674316406,1279.689208984375,451.87451171875,0.3922536075115204,bus,6.8465576171875,2.4938430786132812
62,2.48,29,518.7183837890625,325.92779541015625,541.6761474609375,384.92333984375,0.3598251938819885,person,-0.5465087890625,-0.0321044921875
63,2.52,2,1109.388916015625,428.6973876953125,1279.804931640625,639.8480224609375,0.48063674569129944,car,14.374755859375,21.12774658203125
63,2.52,3,0.20644378662109375,402.11712646484375,44.60285949707031,526.8580932617188,0.7216282486915588,bicycle,0.4077389457009055,-1.8399325284090908
63,2.52,4,6.532470703125,584.0242309570312,1272.202880859375,715.0701293945312,0.5058197379112244,car,1.69091796875,-0.15435791015625
63,2.52,5,0.13222503662109375,429.9576110839844,55.75786590576172,581.7860107421875,0.5571983456611633,car,-0.586944580078125,12.802440643310547
63,2.52,7,522.0008544921875,317.95867919921875,544.4720458984375,384.53326416015625,0.5112946033477783,person,-0.2193603515625,-0.31256103515625
63,2.52,11,1236.147705078125,345.52813720703125,1279.577392578125,435.9029541015625,0.5967076420783997,bicycle,7.41796875,0.590301513671875
63,2.52,17,374.40179443359375,342.51995849609375,401.31427001953125,406.95428466796875,0.31708717346191406,bicycle,-1.786529541015625,1.3486404418945312
63,2.52,18,0.17830657958984375,373.5162353515625,65.31700134277344,518.2802734375,0.6960087418556213,bicycle,-10.602462768554688,4.363739013671875
63,2.52,19,570.957275390625,330.1651611328125,608.048583984375,351.6956787109375,0.3000761866569519,car,-0.097412109375,1.2742919921875
63,2.52,21,458.77972412109375,311.864013671875,480.8321533203125,357.46368408203125,0.3277880549430847,person,-1.067578125,-0.865130615234375
63,2.52,22,709.7927856445312,330.96661376953125,727.7173461914062,360.45562744140625,0.32232576608657837,person,2.78216552734375,0.9127197265625
63,2.52,23,720.7119140625,324.0616455078125,756.890380859375,349.611328125,0.34975817799568176,car,-0.82470703125,0.9139404296875
63,2.52,24,238.92555236816406,347.38055419921875,325.9339599609375,472.62457275390625,0.4925004243850708,bicycle,-11.031303405761719,5.547943115234375
63,2.52,25,209.3624267578125,360.16778564453125,279.61468505859375,441.06243896484375,0.3268387019634247,bicycle,-5.024200439453125,5.42291259765625
63,2.52,26,1035.980224609375,224.29078674316406,1279.689208984375,451.87451171875,0.3922536075115204,bus,6.8465576171875,2.4938430786132812
63,2.52,29,518.7183837890625,325.92779541015625,541.6761474609375,384.92333984375,0.3598251938819885,person,-0.5465087890625,-0.0321044921875
64,2.56,2,1138.862060546875,444.2388610839844,1279.646728515625,656.9122314453125,0.5986888408660889,car,14.657470703125,16.302841186523438
64,2.56,3,0.09263801574707031,407.98785400390625,20.898448944091797,533.9247436523438,0.6616572141647339,bicycle,-11.90910816192627,6.46868896484375
64,2.56,4,4.6600341796875,585.4981689453125,1271.3267822265625,715.4718017578125,0.5343491435050964,car,-1.374267578125,0.93780517578125
64,2.56,5,0.13222503662109375,429.9576110839844,55.75786590576172,581.7860107421875,0.5571983456611633,car,-0.586944580078125,12.802440643310547
64,2.56,7,522.6493530273438,317.943359375,544.0010375976562,384.257080078125,0.5174141526222229,person,0.0887451171875,-0.145751953125
64,2.56,11,1236.147705078125,345.52813720703125,1279.577392578125,435.9029541015625,0.5967076420783997,bicycle,7.41796875,0.590301513671875
64,2.56,17,374.40179443359375,342.51995849609375,401.31427001953125,406.95428466796875,0.31708717346191406,bicycle,-1.786529541015625,1.3486404418945312
64,2.56,18,0.17830657958984375,373.5162353515625,65.31700134277344,518.2802734375,0.6960087418556213,bicycle,-10.602462768554688,4.363739013671875
64,2.56,19,563.502685546875,331.11614990234375,604.77587890625,356.81427001953125,0.32354670763015747,car,-0.3155086741727941,0.17851706112132354
64,2.56,21,458.77972412109375,311.864013671875,480.8321533203125,357.46368408203125,0.3277880549430847,person,-1.067578125,-0.865130615234375
64,2.56,22,709.7927856445312,330.96661376953125,727.7173461914062,360.45562744140625,0.32232576608657837,person,2.78216552734375,0.9127197265625
64,2.56,23,719.7228393554688,322.57794189453125,756.7348022460938,350.50067138671875,0.4052632451057434,car,-0.57232666015625,-0.29718017578125
64,2.56,24,238.92555236816406,347.38055419921875,325.9339599609375,472.62457275390625,0.4925004243850708,bicycle,-11.031303405761719,5.547943115234375
64,2.56,25,209.3624267578125,360.16778564453125,279.61468505859375,441.06243896484375,0.3268387019634247,bicycle,-5.024200439453125,5.42291259765625
64,2.56,26,1035.980224609375,224.29078674316406,1279.689208984375,451.87451171875,0.3922536075115204,bus,6.8465576171875,2.4938430786132812
64,2.56,29,518.7183837890625,325.92779541015625,541.6761474609375,384.92333984375,0.3598251938819885,person,-0.5465087890625,-0.0321044921875
64,2.56,30,778.2471923828125,309.8826904296875,796.1234130859375,362.283935546875,0.31938236951828003,person,0.0,0.0
65,2.6,2,1170.947021484375,449.4271240234375,1279.658447265625,640.9892578125,0.7297890782356262,car,16.04833984375,-5.3673553466796875
65,2.6,3,0.09263801574707031,407.98785400390625,20.898448944091797,533.9247436523438,0.6616572141647339,bicycle,-11.90910816192627,6.46868896484375
65,2.6,4,7.095703125,587.9094848632812,1258.486572265625,715.6489868164062,0.6902441382408142,car,-5.2022705078125,1.29425048828125
65,2.6,5,0.13222503662109375,429.9576110839844,55.75786590576172,581.7860107421875,0.5571983456611633,car,-0.586944580078125,12.802440643310547
65,2.6,7,518.3478393554688,316.32366943359375,543.4057006835938,382.63726806640625,0.5207859873771667,person,-2.44842529296875,-1.6197509765625
65,2.6,11,1236.147705078125,345.52813720703125,1279.577392578125,435.9029541015625,0.5967076420783997,bicycle,7.41796875,0.590301513671875
65,2.6,17,374.40179443359375,342.51995849609375,401.31427001953125,406.95428466796875,0.31708717346191406,bicycle,-1.786529541015625,1.3486404418945312
65,2.6,18,0.17830657958984375,373.5162353515625,65.31700134277344,518.2802734375,0.6960087418556213,bicycle,-10.602462768554688,4.363739013671875
65,2.6,19,564.2122802734375,330.3869934082031,604.0089111328125,355.6523742675781,0.3950638771057129,car,-0.0286865234375,-0.945526123046875
65,2.6,21,458.77972412109375,311.864013671875,480.8321533203125,357.46368408203125,0.3277880549430847,person,-1.067578125,-0.865130615234375
65,2.6,22,709.7927856445312,330.96661376953125,727.7173461914062,360.45562744140625,0.32232576608657837,person,2.78216552734375,0.9127197265625
65,2.6,23,717.053466796875,321.6361999511719,758.52392578125,349.3449401855469,0.40311968326568604,car,-0.44012451171875,-1.048736572265625
65,2.6,24,238.92555236816406,347.38055419921875,325.9339599609375,472.62457275390625,0.4925004243850708,bicycle,-11.031303405761719,5.547943115234375
65,2.6,25,209.3624267578125,360.16778564453125,279.61468505859375,441.06243896484375,0.3268387019634247,bicycle,-5.024200439453125,5.42291259765625
65,2.6,26,1035.980224609375,224.29078674316406,1279.689208984375,451.87451171875,0.3922536075115204,bus,6.8465576171875,2.4938430786132812
65,2.6,29,515.6854248046875,329.4781494140625,541.0303955078125,381.26495361328125,0.3050444722175598,person,-0.6131184895833334,-0.01800537109375
66,2.64,2,1207.030517578125,465.2989501953125,1279.501220703125,645.393798828125,0.6255817413330078,car,17.963134765625,10.13818359375
66,2.64,3,0.09263801574707031,407.98785400390625,20.898448944091797,533.9247436523438,0.6616572141647339,bicycle,-11.90910816192627,6.46868896484375
66,2.64,4,3.510009765625,586.2340087890625,1268.20556640625,715.4801025390625,0.6404619812965393,car,3.066650390625,-0.92218017578125
66,2.64,5,0.13222503662109375,429.9576110839844,55.75786590576172,581.7860107421875,0.5571983456611633,car,-0.586944580078125,12.802440643310547
66,2.64,7,517.3506469726562,313.0699462890625,543.7217407226562,381.52288818359375,0.5853345394134521,person,-0.340576171875,-2.184051513671875
66,2.64,11,1236.147705078125,345.52813720703125,1279.577392578125,435.9029541015625,0.5967076420783997,bicycle,7.41796875,0.590301513671875
66,2.64,17,374.40179443359375,342.51995849609375,401.31427001953125,406.95428466796875,0.31708717346191406,bicycle,-1.786529541015625,1.3486404418945312
66,2.64,18,0.17830657958984375,373.5162353515625,65.31700134277344,518.2802734375,0.6960087418556213,bicycle,-10.602462768554688,4.363739013671875
66,2.64,19,563.310546875,329.99249267578125,602.880126953125,355.056884765625,0.3424135744571686,car,-1.0152587890625,-0.4949951171875
66,2.64,21,458.77972412109375,311.864013671875,480.8321533203125,357.46368408203125,0.3277880549430847,person,-1.067578125,-0.865130615234375
66,2.64,22,709.7927856445312,330.96661376953125,727.7173461914062,360.45562744140625,0.32232576608657837,person,2.78216552734375,0.9127197265625
66,2.64,23,715.5457763671875,319.52984619140625,760.9681396484375,350.17889404296875,0.3113815486431122,car,0.46826171875,-0.636199951171875
66,2.64,24,238.92555236816406,347.38055419921875,325.9339599609375,472.62457275390625,0.4925004243850708,bicycle,-11.031303405761719,5.547943115234375
66,2.64,25,209.3624267578125,360.16778564453125,279.61468505859375,441.06243896484375,0.3268387019634247,bicycle,-5.024200439453125,5.42291259765625
66,2.64,26,1035.980224609375,224.29078674316406,1279.689208984375,451.87451171875,0.3922536075115204,bus,6.8465576171875,2.4938430786132812
66,2.64,29,515.6854248046875,329.4781494140625,541.0303955078125,381.26495361328125,0.3050444722175598,person,-0.6131184895833334,-0.01800537109375
66,2.64,30,781.3976440429688,308.44818115234375,801.4800415039062,359.68292236328125,0.3336499333381653,person,2.12677001953125,-1.008880615234375
67,2.68,2,1207.030517578125,465.2989501953125,1279.501220703125,645.393798828125,0.6255817413330078,car,17.963134765625,10.13818359375
67,2.68,3,0.09263801574707031,407.98785400390625,20.898448944091797,533.9247436523438,0.6616572141647339,bicycle,-11.90910816192627,6.46868896484375
67,2.68,4,7.123046875,584.9808349609375,1274.5537109375,714.7371826171875,0.6077691316604614,car,4.9805908203125,-0.998046875
67,2.68,5,0.13222503662109375,429.9576110839844,55.75786590576172,581.7860107421875,0.5571983456611633,car,-0.586944580078125,12.802440643310547
67,2.68,7,517.533203125,315.10357666015625,543.85791015625,380.31451416015625,0.5270996689796448,person,0.15936279296875,0.412628173828125
67,2.68,11,1236.147705078125,345.52813720703125,1279.577392578125,435.9029541015625,0.5967076420783997,bicycle,7.41796875,0.590301513671875
67,2.68,17,374.40179443359375,342.51995849609375,401.31427001953125,406.95428466796875,0.31708717346191406,bicycle,-1.786529541015625,1.3486404418945312
67,2.68,18,0.17830657958984375,373.5162353515625,65.31700134277344,518.2802734375,0.6960087418556213,bicycle,-10.602462768554688,4.363739013671875
67,2.68,19,561.7435302734375,328.5125427246094,602.6749267578125,353.5647888183594,0.3276233971118927,car,-0.8861083984375,-1.48602294921875
67,2.68,21,458.77972412109375,311.864013671875,480.8321533203125,357.46368408203125,0.3277880549430847,person,-1.067578125,-0.865130615234375
67,2.68,22,709.7927856445312,330.96661376953125,727.7173461914062,360.45562744140625,0.32232576608657837,person,2.78216552734375,0.9127197265625
67,2.68,23,715.5457763671875,319.52984619140625,760.9681396484375,350.17889404296875,0.3113815486431122,car,0.46826171875,-0.636199951171875
67,2.68,24,238.92555236816406,347.38055419921875,325.9339599609375,472.62457275390625,0.4925004243850708,bicycle,-11.031303405761719,5.547943115234375
67,2.68,25,209.3624267578125,360.16778564453125,279.61468505859375,441.06243896484375,0.3268387019634247,bicycle,-5.024200439453125,5.42291259765625
67,2.68,26,1035.980224609375,224.29078674316406,1279.689208984375,451.87451171875,0.3922536075115204,bus,6.8465576171875,2.4938430786132812
67,2.68,29,515.6854248046875,329.4781494140625,541.0303955078125,381.26495361328125,0.3050444722175598,person,-0.6131184895833334,-0.01800537109375
67,2.68,30,783.3875732421875,307.3512268066406,803.8209228515625,358.9347839355469,0.547376811504364,person,2.1654052734375,-0.92254638671875
68,2.72,2,1207.030517578125,465.2989501953125,1279.501220703125,645.393798828125,0.6255817413330078,car,17.963134765625,10.13818359375
68,2.72,3,0.09263801574707031,407.98785400390625,20.898448944091797,533.9247436523438,0.6616572141647339,bicycle,-11.90910816192627,6.46868896484375
68,2.72,4,5.9195556640625,583.33740234375,1275.407958984375,715.63232421875,0.5704451203346252,car,-0.17462158203125,-0.3741455078125
68,2.72,5,0.13222503662109375,429.9576110839844,55.75786590576172,581.7860107421875,0.5571983456611633,car,-0.586944580078125,12.802440643310547
68,2.72,7,517.5308837890625,314.9952392578125,544.08447265625,379.9683837890625,0.5379608273506165,person,0.11212158203125,-0.22723388671875
68,2.72,11,1236.147705078125,345.52813720703125,1279.577392578125,435.9029541015625,0.5967076420783997,bicycle,7.41796875,0.590301513671875
68,2.72,17,374.40179443359375,342.51995849609375,401.31427001953125,406.95428466796875,0.31708717346191406,bicycle,-1.786529541015625,1.3486404418945312
68,2.72,18,0.17830657958984375,373.5162353515625,65.31700134277344,518.2802734375,0.6960087418556213,bicycle,-10.602462768554688,4.363739013671875
68,2.72,19,561.5711669921875,326.79168701171875,603.1458740234375,353.17547607421875,0.32534611225128174,car,0.1492919921875,-1.055084228515625
68,2.72,21,458.77972412109375,311.864013671875,480.8321533203125,357.46368408203125,0.3277880549430847,person,-1.067578125,-0.865130615234375
68,2.72,22,709.7927856445312,330.96661376953125,727.7173461914062,360.45562744140625,0.32232576608657837,person,2.78216552734375,0.9127197265625
68,2.72,23,718.5767822265625,315.91107177734375,760.7967529296875,347.58978271484375,0.32545986771583557,car,0.71490478515625,-1.551971435546875
68,2.72,24,238.92555236816406,347.38055419921875,325.9339599609375,472.62457275390625,0.4925004243850708,bicycle,-11.031303405761719,5.547943115234375
68,2.72,25,209.3624267578125,360.16778564453125,279.61468505859375,441.06243896484375,0.3268387019634247,bicycle,-5.024200439453125,5.42291259765625
68,2.72,26,1035.980224609375,224.29078674316406,1279.689208984375,451.87451171875,0.3922536075115204,bus,6.8465576171875,2.4938430786132812
68,2.72,29,515.6854248046875,329.4781494140625,541.0303955078125,381.26495361328125,0.3050444722175598,person,-0.6131184895833334,-0.01800537109375
68,2.72,30,783.27685546875,307.13037109375,805.41162109375,362.64990234375,0.7081726789474487,person,0.739990234375,1.74713134765625
68,2.72,31,54.0130615234375,530.6505126953125,1277.9915771484375,712.2559814453125,0.34880387783050537,car,0.0,0.0
69,2.76,2,1207.030517578125,465.2989501953125,1279.501220703125,645.393798828125,0.6255817413330078,car,17.963134765625,10.13818359375
69,2.76,3,0.09263801574707031,407.98785400390625,20.898448944091797,533.9247436523438,0.6616572141647339,bicycle,-11.90910816192627,6.46868896484375
69,2.76,4,5.39794921875,580.728759765625,1276.57421875,715.3780517578125,0.5375568270683289,car,0.32232666015625,-1.43145751953125
69,2.76,5,0.13222503662109375,429.9576110839844,55.75786590576172,581.7860107421875,0.5571983456611633,car,-0.586944580078125,12.802440643310547
69,2.76,7,517.9003295898438,313.7392883300781,544.5134887695312,379.3613586425781,0.5450437664985657,person,0.39923095703125,-0.931488037109375
69,2.76,17,374.40179443359375,342.51995849609375,401.31427001953125,406.95428466796875,0.31708717346191406,bicycle,-1.786529541015625,1.3486404418945312
69,2.76,18,0.17830657958984375,373.5162353515625,65.31700134277344,518.2802734375,0.6960087418556213,bicycle,-10.602462768554688,4.363739013671875
69,2.76,19,561.0244750976562,327.0201110839844,603.3539428710938,352.9798889160156,0.361200213432312,car,-0.1693115234375,0.01641845703125
69,2.76,21,458.77972412109375,311.864013671875,480.8321533203125,357.46368408203125,0.3277880549430847,person,-1.067578125,-0.865130615234375
69,2.76,22,709.7927856445312,330.96661376953125,727.7173461914062,360.45562744140625,0.32232576608657837,person,2.78216552734375,0.9127197265625
69,2.76,23,718.8914794921875,315.897705078125,761.3905029296875,347.75469970703125,0.32320839166641235,car,0.4542236328125,0.075775146484375
69,2.76,24,238.92555236816406,347.38055419921875,325.9339599609375,472.62457275390625,0.4925004243850708,bicycle,-11.031303405761719,5.547943115234375
69,2.76,25,209.3624267578125,360.16778564453125,279.61468505859375,441.06243896484375,0.3268387019634247,bicycle,-5.024200439453125,5.42291259765625
69,2.76,26,1035.980224609375,224.29078674316406,1279.689208984375,451.87451171875,0.3922536075115204,bus,6.8465576171875,2.4938430786132812
69,2.76,29,515.6854248046875,329.4781494140625,541.0303955078125,381.26495361328125,0.3050444722175598,person,-0.6131184895833334,-0.01800537109375
69,2.76,30,784.3734130859375,307.4671630859375,805.8577880859375,360.095947265625,0.5789610743522644,person,0.7713623046875,-1.10858154296875
70,2.8,2,1207.030517578125,465.2989501953125,1279.501220703125,645.393798828125,0.6255817413330078,car,17.963134765625,10.13818359375
70,2.8,3,0.09263801574707031,407.98785400390625,20.898448944091797,533.9247436523438,0.6616572141647339,bicycle,-11.90910816192627,6.46868896484375
70,2.8,4,6.861083984375,580.77294921875,1273.5048828125,715.249267578125,0.5342724919319153,car,-0.8031005859375,-0.04229736328125
70,2.8,5,0.13222503662109375,429.9576110839844,55.75786590576172,581.7860107421875,0.5571983456611633,car,-0.586944580078125,12.802440643310547
70,2.8,7,516.7680053710938,314.0075378417969,544.6547241210938,379.4653015136719,0.5066673755645752,person,-0.49554443359375,0.18609619140625
70,2.8,17,374.40179443359375,342.51995849609375,401.31427001953125,406.95428466796875,0.31708717346191406,bicycle,-1.786529541015625,1.3486404418945312
70,2.8,18,0.17830657958984375,373.5162353515625,65.31700134277344,518.2802734375,0.6960087418556213,bicycle,-10.602462768554688,4.363739013671875
70,2.8,19,561.5642700195312,326.4924011230469,602.7882690429688,353.2713317871094,0.35694989562034607,car,-0.012939453125,-0.118133544921875
70,2.8,21,458.77972412109375,311.864013671875,480.8321533203125,357.46368408203125,0.3277880549430847,person,-1.067578125,-0.865130615234375
70,2.8,22,709.7927856445312,330.96661376953125,727.7173461914062,360.45562744140625,0.32232576608657837,person,2.78216552734375,0.9127197265625
70,2.8,23,717.9991455078125,315.888916015625,763.5838623046875,347.981689453125,0.4764133393764496,car,0.6505126953125,0.109100341796875
70,2.8,24,238.92555236816406,347.38055419921875,325.9339599609375,472.62457275390625,0.4925004243850708,bicycle,-11.031303405761719,5.547943115234375
70,2.8,25,209.3624267578125,360.16778564453125,279.61468505859375,441.06243896484375,0.3268387019634247,bicycle,-5.024200439453125,5.42291259765625
70,2.8,26,1035.980224609375,224.29078674316406,1279.689208984375,451.87451171875,0.3922536075115204,bus,6.8465576171875,2.4938430786132812
70,2.8,29,515.6854248046875,329.4781494140625,541.0303955078125,381.26495361328125,0.3050444722175598,person,-0.6131184895833334,-0.01800537109375
70,2.8,30,786.7346801757812,307.3102111816406,807.6102905273438,361.9779968261719,0.38935521245002747,person,2.056884765625,0.862548828125
70,2.8,32,453.9135437011719,337.9515686035156,492.2810363769531,380.8475036621094,0.38005882501602173,car,0.0,0.0
71,2.84,2,1207.030517578125,465.2989501953125,1279.501220703125,645.393798828125,0.6255817413330078,car,17.963134765625,10.13818359375
71,2.84,3,0.09263801574707031,407.98785400390625,20.898448944091797,533.9247436523438,0.6616572141647339,bicycle,-11.90910816192627,6.46868896484375
71,2.84,4,8.995361328125,569.9073486328125,1271.08544921875,714.5224609375,0.5269922614097595,car,-0.142578125,-5.79620361328125
71,2.84,5,0.13222503662109375,429.9576110839844,55.75786590576172,581.7860107421875,0.5571983456611633,car,-0.586944580078125,12.802440643310547
71,2.84,7,518.3251953125,311.7100830078125,544.61328125,380.1497802734375,0.5839897990226746,person,0.75787353515625,-0.806488037109375
71,2.84,17,374.40179443359375,342.51995849609375,401.31427001953125,406.95428466796875,0.31708717346191406,bicycle,-1.786529541015625,1.3486404418945312
71,2.84,18,0.17830657958984375,373.5162353515625,65.31700134277344,518.2802734375,0.6960087418556213,bicycle,-10.602462768554688,4.363739013671875
71,2.84,19,561.7545166015625,326.8519287109375,603.2872314453125,354.1888427734375,0.3783774673938751,car,0.3446044921875,0.638519287109375
71,2.84,21,458.77972412109375,311.864013671875,480.8321533203125,357.46368408203125,0.3277880549430847,person,-1.067578125,-0.865130615234375
71,2.84,22,709.7927856445312,330.96661376953125,727.7173461914062,360.45562744140625,0.32232576608657837,person,2.78216552734375,0.9127197265625
71,2.84,23,720.58251953125,317.18115234375,764.90869140625,347.6983642578125,0.6108390688896179,car,1.9541015625,0.50445556640625
71,2.84,24,238.92555236816406,347.38055419921875,325.9339599609375,472.62457275390625,0.4925004243850708,bicycle,-11.031303405761719,5.547943115234375
71,2.84,25,209.3624267578125,360.16778564453125,279.61468505859375,441.06243896484375,0.3268387019634247,bicycle,-5.024200439453125,5.42291259765625
71,2.84,26,1035.980224609375,224.29078674316406,1279.689208984375,451.87451171875,0.3922536075115204,bus,6.8465576171875,2.4938430786132812
71,2.84,29,515.6854248046875,329.4781494140625,541.0303955078125,381.26495361328125,0.3050444722175598,person,-0.6131184895833334,-0.01800537109375
71,2.84,30,791.572509765625,306.6130676269531,811.8829345703125,363.1566467285156,0.511119544506073,person,4.55523681640625,0.240753173828125
71,2.84,32,452.50787353515625,339.498291015625,489.85552978515625,382.12109375,0.3292805254459381,car,-1.91558837890625,1.41015625
72,2.88,2,1207.030517578125,465.2989501953125,1279.501220703125,645.393798828125,0.6255817413330078,car,17.963134765625,10.13818359375
72,2.88,3,0.09263801574707031,407.98785400390625,20.898448944091797,533.9247436523438,0.6616572141647339,bicycle,-11.90910816192627,6.46868896484375
72,2.88,4,14.68505859375,581.7150268554688,1270.68896484375,714.8522338867188,0.5024675726890564,car,2.6466064453125,6.0687255859375
72,2.88,5,0.13222503662109375,429.9576110839844,55.75786590576172,581.7860107421875,0.5571983456611633,car,-0.586944580078125,12.802440643310547
72,2.88,7,517.7506713867188,311.183349609375,545.1798706054688,382.606689453125,0.679318368434906,person,-0.00396728515625,0.965087890625
72,2.88,17,374.40179443359375,342.51995849609375,401.31427001953125,406.95428466796875,0.31708717346191406,bicycle,-1.786529541015625,1.3486404418945312
72,2.88,18,0.17830657958984375,373.5162353515625,65.31700134277344,518.2802734375,0.6960087418556213,bicycle,-10.602462768554688,4.363739013671875
72,2.88,19,563.26416015625,328.61676025390625,603.2105712890625,354.8297119140625,0.32280194759368896,car,0.71649169921875,1.202850341796875
72,2.88,21,458.77972412109375,311.864013671875,480.8321533203125,357.46368408203125,0.3277880549430847,person,-1.067578125,-0.865130615234375
72,2.88,22,709.7927856445312,330.96661376953125,727.7173461914062,360.45562744140625,0.32232576608657837,person,2.78216552734375,0.9127197265625
72,2.88,23,723.476318359375,317.16357421875,765.1539306640625,349.5164794921875,0.5091210603713989,car,1.56951904296875,0.9002685546875
72,2.88,24,238.92555236816406,347.38055419921875,325.9339599609375,472.62457275390625,0.4925004243850708,bicycle,-11.031303405761719,5.547943115234375
72,2.88,25,209.3624267578125,360.16778564453125,279.61468505859375,441.06243896484375,0.3268387019634247,bicycle,-5.024200439453125,5.42291259765625
72,2.88,26,1035.980224609375,224.29078674316406,1279.689208984375,451.87451171875,0.3922536075115204,bus,6.8465576171875,2.4938430786132812
72,2.88,29,515.6854248046875,329.4781494140625,541.0303955078125,381.26495361328125,0.3050444722175598,person,-0.6131184895833334,-0.01800537109375
72,2.88,30,794.176513671875,306.96124267578125,813.6285400390625,364.86468505859375,0.49487388134002686,person,2.1748046875,1.028106689453125
73,2.92,2,1207.030517578125,465.2989501953125,1279.501220703125,645.393798828125,0.6255817413330078,car,17.963134765625,10.13818359375
73,2.92,3,0.09263801574707031,407.98785400390625,20.898448944091797,533.9247436523438,0.6616572141647339,bicycle,-11.90910816192627,6.46868896484375
73,2.92,4,10.67138671875,582.0882568359375,1273.876953125,714.7088623046875,0.4813312292098999,car,-0.412841796875,0.11492919921875
73,2.92,5,0.13222503662109375,429.9576110839844,55.75786590576172,581.7860107421875,0.5571983456611633,car,-0.586944580078125,12.802440643310547
73,2.92,7,517.4415283203125,310.7052001953125,545.1573486328125,384.05816650390625,0.694499671459198,person,-0.16583251953125,0.486663818359375
73,2.92,17,374.40179443359375,342.51995849609375,401.31427001953125,406.95428466796875,0.31708717346191406,bicycle,-1.786529541015625,1.3486404418945312
73,2.92,18,0.17830657958984375,373.5162353515625,65.31700134277344,518.2802734375,0.6960087418556213,bicycle,-10.602462768554688,4.363739013671875
73,2.92,19,560.8026123046875,329.60418701171875,602.244873046875,358.239013671875,0.3868294954299927,car,-1.713623046875,2.1983642578125
73,2.92,21,458.77972412109375,311.864013671875,480.8321533203125,357.46368408203125,0.3277880549430847,person,-1.067578125,-0.865130615234375
73,2.92,22,709.7927856445312,330.96661376953125,727.7173461914062,360.45562744140625,0.32232576608657837,person,2.78216552734375,0.9127197265625
73,2.92,23,723.52294921875,318.7431640625,766.3359375,353.55078125,0.47406941652297974,car,0.61431884765625,2.80694580078125
73,2.92,24,238.92555236816406,347.38055419921875,325.9339599609375,472.62457275390625,0.4925004243850708,bicycle,-11.031303405761719,5.547943115234375
73,2.92,25,209.3624267578125,360.16778564453125,279.61468505859375,441.06243896484375,0.3268387019634247,bicycle,-5.024200439453125,5.42291259765625
73,2.92,26,1035.980224609375,224.29078674316406,1279.689208984375,451.87451171875,0.3922536075115204,bus,6.8465576171875,2.4938430786132812
73,2.92,29,515.6854248046875,329.4781494140625,541.0303955078125,381.26495361328125,0.3050444722175598,person,-0.6131184895833334,-0.01800537109375
73,2.92,30,795.77490234375,307.7357177734375,815.9736328125,365.44122314453125,0.590818464756012,person,1.97174072265625,0.675506591796875
74,2.96,2,1207.030517578125,465.2989501953125,1279.501220703125,645.393798828125,0.6255817413330078,car,17.963134765625,10.13818359375
74,2.96,3,0.09263801574707031,407.98785400390625,20.898448944091797,533.9247436523438,0.6616572141647339,bicycle,-11.90910816192627,6.46868896484375
74,2.96,4,23.053955078125,586.7740478515625,1274.16259765625,714.4366455078125,0.5228683948516846,car,6.3341064453125,2.206787109375
74,2.96,5,0.13222503662109375,429.9576110839844,55.75786590576172,581.7860107421875,0.5571983456611633,car,-0.586944580078125,12.802440643310547
74,2.96,7,517.27099609375,311.2696533203125,544.801513671875,385.602783203125,0.7159527540206909,person,-0.26318359375,1.054534912109375
74,2.96,17,374.40179443359375,342.51995849609375,401.31427001953125,406.95428466796875,0.31708717346191406,bicycle,-1.786529541015625,1.3486404418945312
74,2.96,18,0.17830657958984375,373.5162353515625,65.31700134277344,518.2802734375,0.6960087418556213,bicycle,-10.602462768554688,4.363739013671875
74,2.96,19,558.901123046875,329.77703857421875,602.901123046875,358.86846923828125,0.4360780417919159,car,-0.62261962890625,0.401153564453125
74,2.96,21,458.77972412109375,311.864013671875,480.8321533203125,357.46368408203125,0.3277880549430847,person,-1.067578125,-0.865130615234375
74,2.96,22,709.7927856445312,330.96661376953125,727.7173461914062,360.45562744140625,0.32232576608657837,person,2.78216552734375,0.9127197265625
74,2.96,23,723.3704833984375,318.34613037109375,767.5333251953125,354.50103759765625,0.4692097008228302,car,0.5224609375,0.276611328125
74,2.96,24,238.92555236816406,347.38055419921875,325.9339599609375,472.62457275390625,0.4925004243850708,bicycle,-11.031303405761719,5.547943115234375
74,2.96,25,209.3624267578125,360.16778564453125,279.61468505859375,441.06243896484375,0.3268387019634247,bicycle,-5.024200439453125,5.42291259765625
74,2.96,26,1035.980224609375,224.29078674316406,1279.689208984375,451.87451171875,0.3922536075115204,bus,6.8465576171875,2.4938430786132812
74,2.96,29,515.6854248046875,329.4781494140625,541.0303955078125,381.26495361328125,0.3050444722175598,person,-0.6131184895833334,-0.01800537109375
74,2.96,30,799.486083984375,309.0220947265625,820.29541015625,367.1182861328125,0.6334677338600159,person,4.0164794921875,1.481719970703125
75,3.0,2,1207.030517578125,465.2989501953125,1279.501220703125,645.393798828125,0.6255817413330078,car,17.963134765625,10.13818359375
75,3.0,3,0.09263801574707031,407.98785400390625,20.898448944091797,533.9247436523438,0.6616572141647339,bicycle,-11.90910816192627,6.46868896484375
75,3.0,4,23.6710205078125,586.1279296875,1274.336669921875,713.822021484375,0.49010977149009705,car,0.39556884765625,-0.63037109375
75,3.0,5,0.13222503662109375,429.9576110839844,55.75786590576172,581.7860107421875,0.5571983456611633,car,-0.586944580078125,12.802440643310547
75,3.0,7,517.22998046875,312.13909912109375,544.9317626953125,385.47540283203125,0.6782566905021667,person,0.04461669921875,0.37103271484375
75,3.0,17,374.40179443359375,342.51995849609375,401.31427001953125,406.95428466796875,0.31708717346191406,bicycle,-1.786529541015625,1.3486404418945312
75,3.0,18,0.17830657958984375,373.5162353515625,65.31700134277344,518.2802734375,0.6960087418556213,bicycle,-10.602462768554688,4.363739013671875
75,3.0,19,558.7110595703125,330.26361083984375,602.9356689453125,358.95013427734375,0.40699347853660583,car,-0.0777587890625,0.28411865234375
75,3.0,21,458.77972412109375,311.864013671875,480.8321533203125,357.46368408203125,0.3277880549430847,person,-1.067578125,-0.865130615234375
75,3.0,22,709.7927856445312,330.96661376953125,727.7173461914062,360.45562744140625,0.32232576608657837,person,2.78216552734375,0.9127197265625
75,3.0,23,723.1025390625,317.9368896484375,768.3836669921875,355.7928466796875,0.4861757159233093,car,0.29119873046875,0.4412841796875
75,3.0,24,238.92555236816406,347.38055419921875,325.9339599609375,472.62457275390625,0.4925004243850708,bicycle,-11.031303405761719,5.547943115234375
75,3.0,25,209.3624267578125,360.16778564453125,279.61468505859375,441.06243896484375,0.3268387019634247,bicycle,-5.024200439453125,5.42291259765625
75,3.0,26,1035.980224609375,224.29078674316406,1279.689208984375,451.87451171875,0.3922536075115204,bus,6.8465576171875,2.4938430786132812
75,3.0,29,515.6854248046875,329.4781494140625,541.0303955078125,381.26495361328125,0.3050444722175598,person,-0.6131184895833334,-0.01800537109375
75,3.0,30,802.576416015625,310.6504821777344,822.244873046875,366.9251403808594,0.5374115705490112,person,2.5198974609375,0.717620849609375
76,3.04,2,1207.030517578125,465.2989501953125,1279.501220703125,645.393798828125,0.6255817413330078,car,17.963134765625,10.13818359375
76,3.04,3,0.09263801574707031,407.98785400390625,20.898448944091797,533.9247436523438,0.6616572141647339,bicycle,-11.90910816192627,6.46868896484375
76,3.04,4,21.9813232421875,585.9013061523438,1273.4652099609375,713.8272094726562,0.43472641706466675,car,-1.28057861328125,-0.1107177734375
76,3.04,5,0.13222503662109375,429.9576110839844,55.75786590576172,581.7860107421875,0.5571983456611633,car,-0.586944580078125,12.802440643310547
76,3.04,7,516.2918701171875,312.1031494140625,545.0308837890625,386.0667724609375,0.6692313551902771,person,-0.41949462890625,0.2777099609375
76,3.04,17,374.40179443359375,342.51995849609375,401.31427001953125,406.95428466796875,0.31708717346191406,bicycle,-1.786529541015625,1.3486404418945312
76,3.04,18,0.17830657958984375,373.5162353515625,65.31700134277344,518.2802734375,0.6960087418556213,bicycle,-10.602462768554688,4.363739013671875
76,3.04,19,558.4169311523438,330.4786682128906,603.9475708007812,361.5031433105469,0.39355453848838806,car,0.35888671875,1.384033203125
76,3.04,21,458.77972412109375,311.864013671875,480.8321533203125,357.46368408203125,0.3277880549430847,person,-1.067578125,-0.865130615234375
76,3.04,22,709.7927856445312,330.96661376953125,727.7173461914062,360.45562744140625,0.32232576608657837,person,2.78216552734375,0.9127197265625
76,3.04,23,722.729736328125,318.9971923828125,769.425537109375,356.5919189453125,0.5306712985038757,car,0.33453369140625,0.9296875
76,3.04,24,238.92555236816406,347.38055419921875,325.9339599609375,472.62457275390625,0.4925004243850708,bicycle,-11.031303405761719,5.547943115234375
76,3.04,25,209.3624267578125,360.16778564453125,279.61468505859375,441.06243896484375,0.3268387019634247,bicycle,-5.024200439453125,5.42291259765625
76,3.04,26,1035.980224609375,224.29078674316406,1279.689208984375,451.87451171875,0.3922536075115204,bus,6.8465576171875,2.4938430786132812
76,3.04,29,515.6854248046875,329.4781494140625,541.0303955078125,381.26495361328125,0.3050444722175598,person,-0.6131184895833334,-0.01800537109375
76,3.04,30,801.4381103515625,308.159423828125,824.6414794921875,368.322265625,0.602302074432373,person,0.629150390625,-0.546966552734375
77,3.08,2,1207.030517578125,465.2989501953125,1279.501220703125,645.393798828125,0.6255817413330078,car,17.963134765625,10.13818359375
77,3.08,3,0.09263801574707031,407.98785400390625,20.898448944091797,533.9247436523438,0.6616572141647339,bicycle,-11.90910816192627,6.46868896484375
77,3.08,4,6.755859375,584.54931640625,1271.8779296875,714.209716796875,0.4080233573913574,car,-8.4063720703125,-0.4847412109375
77,3.08,5,0.13222503662109375,429.9576110839844,55.75786590576172,581.7860107421875,0.5571983456611633,car,-0.586944580078125,12.802440643310547
77,3.08,7,516.3815307617188,312.43804931640625,544.8995971679688,387.78887939453125,0.6940551996231079,person,-0.02081298828125,1.02850341796875
77,3.08,17,374.40179443359375,342.51995849609375,401.31427001953125,406.95428466796875,0.31708717346191406,bicycle,-1.786529541015625,1.3486404418945312
77,3.08,18,0.17830657958984375,373.5162353515625,65.31700134277344,518.2802734375,0.6960087418556213,bicycle,-10.602462768554688,4.363739013671875
77,3.08,19,558.4169311523438,330.4786682128906,603.9475708007812,361.5031433105469,0.39355453848838806,car,0.35888671875,1.384033203125
77,3.08,21,458.77972412109375,311.864013671875,480.8321533203125,357.46368408203125,0.3277880549430847,person,-1.067578125,-0.865130615234375
77,3.08,22,709.7927856445312,330.96661376953125,727.7173461914062,360.45562744140625,0.32232576608657837,person,2.78216552734375,0.9127197265625
77,3.08,23,726.7896728515625,319.63336181640625,769.866943359375,355.98492431640625,0.5111650824546814,car,2.25067138671875,0.01458740234375
77,3.08,24,238.92555236816406,347.38055419921875,325.9339599609375,472.62457275390625,0.4925004243850708,bicycle,-11.031303405761719,5.547943115234375
77,3.08,25,209.3624267578125,360.16778564453125,279.61468505859375,441.06243896484375,0.3268387019634247,bicycle,-5.024200439453125,5.42291259765625
77,3.08,26,1035.980224609375,224.29078674316406,1279.689208984375,451.87451171875,0.3922536075115204,bus,6.8465576171875,2.4938430786132812
77,3.08,29,515.6854248046875,329.4781494140625,541.0303955078125,381.26495361328125,0.3050444722175598,person,-0.6131184895833334,-0.01800537109375
77,3.08,30,805.9447021484375,310.2266845703125,827.8253173828125,368.36602783203125,0.5173987150192261,person,3.84521484375,1.055511474609375
78,3.12,2,1207.030517578125,465.2989501953125,1279.501220703125,645.393798828125,0.6255817413330078,car,17.963134765625,10.13818359375
78,3.12,3,0.09263801574707031,407.98785400390625,20.898448944091797,533.9247436523438,0.6616572141647339,bicycle,-11.90910816192627,6.46868896484375
78,3.12,4,3.26904296875,586.289306640625,1273.088623046875,714.52587890625,0.4197739362716675,car,-1.1380615234375,1.028076171875
78,3.12,5,0.13222503662109375,429.9576110839844,55.75786590576172,581.7860107421875,0.5571983456611633,car,-0.586944580078125,12.802440643310547
78,3.12,7,517.1370239257812,313.67022705078125,544.8981323242188,387.4366455078125,0.6700913906097412,person,0.37701416015625,0.439971923828125
78,3.12,17,374.40179443359375,342.51995849609375,401.31427001953125,406.95428466796875,0.31708717346191406,bicycle,-1.786529541015625,1.3486404418945312
78,3.12,18,0.17830657958984375,373.5162353515625,65.31700134277344,518.2802734375,0.6960087418556213,bicycle,-10.602462768554688,4.363739013671875
78,3.12,19,558.4169311523438,330.4786682128906,603.9475708007812,361.5031433105469,0.39355453848838806,car,0.35888671875,1.384033203125
78,3.12,21,458.77972412109375,311.864013671875,480.8321533203125,357.46368408203125,0.3277880549430847,person,-1.067578125,-0.865130615234375
78,3.12,22,709.7927856445312,330.96661376953125,727.7173461914062,360.45562744140625,0.32232576608657837,person,2.78216552734375,0.9127197265625
78,3.12,23,731.8419799804688,321.18426513671875,771.4518432617188,351.83123779296875,0.4922572374343872,car,3.318603515625,-1.3013916015625
78,3.12,24,238.92555236816406,347.38055419921875,325.9339599609375,472.62457275390625,0.4925004243850708,bicycle,-11.031303405761719,5.547943115234375
78,3.12,25,209.3624267578125,360.16778564453125,279.61468505859375,441.06243896484375,0.3268387019634247,bicycle,-5.024200439453125,5.42291259765625
78,3.12,26,1035.980224609375,224.29078674316406,1279.689208984375,451.87451171875,0.3922536075115204,bus,6.8465576171875,2.4938430786132812
78,3.12,29,515.6854248046875,329.4781494140625,541.0303955078125,381.26495361328125,0.3050444722175598,person,-0.6131184895833334,-0.01800537109375
78,3.12,30,810.6353759765625,315.3929748535156,831.5218505859375,370.6537780761719,0.5110692381858826,person,4.193603515625,3.727020263671875
79,3.16,2,1207.030517578125,465.2989501953125,1279.501220703125,645.393798828125,0.6255817413330078,car,17.963134765625,10.13818359375
79,3.16,3,0.09263801574707031,407.98785400390625,20.898448944091797,533.9247436523438,0.6616572141647339,bicycle,-11.90910816192627,6.46868896484375
79,3.16,4,2.406494140625,587.3526611328125,1272.918701171875,714.0994873046875,0.4102698266506195,car,-0.5162353515625,0.3184814453125
79,3.16,5,0.13222503662109375,429.9576110839844,55.75786590576172,581.7860107421875,0.5571983456611633,car,-0.586944580078125,12.802440643310547
79,3.16,7,517.1766357421875,313.50439453125,544.3502197265625,387.2806396484375,0.6498516201972961,person,-0.254150390625,-0.160919189453125
79,3.16,18,0.17830657958984375,373.5162353515625,65.31700134277344,518.2802734375,0.6960087418556213,bicycle,-10.602462768554688,4.363739013671875
79,3.16,19,558.4169311523438,330.4786682128906,603.9475708007812,361.5031433105469,0.39355453848838806,car,0.35888671875,1.384033203125
79,3.16,21,458.77972412109375,311.864013671875,480.8321533203125,357.46368408203125,0.3277880549430847,person,-1.067578125,-0.865130615234375
79,3.16,22,709.7927856445312,330.96661376953125,727.7173461914062,360.45562744140625,0.32232576608657837,person,2.78216552734375,0.9127197265625
79,3.16,23,730.5862426757812,322.02978515625,773.4747924804688,359.2332763671875,0.5358173251152039,car,0.38360595703125,4.123779296875
79,3.16,24,238.92555236816406,347.38055419921875,325.9339599609375,472.62457275390625,0.4925004243850708,bicycle,-11.031303405761719,5.547943115234375
79,3.16,25,209.3624267578125,360.16778564453125,279.61468505859375,441.06243896484375,0.3268387019634247,bicycle,-5.024200439453125,5.42291259765625
79,3.16,26,1035.980224609375,224.29078674316406,1279.689208984375,451.87451171875,0.3922536075115204,bus,6.8465576171875,2.4938430786132812
79,3.16,29,515.6854248046875,329.4781494140625,541.0303955078125,381.26495361328125,0.3050444722175598,person,-0.6131184895833334,-0.01800537109375
79,3.16,30,812.371826171875,316.91558837890625,835.4544677734375,372.09991455078125,0.4935123324394226,person,2.83453369140625,1.484375
80,3.2,2,1207.030517578125,465.2989501953125,1279.501220703125,645.393798828125,0.6255817413330078,car,17.963134765625,10.13818359375
80,3.2,3,0.09263801574707031,407.98785400390625,20.898448944091797,533.9247436523438,0.6616572141647339,bicycle,-11.90910816192627,6.46868896484375
80,3.2,4,2.1976318359375,585.4376831054688,1271.3155517578125,714.0372924804688,0.302910178899765,car,-0.906005859375,-0.98858642578125
80,3.2,5,0.13222503662109375,429.9576110839844,55.75786590576172,581.7860107421875,0.5571983456611633,car,-0.586944580078125,12.802440643310547
80,3.2,7,516.767822265625,312.97906494140625,543.431396484375,386.64654541015625,0.6090943217277527,person,-0.663818359375,-0.5797119140625
80,3.2,18,0.17830657958984375,373.5162353515625,65.31700134277344,518.2802734375,0.6960087418556213,bicycle,-10.602462768554688,4.363739013671875
80,3.2,19,558.4169311523438,330.4786682128906,603.9475708007812,361.5031433105469,0.39355453848838806,car,0.35888671875,1.384033203125
80,3.2,21,458.77972412109375,311.864013671875,480.8321533203125,357.46368408203125,0.3277880549430847,person,-1.067578125,-0.865130615234375
80,3.2,22,709.7927856445312,330.96661376953125,727.7173461914062,360.45562744140625,0.32232576608657837,person,2.78216552734375,0.9127197265625
80,3.2,23,730.477783203125,322.52032470703125,774.423583984375,358.46295166015625,0.5186737179756165,car,0.420166015625,-0.139892578125
80,3.2,24,238.92555236816406,347.38055419921875,325.9339599609375,472.62457275390625,0.4925004243850708,bicycle,-11.031303405761719,5.547943115234375
80,3.2,25,209.3624267578125,360.16778564453125,279.61468505859375,441.06243896484375,0.3268387019634247,bicycle,-5.024200439453125,5.42291259765625
80,3.2,26,1035.980224609375,224.29078674316406,1279.689208984375,451.87451171875,0.3922536075115204,bus,6.8465576171875,2.4938430786132812
80,3.2,29,515.6854248046875,329.4781494140625,541.0303955078125,381.26495361328125,0.3050444722175598,person,-0.6131184895833334,-0.01800537109375
80,3.2,30,812.371826171875,316.91558837890625,835.4544677734375,372.09991455078125,0.4935123324394226,person,2.83453369140625,1.484375
81,3.24,2,1207.030517578125,465.2989501953125,1279.501220703125,645.393798828125,0.6255817413330078,car,17.963134765625,10.13818359375
81,3.24,3,0.09263801574707031,407.98785400390625,20.898448944091797,533.9247436523438,0.6616572141647339,bicycle,-11.90910816192627,6.46868896484375
81,3.24,4,1.9822998046875,582.9312744140625,1270.068115234375,713.8555908203125,0.4356614053249359,car,-0.73138427734375,-1.34405517578125
81,3.24,5,0.13222503662109375,429.9576110839844,55.75786590576172,581.7860107421875,0.5571983456611633,car,-0.586944580078125,12.802440643310547
81,3.24,7,516.943115234375,313.796142578125,543.23046875,387.1983642578125,0.6014916896820068,person,-0.0128173828125,0.6844482421875
81,3.24,18,0.17830657958984375,373.5162353515625,65.31700134277344,518.2802734375,0.6960087418556213,bicycle,-10.602462768554688,4.363739013671875
81,3.24,19,558.4169311523438,330.4786682128906,603.9475708007812,361.5031433105469,0.39355453848838806,car,0.35888671875,1.384033203125
81,3.24,21,458.77972412109375,311.864013671875,480.8321533203125,357.46368408203125,0.3277880549430847,person,-1.067578125,-0.865130615234375
81,3.24,22,709.7927856445312,330.96661376953125,727.7173461914062,360.45562744140625,0.32232576608657837,person,2.78216552734375,0.9127197265625
81,3.24,23,727.8518676757812,322.7073059082031,777.4744262695312,365.1692810058594,0.5409777164459229,car,0.21246337890625,3.4466552734375
81,3.24,24,238.92555236816406,347.38055419921875,325.9339599609375,472.62457275390625,0.4925004243850708,bicycle,-11.031303405761719,5.547943115234375
81,3.24,25,209.3624267578125,360.16778564453125,279.61468505859375,441.06243896484375,0.3268387019634247,bicycle,-5.024200439453125,5.42291259765625
81,3.24,26,1035.980224609375,224.29078674316406,1279.689208984375,451.87451171875,0.3922536075115204,bus,6.8465576171875,2.4938430786132812
81,3.24,29,515.6854248046875,329.4781494140625,541.0303955078125,381.26495361328125,0.3050444722175598,person,-0.6131184895833334,-0.01800537109375
81,3.24,30,816.21728515625,315.81842041015625,840.954345703125,374.7142333984375,0.49566447734832764,person,2.336334228515625,0.3792877197265625
82,3.28,2,1207.030517578125,465.2989501953125,1279.501220703125,645.393798828125,0.6255817413330078,car,17.963134765625,10.13818359375
82,3.28,3,0.09263801574707031,407.98785400390625,20.898448944091797,533.9247436523438,0.6616572141647339,bicycle,-11.90910816192627,6.46868896484375
82,3.28,4,2.283935546875,588.870361328125,1272.546875,714.116943359375,0.492062509059906,car,1.39019775390625,3.1002197265625
82,3.28,5,0.13222503662109375,429.9576110839844,55.75786590576172,581.7860107421875,0.5571983456611633,car,-0.586944580078125,12.802440643310547
82,3.28,7,515.0845947265625,315.31268310546875,542.857666015625,386.81243896484375,0.5116478800773621,person,-1.11566162109375,0.5653076171875
82,3.28,18,0.17830657958984375,373.5162353515625,65.31700134277344,518.2802734375,0.6960087418556213,bicycle,-10.602462768554688,4.363739013671875
82,3.28,19,558.4169311523438,330.4786682128906,603.9475708007812,361.5031433105469,0.39355453848838806,car,0.35888671875,1.384033203125
82,3.28,21,458.77972412109375,311.864013671875,480.8321533203125,357.46368408203125,0.3277880549430847,person,-1.067578125,-0.865130615234375
82,3.28,22,709.7927856445312,330.96661376953125,727.7173461914062,360.45562744140625,0.32232576608657837,person,2.78216552734375,0.9127197265625
82,3.28,23,730.1148681640625,322.8077087402344,775.9866943359375,362.2569885253906,0.43454310297966003,car,0.38763427734375,-1.40594482421875
82,3.28,24,238.92555236816406,347.38055419921875,325.9339599609375,472.62457275390625,0.4925004243850708,bicycle,-11.031303405761719,5.547943115234375
82,3.28,25,209.3624267578125,360.16778564453125,279.61468505859375,441.06243896484375,0.3268387019634247,bicycle,-5.024200439453125,5.42291259765625
82,3.28,26,1035.980224609375,224.29078674316406,1279.689208984375,451.87451171875,0.3922536075115204,bus,6.8465576171875,2.4938430786132812
82,3.28,29,515.6854248046875,329.4781494140625,541.0303955078125,381.26495361328125,0.3050444722175598,person,-0.6131184895833334,-0.01800537109375
82,3.28,30,819.2024536132812,316.987060546875,842.3269653320312,375.6556396484375,0.48404499888420105,person,2.17889404296875,1.055023193359375
83,3.32,2,1207.030517578125,465.2989501953125,1279.501220703125,645.393798828125,0.6255817413330078,car,17.963134765625,10.13818359375
83,3.32,3,0.09263801574707031,407.98785400390625,20.898448944091797,533.9247436523438,0.6616572141647339,bicycle,-11.90910816192627,6.46868896484375
83,3.32,4,2.8148193359375,588.5482177734375,1271.467529296875,714.47998046875,0.48718971014022827,car,-0.27423095703125,0.02044677734375
83,3.32,5,0.13222503662109375,429.9576110839844,55.75786590576172,581.7860107421875,0.5571983456611633,car,-0.586944580078125,12.802440643310547
83,3.32,7,514.2396240234375,315.0703125,542.7320556640625,387.4525146484375,0.5166812539100647,person,-0.48529052734375,0.1988525390625
83,3.32,18,0.17830657958984375,373.5162353515625,65.31700134277344,518.2802734375,0.6960087418556213,bicycle,-10.602462768554688,4.363739013671875
83,3.32,19,558.4169311523438,330.4786682128906,603.9475708007812,361.5031433105469,0.39355453848838806,car,0.35888671875,1.384033203125
83,3.32,21,458.77972412109375,311.864013671875,480.8321533203125,357.46368408203125,0.3277880549430847,person,-1.067578125,-0.865130615234375
83,3.32,22,709.7927856445312,330.96661376953125,727.7173461914062,360.45562744140625,0.32232576608657837,person,2.78216552734375,0.9127197265625
83,3.32,23,730.5630493164062,322.31964111328125,778.1525268554688,364.15838623046875,0.43692833185195923,car,1.3070068359375,0.7066650390625
83,3.32,24,238.92555236816406,347.38055419921875,325.9339599609375,472.62457275390625,0.4925004243850708,bicycle,-11.031303405761719,5.547943115234375
83,3.32,25,209.3624267578125,360.16778564453125,279.61468505859375,441.06243896484375,0.3268387019634247,bicycle,-5.024200439453125,5.42291259765625
83,3.32,26,1035.980224609375,224.29078674316406,1279.689208984375,451.87451171875,0.3922536075115204,bus,6.8465576171875,2.4938430786132812
83,3.32,29,515.6854248046875,329.4781494140625,541.0303955078125,381.26495361328125,0.3050444722175598,person,-0.6131184895833334,-0.01800537109375
83,3.32,30,823.3773193359375,314.1702575683594,847.7530517578125,376.3213806152344,0.5536879301071167,person,4.80047607421875,-1.075531005859375
84,3.36,2,1207.030517578125,465.2989501953125,1279.501220703125,645.393798828125,0.6255817413330078,car,17.963134765625,10.13818359375
84,3.36,3,0.09263801574707031,407.98785400390625,20.898448944091797,533.9247436523438,0.6616572141647339,bicycle,-11.90910816192627,6.46868896484375
84,3.36,4,2.906494140625,589.0745849609375,1272.73583984375,714.6317138671875,0.5103933215141296,car,0.67999267578125,0.33905029296875
84,3.36,5,0.13222503662109375,429.9576110839844,55.75786590576172,581.7860107421875,0.5571983456611633,car,-0.586944580078125,12.802440643310547
84,3.36,7,514.734130859375,315.3116760253906,542.3670654296875,387.4562683105469,0.5124819874763489,person,0.06475830078125,0.12255859375
84,3.36,18,0.17830657958984375,373.5162353515625,65.31700134277344,518.2802734375,0.6960087418556213,bicycle,-10.602462768554688,4.363739013671875
84,3.36,19,558.4169311523438,330.4786682128906,603.9475708007812,361.5031433105469,0.39355453848838806,car,0.35888671875,1.384033203125
84,3.36,21,458.77972412109375,311.864013671875,480.8321533203125,357.46368408203125,0.3277880549430847,person,-1.067578125,-0.865130615234375
84,3.36,22,709.7927856445312,330.96661376953125,727.7173461914062,360.45562744140625,0.32232576608657837,person,2.78216552734375,0.9127197265625
84,3.36,23,729.7047119140625,320.7453918457031,780.7996826171875,366.9797668457031,0.5129263997077942,car,0.8944091796875,0.623565673828125
84,3.36,24,238.92555236816406,347.38055419921875,325.9339599609375,472.62457275390625,0.4925004243850708,bicycle,-11.031303405761719,5.547943115234375
84,3.36,25,209.3624267578125,360.16778564453125,279.61468505859375,441.06243896484375,0.3268387019634247,bicycle,-5.024200439453125,5.42291259765625
84,3.36,26,1035.980224609375,224.29078674316406,1279.689208984375,451.87451171875,0.3922536075115204,bus,6.8465576171875,2.4938430786132812
84,3.36,29,515.6854248046875,329.4781494140625,541.0303955078125,381.26495361328125,0.3050444722175598,person,-0.6131184895833334,-0.01800537109375
84,3.36,30,829.5719604492188,318.50421142578125,852.5248413085938,376.24114990234375,0.5024374127388,person,5.48321533203125,2.126861572265625
85,3.4,2,1207.030517578125,465.2989501953125,1279.501220703125,645.393798828125,0.6255817413330078,car,17.963134765625,10.13818359375
85,3.4,3,0.09263801574707031,407.98785400390625,20.898448944091797,533.9247436523438,0.6616572141647339,bicycle,-11.90910816192627,6.46868896484375
85,3.4,4,2.6781005859375,585.3533935546875,1271.564697265625,713.7196044921875,0.42564326524734497,car,-0.69976806640625,-2.316650390625
85,3.4,5,0.13222503662109375,429.9576110839844,55.75786590576172,581.7860107421875,0.5571983456611633,car,-0.586944580078125,12.802440643310547
85,3.4,7,515.345458984375,317.75018310546875,541.42822265625,386.8421630859375,0.5125710368156433,person,-0.16375732421875,0.912200927734375
85,3.4,18,0.17830657958984375,373.5162353515625,65.31700134277344,518.2802734375,0.6960087418556213,bicycle,-10.602462768554688,4.363739013671875
85,3.4,19,554.747314453125,333.7652587890625,601.5262451171875,363.98193359375,0.32519474625587463,car,-0.3383856879340278,0.3202989366319444
85,3.4,21,458.77972412109375,311.864013671875,480.8321533203125,357.46368408203125,0.3277880549430847,person,-1.067578125,-0.865130615234375
85,3.4,22,709.7927856445312,330.96661376953125,727.7173461914062,360.45562744140625,0.32232576608657837,person,2.78216552734375,0.9127197265625
85,3.4,23,730.8992919921875,321.76373291015625,781.5548095703125,365.98663330078125,0.5344606637954712,car,0.974853515625,0.012603759765625
85,3.4,24,238.92555236816406,347.38055419921875,325.9339599609375,472.62457275390625,0.4925004243850708,bicycle,-11.031303405761719,5.547943115234375
85,3.4,25,209.3624267578125,360.16778564453125,279.61468505859375,441.06243896484375,0.3268387019634247,bicycle,-5.024200439453125,5.42291259765625
85,3.4,26,1035.980224609375,224.29078674316406,1279.689208984375,451.87451171875,0.3922536075115204,bus,6.8465576171875,2.4938430786132812
85,3.4,29,515.6854248046875,329.4781494140625,541.0303955078125,381.26495361328125,0.3050444722175598,person,-0.6131184895833334,-0.01800537109375
85,3.4,30,831.236572265625,318.29132080078125,854.14990234375,376.60565185546875,0.48733678460121155,person,1.64483642578125,0.0758056640625
86,3.44,2,1207.030517578125,465.2989501953125,1279.501220703125,645.393798828125,0.6255817413330078,car,17.963134765625,10.13818359375
86,3.44,3,0.09263801574707031,407.98785400390625,20.898448944091797,533.9247436523438,0.6616572141647339,bicycle,-11.90910816192627,6.46868896484375
86,3.44,4,3.099609375,588.071044921875,1270.2474365234375,714.20849609375,0.5476365685462952,car,-0.4478759765625,1.603271484375
86,3.44,5,0.13222503662109375,429.9576110839844,55.75786590576172,581.7860107421875,0.5571983456611633,car,-0.586944580078125,12.802440643310547
86,3.44,7,513.1572265625,317.4661865234375,540.9228515625,384.4893798828125,0.598477840423584,person,-1.3468017578125,-1.318389892578125
86,3.44,18,0.17830657958984375,373.5162353515625,65.31700134277344,518.2802734375,0.6960087418556213,bicycle,-10.602462768554688,4.363739013671875
86,3.44,19,554.747314453125,333.7652587890625,601.5262451171875,363.98193359375,0.32519474625587463,car,-0.3383856879340278,0.3202989366319444
86,3.44,21,458.77972412109375,311.864013671875,480.8321533203125,357.46368408203125,0.3277880549430847,person,-1.067578125,-0.865130615234375
86,3.44,22,709.7927856445312,330.96661376953125,727.7173461914062,360.45562744140625,0.32232576608657837,person,2.78216552734375,0.9127197265625
86,3.44,23,730.9475708007812,321.2626953125,782.0917358398438,366.9505615234375,0.4398960471153259,car,0.2926025390625,0.2314453125
86,3.44,24,238.92555236816406,347.38055419921875,325.9339599609375,472.62457275390625,0.4925004243850708,bicycle,-11.031303405761719,5.547943115234375
86,3.44,25,209.3624267578125,360.16778564453125,279.61468505859375,441.06243896484375,0.3268387019634247,bicycle,-5.024200439453125,5.42291259765625
86,3.44,26,1035.980224609375,224.29078674316406,1279.689208984375,451.87451171875,0.3922536075115204,bus,6.8465576171875,2.4938430786132812
86,3.44,29,515.6854248046875,329.4781494140625,541.0303955078125,381.26495361328125,0.3050444722175598,person,-0.6131184895833334,-0.01800537109375
86,3.44,30,834.9310302734375,318.2274169921875,858.3316650390625,376.583984375,0.5002944469451904,person,3.9381103515625,-0.04278564453125
87,3.48,2,1207.030517578125,465.2989501953125,1279.501220703125,645.393798828125,0.6255817413330078,car,17.963134765625,10.13818359375
87,3.48,3,0.09263801574707031,407.98785400390625,20.898448944091797,533.9247436523438,0.6616572141647339,bicycle,-11.90910816192627,6.46868896484375
87,3.48,4,3.73681640625,587.77294921875,1273.097412109375,714.4276123046875,0.5007750988006592,car,1.74359130859375,-0.03948974609375
87,3.48,5,0.13222503662109375,429.9576110839844,55.75786590576172,581.7860107421875,0.5571983456611633,car,-0.586944580078125,12.802440643310547
87,3.48,7,516.55615234375,314.76593017578125,540.511962890625,385.50518798828125,0.6496493816375732,person,1.4940185546875,-0.84222412109375
87,3.48,18,0.17830657958984375,373.5162353515625,65.31700134277344,518.2802734375,0.6960087418556213,bicycle,-10.602462768554688,4.363739013671875
87,3.48,19,554.747314453125,333.7652587890625,601.5262451171875,363.98193359375,0.32519474625587463,car,-0.3383856879340278,0.3202989366319444
87,3.48,21,458.77972412109375,311.864013671875,480.8321533203125,357.46368408203125,0.3277880549430847,person,-1.067578125,-0.865130615234375
87,3.48,22,709.7927856445312,330.96661376953125,727.7173461914062,360.45562744140625,0.32232576608657837,person,2.78216552734375,0.9127197265625
87,3.48,23,732.91552734375,321.787353515625,782.773193359375,363.43072509765625,0.3305208086967468,car,1.32470703125,-1.497589111328125
87,3.48,24,238.92555236816406,347.38055419921875,325.9339599609375,472.62457275390625,0.4925004243850708,bicycle,-11.031303405761719,5.547943115234375
87,3.48,25,209.3624267578125,360.16778564453125,279.61468505859375,441.06243896484375,0.3268387019634247,bicycle,-5.024200439453125,5.42291259765625
87,3.48,26,1035.980224609375,224.29078674316406,1279.689208984375,451.87451171875,0.3922536075115204,bus,6.8465576171875,2.4938430786132812
87,3.48,29,515.6854248046875,329.4781494140625,541.0303955078125,381.26495361328125,0.3050444722175598,person,-0.6131184895833334,-0.01800537109375
87,3.48,30,837.957763671875,314.6239013671875,862.628173828125,378.07696533203125,0.5707521438598633,person,3.66162109375,-1.055267333984375
88,3.52,2,1207.030517578125,465.2989501953125,1279.501220703125,645.393798828125,0.6255817413330078,car,17.963134765625,10.13818359375
88,3.52,3,0.09263801574707031,407.98785400390625,20.898448944091797,533.9247436523438,0.6616572141647339,bicycle,-11.90910816192627,6.46868896484375
88,3.52,4,3.267822265625,588.4132080078125,1271.927490234375,714.3485107421875,0.49551400542259216,car,-0.8194580078125,0.28057861328125
88,3.52,5,0.13222503662109375,429.9576110839844,55.75786590576172,581.7860107421875,0.5571983456611633,car,-0.586944580078125,12.802440643310547
88,3.52,7,516.4574584960938,314.37225341796875,540.4546508789062,385.11016845703125,0.6206700801849365,person,-0.0780029296875,-0.39434814453125
88,3.52,18,0.17830657958984375,373.5162353515625,65.31700134277344,518.2802734375,0.6960087418556213,bicycle,-10.602462768554688,4.363739013671875
88,3.52,19,554.747314453125,333.7652587890625,601.5262451171875,363.98193359375,0.32519474625587463,car,-0.3383856879340278,0.3202989366319444
88,3.52,21,458.77972412109375,311.864013671875,480.8321533203125,357.46368408203125,0.3277880549430847,person,-1.067578125,-0.865130615234375
88,3.52,22,709.7927856445312,330.96661376953125,727.7173461914062,360.45562744140625,0.32232576608657837,person,2.78216552734375,0.9127197265625
88,3.52,23,733.7730712890625,321.1171569824219,783.1190185546875,359.7846374511719,0.32083016633987427,car,0.6016845703125,-2.15814208984375
88,3.52,24,238.92555236816406,347.38055419921875,325.9339599609375,472.62457275390625,0.4925004243850708,bicycle,-11.031303405761719,5.547943115234375
88,3.52,25,209.3624267578125,360.16778564453125,279.61468505859375,441.06243896484375,0.3268387019634247,bicycle,-5.024200439453125,5.42291259765625
88,3.52,26,1035.980224609375,224.29078674316406,1279.689208984375,451.87451171875,0.3922536075115204,bus,6.8465576171875,2.4938430786132812
88,3.52,29,515.6854248046875,329.4781494140625,541.0303955078125,381.26495361328125,0.3050444722175598,person,-0.6131184895833334,-0.01800537109375
88,3.52,30,840.2852783203125,314.10357666015625,866.1043701171875,379.12591552734375,0.590590238571167,person,2.90185546875,0.264312744140625
89,3.56,2,1207.030517578125,465.2989501953125,1279.501220703125,645.393798828125,0.6255817413330078,car,17.963134765625,10.13818359375
89,3.56,3,0.09263801574707031,407.98785400390625,20.898448944091797,533.9247436523438,0.6616572141647339,bicycle,-11.90910816192627,6.46868896484375
89,3.56,4,3.628662109375,589.58740234375,1272.380126953125,714.365234375,0.45452845096588135,car,0.40673828125,0.595458984375
89,3.56,5,0.13222503662109375,429.9576110839844,55.75786590576172,581.7860107421875,0.5571983456611633,car,-0.586944580078125,12.802440643310547
89,3.56,7,513.9121704101562,312.91070556640625,540.0170288085938,383.04071044921875,0.6173495650291443,person,-1.491455078125,-1.7655029296875
89,3.56,18,0.17830657958984375,373.5162353515625,65.31700134277344,518.2802734375,0.6960087418556213,bicycle,-10.602462768554688,4.363739013671875
89,3.56,19,554.747314453125,333.7652587890625,601.5262451171875,363.98193359375,0.32519474625587463,car,-0.3383856879340278,0.3202989366319444
89,3.56,21,458.77972412109375,311.864013671875,480.8321533203125,357.46368408203125,0.3277880549430847,person,-1.067578125,-0.865130615234375
89,3.56,22,709.7927856445312,330.96661376953125,727.7173461914062,360.45562744140625,0.32232576608657837,person,2.78216552734375,0.9127197265625
89,3.56,23,733.7730712890625,321.1171569824219,783.1190185546875,359.7846374511719,0.32083016633987427,car,0.6016845703125,-2.15814208984375
89,3.56,24,238.92555236816406,347.38055419921875,325.9339599609375,472.62457275390625,0.4925004243850708,bicycle,-11.031303405761719,5.547943115234375
89,3.56,25,209.3624267578125,360.16778564453125,279.61468505859375,441.06243896484375,0.3268387019634247,bicycle,-5.024200439453125,5.42291259765625
89,3.56,26,1035.980224609375,224.29078674316406,1279.689208984375,451.87451171875,0.3922536075115204,bus,6.8465576171875,2.4938430786132812
89,3.56,29,515.6854248046875,329.4781494140625,541.0303955078125,381.26495361328125,0.3050444722175598,person,-0.6131184895833334,-0.01800537109375
89,3.56,30,843.4554443359375,315.818359375,867.6619873046875,377.798583984375,0.5891714096069336,person,2.3638916015625,0.1937255859375
89,3.56,33,411.03424072265625,307.1063232421875,439.34820556640625,356.698974609375,0.4432249665260315,person,0.0,0.0
90,3.6,2,1207.030517578125,465.2989501953125,1279.501220703125,645.393798828125,0.6255817413330078,car,17.963134765625,10.13818359375
90,3.6,3,0.09263801574707031,407.98785400390625,20.898448944091797,533.9247436523438,0.6616572141647339,bicycle,-11.90910816192627,6.46868896484375
90,3.6,4,4.1275634765625,590.5150146484375,1272.6612548828125,714.4197998046875,0.48529401421546936,car,0.3900146484375,0.4910888671875
90,3.6,5,0.13222503662109375,429.9576110839844,55.75786590576172,581.7860107421875,0.5571983456611633,car,-0.586944580078125,12.802440643310547
90,3.6,7,512.8951416015625,311.7972412109375,540.05859375,384.8416748046875,0.6782492399215698,person,-0.48773193359375,0.34375
90,3.6,18,0.17830657958984375,373.5162353515625,65.31700134277344,518.2802734375,0.6960087418556213,bicycle,-10.602462768554688,4.363739013671875
90,3.6,19,554.747314453125,333.7652587890625,601.5262451171875,363.98193359375,0.32519474625587463,car,-0.3383856879340278,0.3202989366319444
90,3.6,21,458.77972412109375,311.864013671875,480.8321533203125,357.46368408203125,0.3277880549430847,person,-1.067578125,-0.865130615234375
90,3.6,22,709.7927856445312,330.96661376953125,727.7173461914062,360.45562744140625,0.32232576608657837,person,2.78216552734375,0.9127197265625
90,3.6,23,733.7730712890625,321.1171569824219,783.1190185546875,359.7846374511719,0.32083016633987427,car,0.6016845703125,-2.15814208984375
90,3.6,24,238.92555236816406,347.38055419921875,325.9339599609375,472.62457275390625,0.4925004243850708,bicycle,-11.031303405761719,5.547943115234375
90,3.6,25,209.3624267578125,360.16778564453125,279.61468505859375,441.06243896484375,0.3268387019634247,bicycle,-5.024200439453125,5.42291259765625
90,3.6,26,1035.980224609375,224.29078674316406,1279.689208984375,451.87451171875,0.3922536075115204,bus,6.8465576171875,2.4938430786132812
90,3.6,29,515.6854248046875,329.4781494140625,541.0303955078125,381.26495361328125,0.3050444722175598,person,-0.6131184895833334,-0.01800537109375
90,3.6,30,843.9873046875,314.6219482421875,870.7666015625,377.83404541015625,0.6173281073570251,person,1.8182373046875,-0.580474853515625
90,3.6,33,408.23748779296875,307.5360107421875,437.32733154296875,358.1005859375,0.3306008577346802,person,-2.4088134765625,0.9156494140625
91,3.64,2,1207.030517578125,465.2989501953125,1279.501220703125,645.393798828125,0.6255817413330078,car,17.963134765625,10.13818359375
91,3.64,3,0.09263801574707031,407.98785400390625,20.898448944091797,533.9247436523438,0.6616572141647339,bicycle,-11.90910816192627,6.46868896484375
91,3.64,4,2.4091796875,591.0882568359375,1268.53125,714.5064697265625,0.5080811977386475,car,-2.9241943359375,0.3299560546875
91,3.64,5,0.13222503662109375,429.9576110839844,55.75786590576172,581.7860107421875,0.5571983456611633,car,-0.586944580078125,12.802440643310547
91,3.64,7,513.052978515625,311.0611572265625,540.489013671875,384.3878173828125,0.721682071685791,person,0.29412841796875,-0.594970703125
91,3.64,18,0.17830657958984375,373.5162353515625,65.31700134277344,518.2802734375,0.6960087418556213,bicycle,-10.602462768554688,4.363739013671875
91,3.64,19,554.747314453125,333.7652587890625,601.5262451171875,363.98193359375,0.32519474625587463,car,-0.3383856879340278,0.3202989366319444
91,3.64,21,458.77972412109375,311.864013671875,480.8321533203125,357.46368408203125,0.3277880549430847,person,-1.067578125,-0.865130615234375
91,3.64,22,709.7927856445312,330.96661376953125,727.7173461914062,360.45562744140625,0.32232576608657837,person,2.78216552734375,0.9127197265625
91,3.64,23,733.7730712890625,321.1171569824219,783.1190185546875,359.7846374511719,0.32083016633987427,car,0.6016845703125,-2.15814208984375
91,3.64,24,238.92555236816406,347.38055419921875,325.9339599609375,472.62457275390625,0.4925004243850708,bicycle,-11.031303405761719,5.547943115234375
91,3.64,25,209.3624267578125,360.16778564453125,279.61468505859375,441.06243896484375,0.3268387019634247,bicycle,-5.024200439453125,5.42291259765625
91,3.64,26,1035.980224609375,224.29078674316406,1279.689208984375,451.87451171875,0.3922536075115204,bus,6.8465576171875,2.4938430786132812
91,3.64,29,515.6854248046875,329.4781494140625,541.0303955078125,381.26495361328125,0.3050444722175598,person,-0.6131184895833334,-0.01800537109375
91,3.64,30,848.7843017578125,312.90594482421875,872.9168701171875,377.92181396484375,0.6252138614654541,person,3.4736328125,-0.814117431640625
91,3.64,33,406.33197021484375,306.8941650390625,436.18548583984375,359.52325439453125,0.46323010325431824,person,-1.523681640625,0.390411376953125
92,3.68,2,1207.030517578125,465.2989501953125,1279.501220703125,645.393798828125,0.6255817413330078,car,17.963134765625,10.13818359375
92,3.68,3,0.09263801574707031,407.98785400390625,20.898448944091797,533.9247436523438,0.6616572141647339,bicycle,-11.90910816192627,6.46868896484375
92,3.68,4,2.9627685546875,589.9923095703125,1271.3275146484375,714.9842529296875,0.5251443386077881,car,1.6749267578125,-0.30908203125
92,3.68,5,0.13222503662109375,429.9576110839844,55.75786590576172,581.7860107421875,0.5571983456611633,car,-0.586944580078125,12.802440643310547
92,3.68,7,513.1279296875,311.53912353515625,539.328125,385.11785888671875,0.6913250088691711,person,-0.54296875,0.60400390625
92,3.68,18,0.17830657958984375,373.5162353515625,65.31700134277344,518.2802734375,0.6960087418556213,bicycle,-10.602462768554688,4.363739013671875
92,3.68,19,554.747314453125,333.7652587890625,601.5262451171875,363.98193359375,0.32519474625587463,car,-0.3383856879340278,0.3202989366319444
92,3.68,21,458.77972412109375,311.864013671875,480.8321533203125,357.46368408203125,0.3277880549430847,person,-1.067578125,-0.865130615234375
92,3.68,22,709.7927856445312,330.96661376953125,727.7173461914062,360.45562744140625,0.32232576608657837,person,2.78216552734375,0.9127197265625
92,3.68,23,733.7730712890625,321.1171569824219,783.1190185546875,359.7846374511719,0.32083016633987427,car,0.6016845703125,-2.15814208984375
92,3.68,24,238.92555236816406,347.38055419921875,325.9339599609375,472.62457275390625,0.4925004243850708,bicycle,-11.031303405761719,5.547943115234375
92,3.68,25,209.3624267578125,360.16778564453125,279.61468505859375,441.06243896484375,0.3268387019634247,bicycle,-5.024200439453125,5.42291259765625
92,3.68,26,1035.980224609375,224.29078674316406,1279.689208984375,451.87451171875,0.3922536075115204,bus,6.8465576171875,2.4938430786132812
92,3.68,29,515.6854248046875,329.4781494140625,541.0303955078125,381.26495361328125,0.3050444722175598,person,-0.6131184895833334,-0.01800537109375
92,3.68,30,853.2941284179688,311.5594177246094,878.2000122070312,381.5497741699219,0.6321344375610352,person,4.896484375,1.140716552734375
92,3.68,33,405.2789306640625,306.4621276855469,433.074462890625,360.5798645019531,0.3210879862308502,person,-2.08203125,0.312286376953125
93,3.72,2,1207.030517578125,465.2989501953125,1279.501220703125,645.393798828125,0.6255817413330078,car,17.963134765625,10.13818359375
93,3.72,3,0.09263801574707031,407.98785400390625,20.898448944091797,533.9247436523438,0.6616572141647339,bicycle,-11.90910816192627,6.46868896484375
93,3.72,4,3.460693359375,589.1298217773438,1271.5458984375,714.9314575195312,0.5562037229537964,car,0.358154296875,-0.4576416015625
93,3.72,5,0.13222503662109375,429.9576110839844,55.75786590576172,581.7860107421875,0.5571983456611633,car,-0.586944580078125,12.802440643310547
93,3.72,7,512.185302734375,311.8076171875,538.6181640625,384.96875,0.7374469041824341,person,-0.8262939453125,0.0596923828125
93,3.72,18,0.17830657958984375,373.5162353515625,65.31700134277344,518.2802734375,0.6960087418556213,bicycle,-10.602462768554688,4.363739013671875
93,3.72,19,554.747314453125,333.7652587890625,601.5262451171875,363.98193359375,0.32519474625587463,car,-0.3383856879340278,0.3202989366319444
93,3.72,21,458.77972412109375,311.864013671875,480.8321533203125,357.46368408203125,0.3277880549430847,person,-1.067578125,-0.865130615234375
93,3.72,22,709.7927856445312,330.96661376953125,727.7173461914062,360.45562744140625,0.32232576608657837,person,2.78216552734375,0.9127197265625
93,3.72,23,737.5111083984375,321.7123718261719,792.7078857421875,365.9919738769531,0.33236953616142273,car,1.3326904296875,0.680255126953125
93,3.72,25,209.3624267578125,360.16778564453125,279.61468505859375,441.06243896484375,0.3268387019634247,bicycle,-5.024200439453125,5.42291259765625
93,3.72,26,1035.980224609375,224.29078674316406,1279.689208984375,451.87451171875,0.3922536075115204,bus,6.8465576171875,2.4938430786132812
93,3.72,29,515.6854248046875,329.4781494140625,541.0303955078125,381.26495361328125,0.3050444722175598,person,-0.6131184895833334,-0.01800537109375
93,3.72,30,858.3902587890625,313.2083740234375,883.6488037109375,382.059326171875,0.6447078585624695,person,5.2724609375,1.079254150390625
93,3.72,33,404.406005859375,304.98602294921875,433.722900390625,362.037841796875,0.45991086959838867,person,-0.11224365234375,-0.009063720703125
94,3.76,2,1207.030517578125,465.2989501953125,1279.501220703125,645.393798828125,0.6255817413330078,car,17.963134765625,10.13818359375
94,3.76,3,0.09263801574707031,407.98785400390625,20.898448944091797,533.9247436523438,0.6616572141647339,bicycle,-11.90910816192627,6.46868896484375
94,3.76,4,3.512939453125,589.7815551757812,1272.54736328125,714.6929321289062,0.5729817748069763,car,0.52685546875,0.20660400390625
94,3.76,5,0.13222503662109375,429.9576110839844,55.75786590576172,581.7860107421875,0.5571983456611633,car,-0.586944580078125,12.802440643310547
94,3.76,7,511.63677978515625,312.6474609375,538.7335815429688,385.78955078125,0.7258632183074951,person,-0.216552734375,0.830322265625
94,3.76,18,0.17830657958984375,373.5162353515625,65.31700134277344,518.2802734375,0.6960087418556213,bicycle,-10.602462768554688,4.363739013671875
94,3.76,19,554.747314453125,333.7652587890625,601.5262451171875,363.98193359375,0.32519474625587463,car,-0.3383856879340278,0.3202989366319444
94,3.76,21,458.77972412109375,311.864013671875,480.8321533203125,357.46368408203125,0.3277880549430847,person,-1.067578125,-0.865130615234375
94,3.76,22,709.7927856445312,330.96661376953125,727.7173461914062,360.45562744140625,0.32232576608657837,person,2.78216552734375,0.9127197265625
94,3.76,23,738.837158203125,321.22723388671875,792.4638671875,366.10797119140625,0.4132992625236511,car,0.541015625,-0.1845703125
94,3.76,25,209.3624267578125,360.16778564453125,279.61468505859375,441.06243896484375,0.3268387019634247,bicycle,-5.024200439453125,5.42291259765625
94,3.76,26,1035.980224609375,224.29078674316406,1279.689208984375,451.87451171875,0.3922536075115204,bus,6.8465576171875,2.4938430786132812
94,3.76,29,515.6854248046875,329.4781494140625,541.0303955078125,381.26495361328125,0.3050444722175598,person,-0.6131184895833334,-0.01800537109375
94,3.76,30,861.894287109375,313.09429931640625,886.3583984375,384.6204833984375,0.583112895488739,person,3.1068115234375,1.223541259765625
94,3.76,33,400.2524108886719,306.1588439941406,430.5977478027344,362.9164123535156,0.41890108585357666,person,-3.639373779296875,1.02569580078125
95,3.8,2,1207.030517578125,465.2989501953125,1279.501220703125,645.393798828125,0.6255817413330078,car,17.963134765625,10.13818359375
95,3.8,3,0.09263801574707031,407.98785400390625,20.898448944091797,533.9247436523438,0.6616572141647339,bicycle,-11.90910816192627,6.46868896484375
95,3.8,4,4.5233154296875,590.00341796875,1273.5626220703125,714.7236328125,0.5431501269340515,car,1.0128173828125,0.12628173828125
95,3.8,5,0.13222503662109375,429.9576110839844,55.75786590576172,581.7860107421875,0.5571983456611633,car,-0.586944580078125,12.802440643310547
95,3.8,7,511.72430419921875,313.63427734375,539.6089477539062,386.35125732421875,0.6735033988952637,person,0.4814453125,0.774261474609375
95,3.8,18,0.17830657958984375,373.5162353515625,65.31700134277344,518.2802734375,0.6960087418556213,bicycle,-10.602462768554688,4.363739013671875
95,3.8,19,554.747314453125,333.7652587890625,601.5262451171875,363.98193359375,0.32519474625587463,car,-0.3383856879340278,0.3202989366319444
95,3.8,21,458.77972412109375,311.864013671875,480.8321533203125,357.46368408203125,0.3277880549430847,person,-1.067578125,-0.865130615234375
95,3.8,22,709.7927856445312,330.96661376953125,727.7173461914062,360.45562744140625,0.32232576608657837,person,2.78216552734375,0.9127197265625
95,3.8,23,739.8466796875,320.15069580078125,795.13134765625,367.34002685546875,0.548985481262207,car,1.8385009765625,0.0777587890625
95,3.8,25,209.3624267578125,360.16778564453125,279.61468505859375,441.06243896484375,0.3268387019634247,bicycle,-5.024200439453125,5.42291259765625
95,3.8,26,1035.980224609375,224.29078674316406,1279.689208984375,451.87451171875,0.3922536075115204,bus,6.8465576171875,2.4938430786132812
95,3.8,29,515.6854248046875,329.4781494140625,541.0303955078125,381.26495361328125,0.3050444722175598,person,-0.6131184895833334,-0.01800537109375
95,3.8,30,865.067626953125,310.89044189453125,892.8458251953125,385.19390869140625,0.6828016042709351,person,4.83038330078125,-0.815216064453125
95,3.8,33,401.6419982910156,304.90283203125,429.4795837402344,363.64227294921875,0.39010700583457947,person,0.135711669921875,-0.26507568359375
96,3.84,2,1207.030517578125,465.2989501953125,1279.501220703125,645.393798828125,0.6255817413330078,car,17.963134765625,10.13818359375
96,3.84,3,0.09263801574707031,407.98785400390625,20.898448944091797,533.9247436523438,0.6616572141647339,bicycle,-11.90910816192627,6.46868896484375
96,3.84,4,3.81201171875,589.208984375,1273.294921875,714.68359375,0.48192885518074036,car,-0.489501953125,-0.417236328125
96,3.84,5,0.13222503662109375,429.9576110839844,55.75786590576172,581.7860107421875,0.5571983456611633,car,-0.586944580078125,12.802440643310547
96,3.84,7,511.8291320800781,312.7845764160156,540.16455078125,387.1493225097656,0.6648121476173401,person,0.3302154541015625,-0.02581787109375
96,3.84,18,0.17830657958984375,373.5162353515625,65.31700134277344,518.2802734375,0.6960087418556213,bicycle,-10.602462768554688,4.363739013671875
96,3.84,19,554.747314453125,333.7652587890625,601.5262451171875,363.98193359375,0.32519474625587463,car,-0.3383856879340278,0.3202989366319444
96,3.84,21,458.77972412109375,311.864013671875,480.8321533203125,357.46368408203125,0.3277880549430847,person,-1.067578125,-0.865130615234375
96,3.84,22,709.7927856445312,330.96661376953125,727.7173461914062,360.45562744140625,0.32232576608657837,person,2.78216552734375,0.9127197265625
96,3.84,23,740.689208984375,320.03472900390625,794.138427734375,368.0970458984375,0.577973484992981,car,-0.0751953125,0.320526123046875
96,3.84,25,209.3624267578125,360.16778564453125,279.61468505859375,441.06243896484375,0.3268387019634247,bicycle,-5.024200439453125,5.42291259765625
96,3.84,26,1035.980224609375,224.29078674316406,1279.689208984375,451.87451171875,0.3922536075115204,bus,6.8465576171875,2.4938430786132812
96,3.84,29,515.6854248046875,329.4781494140625,541.0303955078125,381.26495361328125,0.3050444722175598,person,-0.6131184895833334,-0.01800537109375
96,3.84,30,868.9815673828125,310.3653564453125,896.3006591796875,387.3408203125,0.6704961657524109,person,3.68438720703125,0.8109130859375
96,3.84,33,399.509033203125,304.7671813964844,426.3619384765625,366.1867370605469,0.3202535808086395,person,-2.62530517578125,1.20440673828125
97,3.88,2,1207.030517578125,465.2989501953125,1279.501220703125,645.393798828125,0.6255817413330078,car,17.963134765625,10.13818359375
97,3.88,3,0.09263801574707031,407.98785400390625,20.898448944091797,533.9247436523438,0.6616572141647339,bicycle,-11.90910816192627,6.46868896484375
97,3.88,4,4.095703125,589.7297973632812,1275.790283203125,714.5651245117188,0.4954565763473511,car,1.3895263671875,0.201171875
97,3.88,5,0.13222503662109375,429.9576110839844,55.75786590576172,581.7860107421875,0.5571983456611633,car,-0.586944580078125,12.802440643310547
97,3.88,7,510.971435546875,313.620849609375,541.316650390625,388.005615234375,0.6399774551391602,person,0.1472015380859375,0.846282958984375
97,3.88,18,0.17830657958984375,373.5162353515625,65.31700134277344,518.2802734375,0.6960087418556213,bicycle,-10.602462768554688,4.363739013671875
97,3.88,19,554.747314453125,333.7652587890625,601.5262451171875,363.98193359375,0.32519474625587463,car,-0.3383856879340278,0.3202989366319444
97,3.88,21,458.77972412109375,311.864013671875,480.8321533203125,357.46368408203125,0.3277880549430847,person,-1.067578125,-0.865130615234375
97,3.88,22,709.7927856445312,330.96661376953125,727.7173461914062,360.45562744140625,0.32232576608657837,person,2.78216552734375,0.9127197265625
97,3.88,23,741.7945556640625,320.82672119140625,794.5689697265625,369.77655029296875,0.63585364818573,car,0.7679443359375,1.235748291015625
97,3.88,25,209.3624267578125,360.16778564453125,279.61468505859375,441.06243896484375,0.3268387019634247,bicycle,-5.024200439453125,5.42291259765625
97,3.88,26,1035.980224609375,224.29078674316406,1279.689208984375,451.87451171875,0.3922536075115204,bus,6.8465576171875,2.4938430786132812
97,3.88,29,515.6854248046875,329.4781494140625,541.0303955078125,381.26495361328125,0.3050444722175598,person,-0.6131184895833334,-0.01800537109375
97,3.88,30,874.4732666015625,312.6684875488281,902.1212158203125,388.9613952636719,0.6737675666809082,person,5.6561279296875,1.96185302734375
97,3.88,33,399.509033203125,304.7671813964844,426.3619384765625,366.1867370605469,0.3202535808086395,person,-2.62530517578125,1.20440673828125
98,3.92,2,1207.030517578125,465.2989501953125,1279.501220703125,645.393798828125,0.6255817413330078,car,17.963134765625,10.13818359375
98,3.92,3,0.09263801574707031,407.98785400390625,20.898448944091797,533.9247436523438,0.6616572141647339,bicycle,-11.90910816192627,6.46868896484375
98,3.92,4,4.2828369140625,589.600341796875,1276.1741943359375,714.633056640625,0.5152466893196106,car,0.2855224609375,-0.03076171875
98,3.92,5,0.13222503662109375,429.9576110839844,55.75786590576172,581.7860107421875,0.5571983456611633,car,-0.586944580078125,12.802440643310547
98,3.92,7,514.1614990234375,312.8584899902344,543.1468505859375,386.7105407714844,0.5895576477050781,person,2.5101318359375,-1.028717041015625
98,3.92,18,0.17830657958984375,373.5162353515625,65.31700134277344,518.2802734375,0.6960087418556213,bicycle,-10.602462768554688,4.363739013671875
98,3.92,19,554.747314453125,333.7652587890625,601.5262451171875,363.98193359375,0.32519474625587463,car,-0.3383856879340278,0.3202989366319444
98,3.92,21,458.77972412109375,311.864013671875,480.8321533203125,357.46368408203125,0.3277880549430847,person,-1.067578125,-0.865130615234375
98,3.92,22,709.7927856445312,330.96661376953125,727.7173461914062,360.45562744140625,0.32232576608657837,person,2.78216552734375,0.9127197265625
98,3.92,23,742.5283203125,320.7392272949219,795.5555419921875,370.3545227050781,0.6494753360748291,car,0.86016845703125,0.2452392578125
98,3.92,26,1035.980224609375,224.29078674316406,1279.689208984375,451.87451171875,0.3922536075115204,bus,6.8465576171875,2.4938430786132812
98,3.92,29,515.6854248046875,329.4781494140625,541.0303955078125,381.26495361328125,0.3050444722175598,person,-0.6131184895833334,-0.01800537109375
98,3.92,30,878.1986083984375,310.31817626953125,906.5653076171875,389.86676025390625,0.636322021484375,person,4.084716796875,-0.72247314453125
98,3.92,33,391.688720703125,306.45721435546875,421.790771484375,371.74334716796875,0.33284899592399597,person,-3.097869873046875,1.8116607666015625
99,3.96,2,1207.030517578125,465.2989501953125,1279.501220703125,645.393798828125,0.6255817413330078,car,17.963134765625,10.13818359375
99,3.96,3,0.09263801574707031,407.98785400390625,20.898448944091797,533.9247436523438,0.6616572141647339,bicycle,-11.90910816192627,6.46868896484375
99,3.96,4,5.4482421875,590.5617065429688,1274.1829833984375,715.1033325195312,0.6018968224525452,car,-0.41290283203125,0.7158203125
99,3.96,5,0.13222503662109375,429.9576110839844,55.75786590576172,581.7860107421875,0.5571983456611633,car,-0.586944580078125,12.802440643310547
99,3.96,7,513.668212890625,312.6616516113281,543.045654296875,386.4559631347656,0.600189745426178,person,-0.2972412109375,-0.2257080078125
99,3.96,18,0.17830657958984375,373.5162353515625,65.31700134277344,518.2802734375,0.6960087418556213,bicycle,-10.602462768554688,4.363739013671875
99,3.96,19,554.747314453125,333.7652587890625,601.5262451171875,363.98193359375,0.32519474625587463,car,-0.3383856879340278,0.3202989366319444
99,3.96,21,458.77972412109375,311.864013671875,480.8321533203125,357.46368408203125,0.3277880549430847,person,-1.067578125,-0.865130615234375
99,3.96,22,709.7927856445312,330.96661376953125,727.7173461914062,360.45562744140625,0.32232576608657837,person,2.78216552734375,0.9127197265625
99,3.96,23,742.906982421875,320.13470458984375,795.7808837890625,372.31475830078125,0.6892934441566467,car,0.302001953125,0.6778564453125
99,3.96,29,515.6854248046875,329.4781494140625,541.0303955078125,381.26495361328125,0.3050444722175598,person,-0.6131184895833334,-0.01800537109375
99,3.96,30,881.7346801757812,312.38818359375,910.1538696289062,391.3670654296875,0.5823389291763306,person,3.56231689453125,1.78515625
99,3.96,33,390.2318420410156,305.5167236328125,420.9911193847656,374.85687255859375,0.5076264142990112,person,-1.128265380859375,1.086517333984375
100,4.0,2,1207.030517578125,465.2989501953125,1279.501220703125,645.393798828125,0.6255817413330078,car,17.963134765625,10.13818359375
100,4.0,3,0.09263801574707031,407.98785400390625,20.898448944091797,533.9247436523438,0.6616572141647339,bicycle,-11.90910816192627,6.46868896484375
100,4.0,4,4.47412109375,589.7258911132812,1273.483642578125,714.7500610351562,0.54787677526474,car,-0.83673095703125,-0.59454345703125
100,4.0,5,0.13222503662109375,429.9576110839844,55.75786590576172,581.7860107421875,0.5571983456611633,car,-0.586944580078125,12.802440643310547
100,4.0,7,515.0916748046875,313.4032897949219,543.7088623046875,385.9978942871094,0.5772895216941833,person,1.0433349609375,0.14178466796875
100,4.0,18,0.17830657958984375,373.5162353515625,65.31700134277344,518.2802734375,0.6960087418556213,bicycle,-10.602462768554688,4.363739013671875
100,4.0,19,554.747314453125,333.7652587890625,601.5262451171875,363.98193359375,0.32519474625587463,car,-0.3383856879340278,0.3202989366319444
100,4.0,21,458.77972412109375,311.864013671875,480.8321533203125,357.46368408203125,0.3277880549430847,person,-1.067578125,-0.865130615234375
100,4.0,22,709.7927856445312,330.96661376953125,727.7173461914062,360.45562744140625,0.32232576608657837,person,2.78216552734375,0.9127197265625
100,4.0,23,745.1885375976562,319.73175048828125,798.8949584960938,371.63751220703125,0.6617622375488281,car,2.69781494140625,-0.54010009765625
100,4.0,29,515.6854248046875,329.4781494140625,541.0303955078125,381.26495361328125,0.3050444722175598,person,-0.6131184895833334,-0.01800537109375
100,4.0,30,886.8489990234375,312.97906494140625,916.0867919921875,390.28863525390625,0.644783616065979,person,5.52362060546875,-0.2437744140625
100,4.0,33,388.1251220703125,307.21392822265625,418.34185791015625,375.45416259765625,0.5226892232894897,person,-2.37799072265625,1.147247314453125
101,4.04,2,1207.030517578125,465.2989501953125,1279.501220703125,645.393798828125,0.6255817413330078,car,17.963134765625,10.13818359375
101,4.04,3,0.09263801574707031,407.98785400390625,20.898448944091797,533.9247436523438,0.6616572141647339,bicycle,-11.90910816192627,6.46868896484375
101,4.04,4,4.7510986328125,589.6842041015625,1270.313232421875,714.840087890625,0.5817633271217346,car,-1.44671630859375,0.024169921875
101,4.04,5,0.13222503662109375,429.9576110839844,55.75786590576172,581.7860107421875,0.5571983456611633,car,-0.586944580078125,12.802440643310547
101,4.04,7,517.015869140625,311.3625793457031,544.228271484375,385.3024597167969,0.5779602527618408,person,1.2218017578125,-1.368072509765625
101,4.04,18,0.17830657958984375,373.5162353515625,65.31700134277344,518.2802734375,0.6960087418556213,bicycle,-10.602462768554688,4.363739013671875
101,4.04,19,554.747314453125,333.7652587890625,601.5262451171875,363.98193359375,0.32519474625587463,car,-0.3383856879340278,0.3202989366319444
101,4.04,21,458.77972412109375,311.864013671875,480.8321533203125,357.46368408203125,0.3277880549430847,person,-1.067578125,-0.865130615234375
101,4.04,22,709.7927856445312,330.96661376953125,727.7173461914062,360.45562744140625,0.32232576608657837,person,2.78216552734375,0.9127197265625
101,4.04,23,747.0194091796875,319.6231994628906,800.6373291015625,371.2258605957031,0.6490139961242676,car,1.78662109375,-0.260101318359375
101,4.04,29,515.6854248046875,329.4781494140625,541.0303955078125,381.26495361328125,0.3050444722175598,person,-0.6131184895833334,-0.01800537109375
101,4.04,30,893.7232055664062,310.131591796875,921.1132202148438,391.6082763671875,0.6745792627334595,person,5.9503173828125,-0.763916015625
101,4.04,33,385.7822265625,305.18414306640625,415.234619140625,377.515380859375,0.552702009677887,person,-2.725067138671875,0.015716552734375
102,4.08,2,1207.030517578125,465.2989501953125,1279.501220703125,645.393798828125,0.6255817413330078,car,17.963134765625,10.13818359375
102,4.08,3,0.09263801574707031,407.98785400390625,20.898448944091797,533.9247436523438,0.6616572141647339,bicycle,-11.90910816192627,6.46868896484375
102,4.08,4,4.7188720703125,589.146728515625,1272.0343017578125,714.6134033203125,0.5745943188667297,car,0.84442138671875,-0.382080078125
102,4.08,5,0.13222503662109375,429.9576110839844,55.75786590576172,581.7860107421875,0.5571983456611633,car,-0.586944580078125,12.802440643310547
102,4.08,7,517.1190795898438,311.39044189453125,544.6766967773438,385.55517578125,0.6031070947647095,person,0.27581787109375,0.140289306640625
102,4.08,18,0.17830657958984375,373.5162353515625,65.31700134277344,518.2802734375,0.6960087418556213,bicycle,-10.602462768554688,4.363739013671875
102,4.08,19,554.747314453125,333.7652587890625,601.5262451171875,363.98193359375,0.32519474625587463,car,-0.3383856879340278,0.3202989366319444
102,4.08,21,458.77972412109375,311.864013671875,480.8321533203125,357.46368408203125,0.3277880549430847,person,-1.067578125,-0.865130615234375
102,4.08,22,709.7927856445312,330.96661376953125,727.7173461914062,360.45562744140625,0.32232576608657837,person,2.78216552734375,0.9127197265625
102,4.08,23,748.6775512695312,319.0283508300781,802.7698364257812,370.5259704589844,0.6212020516395569,car,1.89532470703125,-0.647369384765625
102,4.08,29,515.6854248046875,329.4781494140625,541.0303955078125,381.26495361328125,0.3050444722175598,person,-0.6131184895833334,-0.01800537109375
102,4.08,30,897.8238525390625,308.55059814453125,927.1748046875,395.297607421875,0.6795541048049927,person,5.08111572265625,1.054168701171875
102,4.08,33,383.80694580078125,307.39697265625,413.02105712890625,376.49737548828125,0.44528934359550476,person,-2.09442138671875,0.597412109375
103,4.12,2,1207.030517578125,465.2989501953125,1279.501220703125,645.393798828125,0.6255817413330078,car,17.963134765625,10.13818359375
103,4.12,3,0.09263801574707031,407.98785400390625,20.898448944091797,533.9247436523438,0.6616572141647339,bicycle,-11.90910816192627,6.46868896484375
103,4.12,4,5.8653564453125,589.403076171875,1272.6151123046875,714.72802734375,0.5630891919136047,car,0.8636474609375,0.18548583984375
103,4.12,5,0.13222503662109375,429.9576110839844,55.75786590576172,581.7860107421875,0.5571983456611633,car,-0.586944580078125,12.802440643310547
103,4.12,7,517.1895751953125,311.8197021484375,545.2196044921875,384.768798828125,0.6150122880935669,person,0.30670166015625,-0.178558349609375
103,4.12,18,0.17830657958984375,373.5162353515625,65.31700134277344,518.2802734375,0.6960087418556213,bicycle,-10.602462768554688,4.363739013671875
103,4.12,19,554.747314453125,333.7652587890625,601.5262451171875,363.98193359375,0.32519474625587463,car,-0.3383856879340278,0.3202989366319444
103,4.12,21,458.77972412109375,311.864013671875,480.8321533203125,357.46368408203125,0.3277880549430847,person,-1.067578125,-0.865130615234375
103,4.12,22,709.7927856445312,330.96661376953125,727.7173461914062,360.45562744140625,0.32232576608657837,person,2.78216552734375,0.9127197265625
103,4.12,23,749.846435546875,319.0639343261719,803.9869384765625,371.4579772949219,0.5849697589874268,car,1.1929931640625,0.483795166015625
103,4.12,29,515.6854248046875,329.4781494140625,541.0303955078125,381.26495361328125,0.3050444722175598,person,-0.6131184895833334,-0.01800537109375
103,4.12,30,904.5136108398438,310.4471435546875,936.0775756835938,396.157958984375,0.7242755889892578,person,7.7962646484375,1.378448486328125
103,4.12,33,381.31585693359375,306.4810791015625,412.31988525390625,377.39398193359375,0.43107175827026367,person,-1.59613037109375,-0.0096435546875
104,4.16,2,1207.030517578125,465.2989501953125,1279.501220703125,645.393798828125,0.6255817413330078,car,17.963134765625,10.13818359375
104,4.16,3,0.09263801574707031,407.98785400390625,20.898448944091797,533.9247436523438,0.6616572141647339,bicycle,-11.90910816192627,6.46868896484375
104,4.16,4,6.8623046875,589.6925048828125,1271.545654296875,714.8272705078125,0.5835844278335571,car,-0.0362548828125,0.1943359375
104,4.16,5,0.13222503662109375,429.9576110839844,55.75786590576172,581.7860107421875,0.5571983456611633,car,-0.586944580078125,12.802440643310547
104,4.16,7,518.3514404296875,311.34979248046875,546.051513671875,384.3826904296875,0.5771670937538147,person,0.99688720703125,-0.428009033203125
104,4.16,18,0.17830657958984375,373.5162353515625,65.31700134277344,518.2802734375,0.6960087418556213,bicycle,-10.602462768554688,4.363739013671875
104,4.16,19,554.747314453125,333.7652587890625,601.5262451171875,363.98193359375,0.32519474625587463,car,-0.3383856879340278,0.3202989366319444
104,4.16,21,458.77972412109375,311.864013671875,480.8321533203125,357.46368408203125,0.3277880549430847,person,-1.067578125,-0.865130615234375
104,4.16,22,709.7927856445312,330.96661376953125,727.7173461914062,360.45562744140625,0.32232576608657837,person,2.78216552734375,0.9127197265625
104,4.16,23,750.8726806640625,318.5299987792969,802.8968505859375,372.9438781738281,0.5321536064147949,car,-0.03192138671875,0.475982666015625
104,4.16,29,515.6854248046875,329.4781494140625,541.0303955078125,381.26495361328125,0.3050444722175598,person,-0.6131184895833334,-0.01800537109375
104,4.16,30,909.656494140625,308.83441162109375,942.6578369140625,397.69171142578125,0.6794290542602539,person,5.861572265625,-0.03948974609375
104,4.16,33,388.7083740234375,308.39825439453125,414.2027587890625,373.76727294921875,0.30211153626441956,person,4.6376953125,-0.854766845703125
104,4.16,34,377.82745361328125,306.8238525390625,403.60162353515625,377.1702880859375,0.40159693360328674,person,0.0,0.0
105,4.2,2,1207.030517578125,465.2989501953125,1279.501220703125,645.393798828125,0.6255817413330078,car,17.963134765625,10.13818359375
105,4.2,3,0.09263801574707031,407.98785400390625,20.898448944091797,533.9247436523438,0.6616572141647339,bicycle,-11.90910816192627,6.46868896484375
105,4.2,4,5.1173095703125,589.5742797851562,1274.3428955078125,714.9282836914062,0.5568444132804871,car,0.526123046875,-0.00860595703125
105,4.2,5,0.13222503662109375,429.9576110839844,55.75786590576172,581.7860107421875,0.5571983456611633,car,-0.586944580078125,12.802440643310547
105,4.2,7,520.8848876953125,311.6275329589844,546.4730224609375,383.4530944824219,0.5210447311401367,person,1.47747802734375,-0.325927734375
105,4.2,18,0.17830657958984375,373.5162353515625,65.31700134277344,518.2802734375,0.6960087418556213,bicycle,-10.602462768554688,4.363739013671875
105,4.2,19,554.747314453125,333.7652587890625,601.5262451171875,363.98193359375,0.32519474625587463,car,-0.3383856879340278,0.3202989366319444
105,4.2,21,458.77972412109375,311.864013671875,480.8321533203125,357.46368408203125,0.3277880549430847,person,-1.067578125,-0.865130615234375
105,4.2,22,709.7927856445312,330.96661376953125,727.7173461914062,360.45562744140625,0.32232576608657837,person,2.78216552734375,0.9127197265625
105,4.2,23,753.228271484375,317.49810791015625,804.469970703125,373.71331787109375,0.5085806846618652,car,1.96435546875,-0.1312255859375
105,4.2,29,515.6854248046875,329.4781494140625,541.0303955078125,381.26495361328125,0.3050444722175598,person,-0.6131184895833334,-0.01800537109375
105,4.2,30,916.3801879882812,303.3721618652344,952.3866577148438,398.8670959472656,0.7034904956817627,person,8.22625732421875,-2.1434326171875
105,4.2,33,388.7083740234375,308.39825439453125,414.2027587890625,373.76727294921875,0.30211153626441956,person,4.6376953125,-0.854766845703125
105,4.2,34,374.91241455078125,305.1979675292969,405.45660400390625,378.7223815917969,0.43511730432510376,person,-0.530029296875,-0.036895751953125
105,4.2,35,755.268310546875,316.2606506347656,803.633544921875,358.0030212402344,0.32292670011520386,car,0.0,0.0
106,4.24,2,1207.030517578125,465.2989501953125,1279.501220703125,645.393798828125,0.6255817413330078,car,17.963134765625,10.13818359375
106,4.24,3,0.09263801574707031,407.98785400390625,20.898448944091797,533.9247436523438,0.6616572141647339,bicycle,-11.90910816192627,6.46868896484375
106,4.24,4,6.7225341796875,588.5330810546875,1272.7779541015625,714.9185791015625,0.5209116339683533,car,0.0201416015625,-0.52545166015625
106,4.24,7,520.686767578125,310.0736389160156,547.11279296875,384.2010803222656,0.6093722581863403,person,0.2208251953125,-0.4029541015625
106,4.24,18,0.17830657958984375,373.5162353515625,65.31700134277344,518.2802734375,0.6960087418556213,bicycle,-10.602462768554688,4.363739013671875
106,4.24,19,554.747314453125,333.7652587890625,601.5262451171875,363.98193359375,0.32519474625587463,car,-0.3383856879340278,0.3202989366319444
106,4.24,21,458.77972412109375,311.864013671875,480.8321533203125,357.46368408203125,0.3277880549430847,person,-1.067578125,-0.865130615234375
106,4.24,22,709.7927856445312,330.96661376953125,727.7173461914062,360.45562744140625,0.32232576608657837,person,2.78216552734375,0.9127197265625
106,4.24,23,756.2667236328125,315.91680908203125,805.933837890625,374.47869873046875,0.5392366051673889,car,2.25115966796875,-0.407958984375
106,4.24,29,515.6854248046875,329.4781494140625,541.0303955078125,381.26495361328125,0.3050444722175598,person,-0.6131184895833334,-0.01800537109375
106,4.24,30,922.3946533203125,303.09722900390625,956.6268310546875,400.60992431640625,0.707881510257721,person,5.1273193359375,0.73394775390625
106,4.24,33,388.7083740234375,308.39825439453125,414.2027587890625,373.76727294921875,0.30211153626441956,person,4.6376953125,-0.854766845703125
106,4.24,34,372.07464599609375,303.6544189453125,404.07965087890625,379.3076171875,0.43534088134765625,person,-2.10736083984375,-0.479156494140625
106,4.24,35,757.220703125,315.4970703125,804.162353515625,351.2952880859375,0.3005993366241455,car,1.2406005859375,-3.73565673828125
107,4.28,2,1207.030517578125,465.2989501953125,1279.501220703125,645.393798828125,0.6255817413330078,car,17.963134765625,10.13818359375
107,4.28,3,0.09263801574707031,407.98785400390625,20.898448944091797,533.9247436523438,0.6616572141647339,bicycle,-11.90910816192627,6.46868896484375
107,4.28,4,6.461669921875,589.3682861328125,1271.61083984375,715.1976318359375,0.5130537748336792,car,-0.7139892578125,0.55712890625
107,4.28,7,522.4840087890625,309.1612548828125,548.1845703125,383.861328125,0.6007382273674011,person,1.43450927734375,-0.626068115234375
107,4.28,18,0.17830657958984375,373.5162353515625,65.31700134277344,518.2802734375,0.6960087418556213,bicycle,-10.602462768554688,4.363739013671875
107,4.28,19,554.747314453125,333.7652587890625,601.5262451171875,363.98193359375,0.32519474625587463,car,-0.3383856879340278,0.3202989366319444
107,4.28,21,458.77972412109375,311.864013671875,480.8321533203125,357.46368408203125,0.3277880549430847,person,-1.067578125,-0.865130615234375
107,4.28,22,709.7927856445312,330.96661376953125,727.7173461914062,360.45562744140625,0.32232576608657837,person,2.78216552734375,0.9127197265625
107,4.28,23,757.7359619140625,316.08319091796875,806.7586669921875,370.208984375,0.5417191982269287,car,1.14703369140625,-2.051666259765625
107,4.28,29,515.6854248046875,329.4781494140625,541.0303955078125,381.26495361328125,0.3050444722175598,person,-0.6131184895833334,-0.01800537109375
107,4.28,30,931.6239013671875,302.6580810546875,966.384765625,401.28704833984375,0.7265558242797852,person,9.49359130859375,0.118988037109375
107,4.28,33,388.7083740234375,308.39825439453125,414.2027587890625,373.76727294921875,0.30211153626441956,person,4.6376953125,-0.854766845703125
107,4.28,34,370.423828125,303.898681640625,399.7828369140625,379.9384765625,0.4786193370819092,person,-2.97381591796875,0.43756103515625
107,4.28,35,758.078125,315.47308349609375,805.280029296875,351.81732177734375,0.3535930812358856,car,0.987548828125,0.2490234375
108,4.32,2,1207.030517578125,465.2989501953125,1279.501220703125,645.393798828125,0.6255817413330078,car,17.963134765625,10.13818359375
108,4.32,3,0.09263801574707031,407.98785400390625,20.898448944091797,533.9247436523438,0.6616572141647339,bicycle,-11.90910816192627,6.46868896484375
108,4.32,4,7.4075927734375,589.3509521484375,1270.9398193359375,714.7664794921875,0.5214880704879761,car,0.137451171875,-0.2242431640625
108,4.32,7,522.7373046875,308.0865478515625,548.889404296875,383.7265625,0.5962901711463928,person,0.47906494140625,-0.604736328125
108,4.32,18,0.17830657958984375,373.5162353515625,65.31700134277344,518.2802734375,0.6960087418556213,bicycle,-10.602462768554688,4.363739013671875
108,4.32,19,554.747314453125,333.7652587890625,601.5262451171875,363.98193359375,0.32519474625587463,car,-0.3383856879340278,0.3202989366319444
108,4.32,22,709.7927856445312,330.96661376953125,727.7173461914062,360.45562744140625,0.32232576608657837,person,2.78216552734375,0.9127197265625
108,4.32,23,759.1802978515625,316.198974609375,808.7193603515625,375.292724609375,0.5153716206550598,car,1.7025146484375,2.599761962890625
108,4.32,29,515.6854248046875,329.4781494140625,541.0303955078125,381.26495361328125,0.3050444722175598,person,-0.6131184895833334,-0.01800537109375
108,4.32,30,937.0291748046875,302.38934326171875,974.2225341796875,402.2430419921875,0.7637203335762024,person,6.62152099609375,0.3436279296875
108,4.32,33,388.7083740234375,308.39825439453125,414.2027587890625,373.76727294921875,0.30211153626441956,person,4.6376953125,-0.854766845703125
108,4.32,34,368.32464599609375,303.9217529296875,398.23590087890625,380.3426513671875,0.58784419298172,person,-1.82305908203125,0.213623046875
108,4.32,35,758.925048828125,315.559326171875,807.47900390625,357.070556640625,0.3109969198703766,car,1.52294921875,2.66973876953125
109,4.36,2,1207.030517578125,465.2989501953125,1279.501220703125,645.393798828125,0.6255817413330078,car,17.963134765625,10.13818359375
109,4.36,3,0.09263801574707031,407.98785400390625,20.898448944091797,533.9247436523438,0.6616572141647339,bicycle,-11.90910816192627,6.46868896484375
109,4.36,4,7.57275390625,588.2678833007812,1270.822509765625,714.7203979492188,0.5374183654785156,car,0.02392578125,-0.5645751953125
109,4.36,7,523.6419677734375,307.097412109375,549.0699462890625,382.9556884765625,0.5743325352668762,person,0.5426025390625,-0.8800048828125
109,4.36,18,0.17830657958984375,373.5162353515625,65.31700134277344,518.2802734375,0.6960087418556213,bicycle,-10.602462768554688,4.363739013671875
109,4.36,19,554.747314453125,333.7652587890625,601.5262451171875,363.98193359375,0.32519474625587463,car,-0.3383856879340278,0.3202989366319444
109,4.36,22,709.7927856445312,330.96661376953125,727.7173461914062,360.45562744140625,0.32232576608657837,person,2.78216552734375,0.9127197265625
109,4.36,23,758.7623901367188,315.485107421875,809.7496948242188,374.9678955078125,0.3346492350101471,car,0.30621337890625,-0.51934814453125
109,4.36,29,515.6854248046875,329.4781494140625,541.0303955078125,381.26495361328125,0.3050444722175598,person,-0.6131184895833334,-0.01800537109375
109,4.36,30,946.7635498046875,301.2667236328125,981.8782958984375,405.1962890625,0.7401010990142822,person,8.695068359375,0.915313720703125
109,4.36,33,388.7083740234375,308.39825439453125,414.2027587890625,373.76727294921875,0.30211153626441956,person,4.6376953125,-0.854766845703125
109,4.36,34,364.22894287109375,303.54443359375,394.50994873046875,380.62841796875,0.657029390335083,person,-3.91082763671875,-0.0457763671875
109,4.36,35,760.324462890625,315.43963623046875,809.658447265625,353.823974609375,0.47834619879722595,car,1.7894287109375,-1.683135986328125
109,4.36,36,242.49874877929688,381.99884033203125,320.0165100097656,473.90924072265625,0.7674437761306763,chair,0.0,0.0
110,4.4,2,1207.030517578125,465.2989501953125,1279.501220703125,645.393798828125,0.6255817413330078,car,17.963134765625,10.13818359375
110,4.4,3,0.09263801574707031,407.98785400390625,20.898448944091797,533.9247436523438,0.6616572141647339,bicycle,-11.90910816192627,6.46868896484375
110,4.4,4,8.773681640625,586.37451171875,1271.5313720703125,714.541748046875,0.5586164593696594,car,0.95489501953125,-1.0360107421875
110,4.4,7,523.607421875,307.7519836425781,549.3046875,383.4173278808594,0.5759438872337341,person,0.10009765625,0.55810546875
110,4.4,18,0.17830657958984375,373.5162353515625,65.31700134277344,518.2802734375,0.6960087418556213,bicycle,-10.602462768554688,4.363739013671875
110,4.4,19,554.747314453125,333.7652587890625,601.5262451171875,363.98193359375,0.32519474625587463,car,-0.3383856879340278,0.3202989366319444
110,4.4,22,709.7927856445312,330.96661376953125,727.7173461914062,360.45562744140625,0.32232576608657837,person,2.78216552734375,0.9127197265625
110,4.4,23,758.7623901367188,315.485107421875,809.7496948242188,374.9678955078125,0.3346492350101471,car,0.30621337890625,-0.51934814453125
110,4.4,29,515.6854248046875,329.4781494140625,541.0303955078125,381.26495361328125,0.3050444722175598,person,-0.6131184895833334,-0.01800537109375
110,4.4,30,956.08642578125,299.960693359375,991.118408203125,405.6116943359375,0.747065007686615,person,9.281494140625,-0.4453125
110,4.4,33,388.7083740234375,308.39825439453125,414.2027587890625,373.76727294921875,0.30211153626441956,person,4.6376953125,-0.854766845703125
110,4.4,34,360.8585510253906,301.5625,389.8588562011719,381.23931884765625,0.6349003314971924,person,-4.0107421875,-0.685516357421875
110,4.4,35,761.8265380859375,314.00103759765625,810.8865966796875,351.43499755859375,0.32534924149513245,car,1.3651123046875,-1.913787841796875
111,4.44,2,1207.030517578125,465.2989501953125,1279.501220703125,645.393798828125,0.6255817413330078,car,17.963134765625,10.13818359375
111,4.44,3,0.09263801574707031,407.98785400390625,20.898448944091797,533.9247436523438,0.6616572141647339,bicycle,-11.90910816192627,6.46868896484375
111,4.44,4,7.9888916015625,589.952880859375,1273.0343017578125,715.228515625,0.6276174187660217,car,0.35906982421875,2.132568359375
111,4.44,7,523.910888671875,308.0618896484375,549.390625,384.62451171875,0.6163601279258728,person,0.1947021484375,0.758544921875
111,4.44,18,0.17830657958984375,373.5162353515625,65.31700134277344,518.2802734375,0.6960087418556213,bicycle,-10.602462768554688,4.363739013671875
111,4.44,19,554.747314453125,333.7652587890625,601.5262451171875,363.98193359375,0.32519474625587463,car,-0.3383856879340278,0.3202989366319444
111,4.44,22,709.7927856445312,330.96661376953125,727.7173461914062,360.45562744140625,0.32232576608657837,person,2.78216552734375,0.9127197265625
111,4.44,23,758.7623901367188,315.485107421875,809.7496948242188,374.9678955078125,0.3346492350101471,car,0.30621337890625,-0.51934814453125
111,4.44,29,515.6854248046875,329.4781494140625,541.0303955078125,381.26495361328125,0.3050444722175598,person,-0.6131184895833334,-0.01800537109375
111,4.44,30,963.6201171875,297.91058349609375,997.237060546875,408.75421142578125,0.7628158926963806,person,6.826171875,0.54620361328125
111,4.44,33,388.7083740234375,308.39825439453125,414.2027587890625,373.76727294921875,0.30211153626441956,person,4.6376953125,-0.854766845703125
111,4.44,34,357.234130859375,301.0834045410156,389.2655029296875,381.3507385253906,0.585116982460022,person,-2.10888671875,-0.183837890625
111,4.44,35,763.813232421875,312.1221008300781,810.912841796875,348.1799621582031,0.339828759431839,car,1.0064697265625,-2.566986083984375
112,4.48,2,1207.030517578125,465.2989501953125,1279.501220703125,645.393798828125,0.6255817413330078,car,17.963134765625,10.13818359375
112,4.48,3,0.09263801574707031,407.98785400390625,20.898448944091797,533.9247436523438,0.6616572141647339,bicycle,-11.90910816192627,6.46868896484375
112,4.48,4,5.882568359375,589.1332397460938,1270.32958984375,715.2786254882812,0.5522242188453674,car,-2.405517578125,-0.384765625
112,4.48,7,524.5838623046875,309.3581848144531,551.1536865234375,385.6993103027344,0.6924578547477722,person,1.218017578125,1.185546875
112,4.48,18,0.17830657958984375,373.5162353515625,65.31700134277344,518.2802734375,0.6960087418556213,bicycle,-10.602462768554688,4.363739013671875
112,4.48,19,554.747314453125,333.7652587890625,601.5262451171875,363.98193359375,0.32519474625587463,car,-0.3383856879340278,0.3202989366319444
112,4.48,23,758.7623901367188,315.485107421875,809.7496948242188,374.9678955078125,0.3346492350101471,car,0.30621337890625,-0.51934814453125
112,4.48,29,515.6854248046875,329.4781494140625,541.0303955078125,381.26495361328125,0.3050444722175598,person,-0.6131184895833334,-0.01800537109375
112,4.48,30,972.948974609375,298.66192626953125,1006.2735595703125,411.71539306640625,0.7608325481414795,person,9.18267822265625,1.85626220703125
112,4.48,33,388.7083740234375,308.39825439453125,414.2027587890625,373.76727294921875,0.30211153626441956,person,4.6376953125,-0.854766845703125
112,4.48,34,354.3894348144531,301.09698486328125,388.1084899902344,378.99359130859375,0.600963830947876,person,-2.0008544921875,-1.171783447265625
112,4.48,35,763.813232421875,312.1221008300781,810.912841796875,348.1799621582031,0.339828759431839,car,1.0064697265625,-2.566986083984375
113,4.52,2,1207.030517578125,465.2989501953125,1279.501220703125,645.393798828125,0.6255817413330078,car,17.963134765625,10.13818359375
113,4.52,3,0.09263801574707031,407.98785400390625,20.898448944091797,533.9247436523438,0.6616572141647339,bicycle,-11.90910816192627,6.46868896484375
113,4.52,4,6.1728515625,589.433349609375,1272.697509765625,715.240478515625,0.5558145642280579,car,1.3291015625,0.1309814453125
113,4.52,7,524.02001953125,310.6126708984375,550.74169921875,388.9822998046875,0.7209737300872803,person,-0.4879150390625,2.26873779296875
113,4.52,19,554.747314453125,333.7652587890625,601.5262451171875,363.98193359375,0.32519474625587463,car,-0.3383856879340278,0.3202989366319444
113,4.52,23,765.7352294921875,313.9388732910156,815.3096923828125,375.8479309082031,0.35394760966300964,car,1.5666046142578125,-0.08327484130859375
113,4.52,29,515.6854248046875,329.4781494140625,541.0303955078125,381.26495361328125,0.3050444722175598,person,-0.6131184895833334,-0.01800537109375
113,4.52,30,980.4588623046875,299.62493896484375,1016.077392578125,415.45623779296875,0.7480831742286682,person,8.6568603515625,2.3519287109375
113,4.52,33,388.7083740234375,308.39825439453125,414.2027587890625,373.76727294921875,0.30211153626441956,person,4.6376953125,-0.854766845703125
113,4.52,34,351.90655517578125,302.0421142578125,383.15875244140625,382.21197509765625,0.5939478874206543,person,-3.71630859375,2.081756591796875
113,4.52,35,765.86328125,313.8379821777344,814.73095703125,349.4613342285156,0.31341487169265747,car,1.467041015625,0.7493133544921875
114,4.56,2,1207.030517578125,465.2989501953125,1279.501220703125,645.393798828125,0.6255817413330078,car,17.963134765625,10.13818359375
114,4.56,3,0.09263801574707031,407.98785400390625,20.898448944091797,533.9247436523438,0.6616572141647339,bicycle,-11.90910816192627,6.46868896484375
114,4.56,4,8.3221435546875,589.450927734375,1271.8597412109375,715.1982421875,0.5837367177009583,car,0.65576171875,-0.0123291015625
114,4.56,7,523.6425170898438,310.5797119140625,551.3987426757812,389.068359375,0.7565107941627502,person,0.1397705078125,0.02655029296875
114,4.56,19,554.747314453125,333.7652587890625,601.5262451171875,363.98193359375,0.32519474625587463,car,-0.3383856879340278,0.3202989366319444
114,4.56,23,765.95458984375,314.686767578125,818.4119873046875,379.0054931640625,0.39735743403434753,car,1.66082763671875,1.952728271484375
114,4.56,29,515.6854248046875,329.4781494140625,541.0303955078125,381.26495361328125,0.3050444722175598,person,-0.6131184895833334,-0.01800537109375
114,4.56,30,987.837890625,300.3767395019531,1024.9033203125,418.1639709472656,0.7409623265266418,person,8.10247802734375,1.729766845703125
114,4.56,33,388.7083740234375,308.39825439453125,414.2027587890625,373.76727294921875,0.30211153626441956,person,4.6376953125,-0.854766845703125
114,4.56,34,347.8143310546875,303.571044921875,381.15582275390625,388.1103515625,0.5951830744743347,person,-3.047576904296875,3.713653564453125
114,4.56,35,765.86328125,313.8379821777344,814.73095703125,349.4613342285156,0.31341487169265747,car,1.467041015625,0.7493133544921875
115,4.6,2,1207.030517578125,465.2989501953125,1279.501220703125,645.393798828125,0.6255817413330078,car,17.963134765625,10.13818359375
115,4.6,4,6.7276611328125,589.4840087890625,1269.85205078125,715.2801513671875,0.5355121493339539,car,-1.80108642578125,0.0574951171875
115,4.6,7,524.6695556640625,308.6732177734375,551.4825439453125,387.1439208984375,0.7816708087921143,person,0.555419921875,-1.91546630859375
115,4.6,19,554.747314453125,333.7652587890625,601.5262451171875,363.98193359375,0.32519474625587463,car,-0.3383856879340278,0.3202989366319444
115,4.6,23,766.74462890625,315.09185791015625,819.0421142578125,379.63336181640625,0.42698031663894653,car,0.7100830078125,0.5164794921875
115,4.6,29,515.6854248046875,329.4781494140625,541.0303955078125,381.26495361328125,0.3050444722175598,person,-0.6131184895833334,-0.01800537109375
115,4.6,30,999.84619140625,301.150146484375,1036.79736328125,420.0494384765625,0.7521233558654785,person,11.951171875,1.329437255859375
115,4.6,33,388.7083740234375,308.39825439453125,414.2027587890625,373.76727294921875,0.30211153626441956,person,4.6376953125,-0.854766845703125
115,4.6,34,343.4395751953125,305.82781982421875,373.3765869140625,387.37188720703125,0.5376327633857727,person,-6.076995849609375,0.7591552734375
115,4.6,35,765.86328125,313.8379821777344,814.73095703125,349.4613342285156,0.31341487169265747,car,1.467041015625,0.7493133544921875
115,4.6,37,711.1499633789062,287.2626953125,768.5431518554688,344.0557861328125,0.3014345169067383,bus,0.0,0.0
116,4.64,2,1207.030517578125,465.2989501953125,1279.501220703125,645.393798828125,0.6255817413330078,car,17.963134765625,10.13818359375
116,4.64,4,6.7958984375,589.86181640625,1272.887451171875,715.374267578125,0.46864649653434753,car,1.55181884765625,0.2359619140625
116,4.64,7,523.7018432617188,307.0176696777344,552.0484008789062,387.3525695800781,0.7966384291648865,person,-0.200927734375,-0.72344970703125
116,4.64,19,554.747314453125,333.7652587890625,601.5262451171875,363.98193359375,0.32519474625587463,car,-0.3383856879340278,0.3202989366319444
116,4.64,23,767.2188110351562,314.386474609375,818.9092407226562,380.9951171875,0.34464892745018005,car,0.170654296875,0.32818603515625
116,4.64,30,1006.4083251953125,300.23431396484375,1047.3760986328125,423.07568359375,0.7211615443229675,person,8.5704345703125,1.055206298828125
116,4.64,33,388.7083740234375,308.39825439453125,414.2027587890625,373.76727294921875,0.30211153626441956,person,4.6376953125,-0.854766845703125
116,4.64,34,339.651611328125,304.53851318359375,370.03277587890625,387.50799560546875,0.5293636322021484,person,-3.565887451171875,-0.57659912109375
116,4.64,35,765.86328125,313.8379821777344,814.73095703125,349.4613342285156,0.31341487169265747,car,1.467041015625,0.7493133544921875
117,4.68,4,9.5601806640625,588.9686279296875,1271.8516845703125,715.20166015625,0.4176437258720398,car,0.8642578125,-0.53289794921875
117,4.68,7,524.5614624023438,306.6159362792969,552.2584838867188,387.4443054199219,0.7780662178993225,person,0.53485107421875,-0.154998779296875
117,4.68,19,554.747314453125,333.7652587890625,601.5262451171875,363.98193359375,0.32519474625587463,car,-0.3383856879340278,0.3202989366319444
117,4.68,23,767.303466796875,313.97674560546875,819.5205078125,381.96307373046875,0.3441850543022156,car,0.34796142578125,0.27911376953125
117,4.68,30,1016.0635986328125,301.1708068847656,1059.2723388671875,425.3576354980469,0.7981994152069092,person,10.7757568359375,1.609222412109375
117,4.68,33,388.7083740234375,308.39825439453125,414.2027587890625,373.76727294921875,0.30211153626441956,person,4.6376953125,-0.854766845703125
117,4.68,34,335.1777038574219,304.88677978515625,369.1474914550781,390.053955078125,0.5738481879234314,person,-2.679595947265625,1.447113037109375
117,4.68,35,765.86328125,313.8379821777344,814.73095703125,349.4613342285156,0.31341487169265747,car,1.467041015625,0.7493133544921875
118,4.72,4,22.2041015625,589.7841186523438,1273.09765625,715.0326538085938,0.5228767395019531,car,6.9449462890625,0.3232421875
118,4.72,7,523.9238891601562,306.064453125,552.6161499023438,387.3692626953125,0.7954991459846497,person,-0.13995361328125,-0.313262939453125
118,4.72,19,554.747314453125,333.7652587890625,601.5262451171875,363.98193359375,0.32519474625587463,car,-0.3383856879340278,0.3202989366319444
118,4.72,23,767.8060302734375,314.39447021484375,820.7659912109375,363.2239990234375,0.353576123714447,car,0.8740234375,-9.160675048828125
118,4.72,30,1029.36865234375,301.7880859375,1069.2236328125,427.764404296875,0.744048535823822,person,11.628173828125,1.51202392578125
118,4.72,33,388.7083740234375,308.39825439453125,414.2027587890625,373.76727294921875,0.30211153626441956,person,4.6376953125,-0.854766845703125
118,4.72,34,330.6441650390625,304.4210510253906,361.861572265625,391.5527038574219,0.6006373763084412,person,-5.90972900390625,0.516510009765625
118,4.72,35,765.86328125,313.8379821777344,814.73095703125,349.4613342285156,0.31341487169265747,car,1.467041015625,0.7493133544921875
119,4.76,4,25.095947265625,589.2174072265625,1275.4259033203125,715.261474609375,0.5502016544342041,car,2.61004638671875,-0.1689453125
119,4.76,7,524.9798583984375,307.2720947265625,552.049072265625,387.3507080078125,0.7776055335998535,person,0.24444580078125,0.59454345703125
119,4.76,19,554.747314453125,333.7652587890625,601.5262451171875,363.98193359375,0.32519474625587463,car,-0.3383856879340278,0.3202989366319444
119,4.76,23,768.7608032226562,314.4247131347656,822.9667358398438,356.4524841308594,0.4157068431377411,car,1.5777587890625,-3.370635986328125
119,4.76,30,1041.9552001953125,302.6964111328125,1080.8428955078125,432.7896728515625,0.75413578748703,person,12.1029052734375,2.966796875
119,4.76,33,388.7083740234375,308.39825439453125,414.2027587890625,373.76727294921875,0.30211153626441956,person,4.6376953125,-0.854766845703125
119,4.76,34,326.95465087890625,306.42523193359375,357.36456298828125,390.56878662109375,0.5705313682556152,person,-4.09326171875,0.5101318359375
119,4.76,35,765.86328125,313.8379821777344,814.73095703125,349.4613342285156,0.31341487169265747,car,1.467041015625,0.7493133544921875
119,4.76,38,1244.5291748046875,296.15484619140625,1279.4862060546875,399.79193115234375,0.33426955342292786,person,0.0,0.0
120,4.8,4,0.0,589.089599609375,1272.640625,716.29931640625,0.6269987225532532,car,-13.94061279296875,0.45501708984375
120,4.8,7,526.1357421875,308.5150451660156,551.751708984375,388.2578430175781,0.7633182406425476,person,0.42926025390625,1.075042724609375
120,4.8,19,554.747314453125,333.7652587890625,601.5262451171875,363.98193359375,0.32519474625587463,car,-0.3383856879340278,0.3202989366319444
120,4.8,23,768.96728515625,314.6666259765625,824.003662109375,359.773193359375,0.4552072286605835,car,0.6217041015625,1.78131103515625
120,4.8,30,1053.852783203125,298.5001220703125,1093.000244140625,436.0892333984375,0.7833255529403687,person,12.0274658203125,-0.4483642578125
120,4.8,33,388.7083740234375,308.39825439453125,414.2027587890625,373.76727294921875,0.30211153626441956,person,4.6376953125,-0.854766845703125
120,4.8,34,322.65087890625,305.11700439453125,353.982177734375,372.15545654296875,0.3323792517185211,person,-3.84307861328125,-9.86077880859375
120,4.8,35,769.4050903320312,314.2523193359375,823.6878051757812,378.83892822265625,0.32913392782211304,car,0.89276123046875,2.127995082310268
121,4.84,4,2.401123046875,589.6549682617188,1262.21240234375,716.3888549804688,0.6142274737358093,car,-4.0135498046875,0.32745361328125
121,4.84,7,526.0733642578125,309.60650634765625,552.5118408203125,389.14605712890625,0.7473529577255249,person,0.348876953125,0.989837646484375
121,4.84,19,554.747314453125,333.7652587890625,601.5262451171875,363.98193359375,0.32519474625587463,car,-0.3383856879340278,0.3202989366319444
121,4.84,23,770.48974609375,315.2865295410156,823.39501953125,356.2962951660156,0.30383142828941345,car,0.4569091796875,-1.428497314453125
121,4.84,30,1067.332763671875,297.8026123046875,1107.50732421875,438.185302734375,0.7651064991950989,person,13.9935302734375,0.69927978515625
121,4.84,33,388.7083740234375,308.39825439453125,414.2027587890625,373.76727294921875,0.30211153626441956,person,4.6376953125,-0.854766845703125
121,4.84,34,320.2353515625,306.39935302734375,348.5689697265625,391.44989013671875,0.3360902667045593,person,-3.91436767578125,10.28839111328125
121,4.84,35,770.0145263671875,314.9474792480469,824.26904296875,376.4687194824219,0.4586057960987091,car,0.5953369140625,-0.8375244140625
122,4.88,4,2.6715087890625,588.3558349609375,1263.859375,715.8524169921875,0.5478094816207886,car,0.95867919921875,-0.91778564453125
122,4.88,7,524.9002685546875,309.84228515625,553.9525146484375,390.35052490234375,0.7201240658760071,person,0.1337890625,0.720123291015625
122,4.88,19,554.747314453125,333.7652587890625,601.5262451171875,363.98193359375,0.32519474625587463,car,-0.3383856879340278,0.3202989366319444
122,4.88,23,770.48974609375,315.2865295410156,823.39501953125,356.2962951660156,0.30383142828941345,car,0.4569091796875,-1.428497314453125
122,4.88,30,1082.79150390625,296.4080810546875,1124.283203125,443.9844970703125,0.800386369228363,person,16.1173095703125,2.20233154296875
122,4.88,33,388.7083740234375,308.39825439453125,414.2027587890625,373.76727294921875,0.30211153626441956,person,4.6376953125,-0.854766845703125
122,4.88,34,315.947265625,306.39208984375,343.087646484375,363.4736328125,0.3980722427368164,person,-4.88470458984375,-13.99176025390625
122,4.88,35,771.7883911132812,315.17559814453125,826.3113403320312,373.93841552734375,0.5132497549057007,car,1.9080810546875,-1.151092529296875
122,4.88,39,343.53857421875,312.579345703125,367.09619140625,360.3824462890625,0.4222927987575531,person,0.0,0.0
123,4.92,4,4.947021484375,586.7103881835938,1269.751220703125,715.7691040039062,0.5844954252243042,car,4.08367919921875,-0.8643798828125
123,4.92,7,524.4222412109375,308.94903564453125,556.0340576171875,391.38592529296875,0.6986150145530701,person,0.8017578125,0.071075439453125
123,4.92,19,554.747314453125,333.7652587890625,601.5262451171875,363.98193359375,0.32519474625587463,car,-0.3383856879340278,0.3202989366319444
123,4.92,23,771.5748291015625,315.8941650390625,825.387939453125,356.5643310546875,0.5252248644828796,car,0.769500732421875,0.2189178466796875
123,4.92,30,1096.660400390625,292.81805419921875,1143.250244140625,446.46307373046875,0.6601412892341614,person,16.41796875,-0.55572509765625
123,4.92,33,388.7083740234375,308.39825439453125,414.2027587890625,373.76727294921875,0.30211153626441956,person,4.6376953125,-0.854766845703125
123,4.92,34,311.0933532714844,306.16461181640625,338.4631652832031,362.170166015625,0.5431067943572998,person,-4.73919677734375,-0.765472412109375
123,4.92,35,772.048583984375,315.8699951171875,825.5582275390625,380.080078125,0.3269796669483185,car,-0.2464599609375,3.41802978515625
123,4.92,39,340.15509033203125,311.02001953125,365.62408447265625,361.1644287109375,0.45137861371040344,person,-2.42779541015625,-0.388671875
124,4.96,4,5.2586669921875,586.1904907226562,1274.6478271484375,714.8040161132812,0.5329519510269165,car,2.6041259765625,-0.74249267578125
124,4.96,7,525.3162841796875,310.238525390625,556.9822998046875,391.74346923828125,0.6882754564285278,person,0.921142578125,0.823516845703125
124,4.96,19,554.747314453125,333.7652587890625,601.5262451171875,363.98193359375,0.32519474625587463,car,-0.3383856879340278,0.3202989366319444
124,4.96,23,772.4453125,316.46551513671875,825.6842041015625,356.49468994140625,0.5785672068595886,car,0.5833740234375,0.2508544921875
124,4.96,30,1115.263427734375,292.4172668457031,1157.255615234375,451.2059020996094,0.7962070107460022,person,16.30419921875,2.1710205078125
124,4.96,33,388.7083740234375,308.39825439453125,414.2027587890625,373.76727294921875,0.30211153626441956,person,4.6376953125,-0.854766845703125
124,4.96,34,306.25384521484375,307.02484130859375,335.9990234375,362.6019287109375,0.5780225396156311,person,-3.651824951171875,0.64599609375
124,4.96,35,772.048583984375,315.8699951171875,825.5582275390625,380.080078125,0.3269796669483185,car,-0.2464599609375,3.41802978515625
124,4.96,39,334.7921142578125,311.39215087890625,361.2584228515625,363.47998046875,0.5749163031578064,person,-4.86431884765625,1.343841552734375
125,5.0,4,3.318603515625,582.5723876953125,1267.431884765625,714.9290771484375,0.5944722294807434,car,-4.5780029296875,-1.74652099609375
125,5.0,7,526.3792724609375,311.24822998046875,557.5677490234375,390.09796142578125,0.6876683831214905,person,0.82421875,-0.317901611328125
125,5.0,19,554.747314453125,333.7652587890625,601.5262451171875,363.98193359375,0.32519474625587463,car,-0.3383856879340278,0.3202989366319444
125,5.0,23,772.3572387695312,317.0911865234375,826.6682739257812,356.8233642578125,0.5881527662277222,car,0.447998046875,0.4771728515625
125,5.0,30,1130.6431884765625,291.72930908203125,1176.7608642578125,457.27691650390625,0.7474846839904785,person,17.4425048828125,2.6915283203125
125,5.0,33,388.7083740234375,308.39825439453125,414.2027587890625,373.76727294921875,0.30211153626441956,person,4.6376953125,-0.854766845703125
125,5.0,34,301.92083740234375,305.162109375,330.57940673828125,367.1546630859375,0.4754023253917694,person,-4.876312255859375,1.345001220703125
125,5.0,35,773.1278076171875,317.6251220703125,826.525634765625,376.01922607421875,0.42990565299987793,car,0.51165771484375,-0.5764312744140625
125,5.0,39,330.40667724609375,315.3537902832031,356.75018310546875,363.0894470214844,0.47484853863716125,person,-4.44683837890625,1.785552978515625
126,5.04,4,2.295654296875,584.4868774414062,1269.220947265625,714.7631225585938,0.5697876811027527,car,0.383056640625,0.874267578125
126,5.04,7,527.6080322265625,311.63665771484375,560.7557373046875,391.80230712890625,0.6911197304725647,person,2.2083740234375,1.04638671875
126,5.04,19,554.747314453125,333.7652587890625,601.5262451171875,363.98193359375,0.32519474625587463,car,-0.3383856879340278,0.3202989366319444
126,5.04,23,773.5357666015625,317.7366943359375,827.7303466796875,356.726806640625,0.6318199038505554,car,1.12030029296875,0.27447509765625
126,5.04,30,1147.86083984375,294.20916748046875,1197.796875,464.25653076171875,0.7678465843200684,person,19.1268310546875,4.729736328125
126,5.04,33,388.7083740234375,308.39825439453125,414.2027587890625,373.76727294921875,0.30211153626441956,person,4.6376953125,-0.854766845703125
126,5.04,34,298.0058288574219,303.7213134765625,325.2048645019531,367.08251953125,0.6391218304634094,person,-4.644775390625,-0.7564697265625
126,5.04,35,773.1278076171875,317.6251220703125,826.525634765625,376.01922607421875,0.42990565299987793,car,0.51165771484375,-0.5764312744140625
126,5.04,39,325.5052490234375,315.6810302734375,353.5057373046875,365.08050537109375,0.4979002773761749,person,-4.07293701171875,1.159149169921875
126,5.04,40,3.8604736328125,518.6837768554688,1249.032470703125,714.1160278320312,0.3496968746185303,car,0.0,0.0
127,5.08,4,2.5648193359375,587.525146484375,1265.7412109375,714.341552734375,0.5451954007148743,car,-1.60528564453125,1.308349609375
127,5.08,7,530.3056640625,314.723876953125,560.753173828125,392.8338623046875,0.7125657796859741,person,1.3475341796875,2.05938720703125
127,5.08,19,554.747314453125,333.7652587890625,601.5262451171875,363.98193359375,0.32519474625587463,car,-0.3383856879340278,0.3202989366319444
127,5.08,23,775.7102661132812,318.3367919921875,830.1088256835938,357.26953125,0.6756112575531006,car,2.2764892578125,0.5714111328125
127,5.08,30,1160.7786865234375,294.23455810546875,1224.5296630859375,471.47857666015625,0.8164059519767761,person,19.8253173828125,3.62371826171875
127,5.08,33,388.7083740234375,308.39825439453125,414.2027587890625,373.76727294921875,0.30211153626441956,person,4.6376953125,-0.854766845703125
127,5.08,34,291.98516845703125,305.5956115722656,321.4281005859375,367.0141906738281,0.5839083790779114,person,-4.898712158203125,0.902984619140625
127,5.08,35,773.1278076171875,317.6251220703125,826.525634765625,376.01922607421875,0.42990565299987793,car,0.51165771484375,-0.5764312744140625
127,5.08,39,321.2058410644531,315.379150390625,348.1347961425781,367.3988037109375,0.49168267846107483,person,-4.835174560546875,1.008209228515625
128,5.12,4,3.41943359375,586.2232666015625,1270.3203125,714.26220703125,0.6327680349349976,car,2.71685791015625,-0.69061279296875
128,5.12,7,530.73876953125,317.08349609375,562.8377685546875,392.681884765625,0.6941067576408386,person,1.25885009765625,1.10382080078125
128,5.12,19,554.747314453125,333.7652587890625,601.5262451171875,363.98193359375,0.32519474625587463,car,-0.3383856879340278,0.3202989366319444
128,5.12,23,776.0133056640625,318.64801025390625,831.4049072265625,358.33428955078125,0.6428955793380737,car,0.799560546875,0.68798828125
128,5.12,30,1178.09130859375,293.88909912109375,1252.39990234375,474.89996337890625,0.8447792530059814,person,22.5914306640625,1.5379638671875
128,5.12,33,388.7083740234375,308.39825439453125,414.2027587890625,373.76727294921875,0.30211153626441956,person,4.6376953125,-0.854766845703125
128,5.12,34,287.2362060546875,306.1983642578125,316.4869384765625,366.531005859375,0.5296509861946106,person,-4.845062255859375,0.059783935546875
128,5.12,35,773.1278076171875,317.6251220703125,826.525634765625,376.01922607421875,0.42990565299987793,car,0.51165771484375,-0.5764312744140625
128,5.12,39,318.42962646484375,316.16058349609375,348.00274658203125,367.18048095703125,0.4724040925502777,person,-1.454132080078125,0.28155517578125
129,5.16,4,3.6513671875,584.3652954101562,1266.40234375,714.2964477539062,0.6336724162101746,car,-1.843017578125,-0.911865234375
129,5.16,7,532.279296875,319.3108825683594,568.97412109375,395.5080871582031,0.6169679164886475,person,3.83843994140625,2.52679443359375
129,5.16,19,554.747314453125,333.7652587890625,601.5262451171875,363.98193359375,0.32519474625587463,car,-0.3383856879340278,0.3202989366319444
129,5.16,23,776.4226684570312,318.54974365234375,834.0435180664062,359.2216796875,0.6605962514877319,car,1.52398681640625,0.394561767578125
129,5.16,30,1193.588623046875,297.0015869140625,1278.9833984375,481.904541015625,0.8290623426437378,person,21.0404052734375,5.05853271484375
129,5.16,33,388.7083740234375,308.39825439453125,414.2027587890625,373.76727294921875,0.30211153626441956,person,4.6376953125,-0.854766845703125
129,5.16,34,282.1121826171875,304.42572021484375,309.867431640625,370.07049560546875,0.5194013714790344,person,-5.87176513671875,0.8834228515625
129,5.16,35,773.1278076171875,317.6251220703125,826.525634765625,376.01922607421875,0.42990565299987793,car,0.51165771484375,-0.5764312744140625
129,5.16,39,316.22003173828125,316.0668029785156,341.89971923828125,367.2201843261719,0.4685618281364441,person,-4.15631103515625,-0.02703857421875
130,5.2,4,4.081787109375,582.1236572265625,1268.414794921875,714.6109619140625,0.6372525691986084,car,1.221435546875,-0.96356201171875
130,5.2,7,534.748046875,321.491943359375,571.5419921875,393.5213623046875,0.6285915970802307,person,2.518310546875,0.09716796875
130,5.2,19,554.747314453125,333.7652587890625,601.5262451171875,363.98193359375,0.32519474625587463,car,-0.3383856879340278,0.3202989366319444
130,5.2,23,777.501953125,318.1878967285156,834.8062744140625,361.1686096191406,0.6936501860618591,car,0.9210205078125,0.79254150390625
130,5.2,30,1211.359619140625,294.0807800292969,1279.6015625,485.1850280761719,0.805335283279419,person,9.194580078125,0.179840087890625
130,5.2,33,388.7083740234375,308.39825439453125,414.2027587890625,373.76727294921875,0.30211153626441956,person,4.6376953125,-0.854766845703125
130,5.2,34,276.5552062988281,305.40350341796875,304.9566345214844,370.62591552734375,0.4696928858757019,person,-5.23388671875,0.7666015625
130,5.2,35,773.1278076171875,317.6251220703125,826.525634765625,376.01922607421875,0.42990565299987793,car,0.51165771484375,-0.5764312744140625
130,5.2,39,313.23895263671875,315.8538513183594,337.94561767578125,368.7821960449219,0.44415706396102905,person,-3.46759033203125,0.674530029296875
131,5.24,4,2.6546630859375,584.3435668945312,1268.7335205078125,714.7156372070312,0.6505491733551025,car,-0.55419921875,1.16229248046875
131,5.24,7,535.2236328125,320.86273193359375,573.01025390625,395.62451171875,0.5839017033576965,person,0.971923828125,0.736968994140625
131,5.24,19,554.747314453125,333.7652587890625,601.5262451171875,363.98193359375,0.32519474625587463,car,-0.3383856879340278,0.3202989366319444
131,5.24,23,777.845947265625,317.5085754394531,836.677978515625,359.8017883300781,0.659864068031311,car,1.10784912109375,-1.0230712890625
131,5.24,30,1230.248046875,292.0661315917969,1279.6904296875,486.7548522949219,0.8132278323173523,person,9.4886474609375,-0.222412109375
131,5.24,33,388.7083740234375,308.39825439453125,414.2027587890625,373.76727294921875,0.30211153626441956,person,4.6376953125,-0.854766845703125
131,5.24,34,271.0626220703125,307.08551025390625,299.54327392578125,373.02276611328125,0.38679376244544983,person,-5.452972412109375,2.0394287109375
131,5.24,35,773.1278076171875,317.6251220703125,826.525634765625,376.01922607421875,0.42990565299987793,car,0.51165771484375,-0.5764312744140625
131,5.24,39,309.9041748046875,315.1468505859375,332.3546142578125,376.0135498046875,0.38747626543045044,person,-4.462890625,3.262176513671875
132,5.28,4,2.466552734375,587.0091552734375,1270.62060546875,713.9007568359375,0.6417822241783142,car,0.8494873046875,0.92535400390625
132,5.28,7,536.64111328125,320.7731628417969,572.8583984375,398.7951354980469,0.5729668140411377,person,0.6328125,1.54052734375
132,5.28,19,554.747314453125,333.7652587890625,601.5262451171875,363.98193359375,0.32519474625587463,car,-0.3383856879340278,0.3202989366319444
132,5.28,23,778.1795043945312,317.05291748046875,837.4013061523438,359.81475830078125,0.6406984329223633,car,0.5284423828125,-0.221343994140625
132,5.28,30,1230.248046875,292.0661315917969,1279.6904296875,486.7548522949219,0.8132278323173523,person,9.4886474609375,-0.222412109375
132,5.28,33,388.7083740234375,308.39825439453125,414.2027587890625,373.76727294921875,0.30211153626441956,person,4.6376953125,-0.854766845703125
132,5.28,34,265.3934326171875,305.99774169921875,294.8192138671875,374.69757080078125,0.371650367975235,person,-5.196624755859375,0.29351806640625
132,5.28,35,773.1278076171875,317.6251220703125,826.525634765625,376.01922607421875,0.42990565299987793,car,0.51165771484375,-0.5764312744140625
132,5.28,39,304.5174560546875,313.218994140625,330.4564208984375,383.53662109375,0.4366056025028229,person,-3.6424560546875,2.797607421875
132,5.28,41,265.78387451171875,306.67596435546875,293.434326171875,356.36175537109375,0.40351101756095886,person,0.0,0.0
133,5.32,4,3.1136474609375,580.0778198242188,1268.7152099609375,714.5036010742188,0.6286986470222473,car,-0.629150390625,-3.16424560546875
133,5.32,7,538.912841796875,320.58612060546875,573.540283203125,398.35650634765625,0.6463132500648499,person,1.476806640625,-0.312835693359375
133,5.32,19,554.747314453125,333.7652587890625,601.5262451171875,363.98193359375,0.32519474625587463,car,-0.3383856879340278,0.3202989366319444
133,5.32,23,778.2613525390625,317.0419616699219,837.9974365234375,360.3522033691406,0.6399962306022644,car,0.3389892578125,0.26324462890625
133,5.32,30,1230.248046875,292.0661315917969,1279.6904296875,486.7548522949219,0.8132278323173523,person,9.4886474609375,-0.222412109375
133,5.32,33,388.7083740234375,308.39825439453125,414.2027587890625,373.76727294921875,0.30211153626441956,person,4.6376953125,-0.854766845703125
133,5.32,34,259.237060546875,304.9197998046875,287.5689697265625,377.632080078125,0.4593467116355896,person,-6.70330810546875,0.92828369140625
133,5.32,35,773.1278076171875,317.6251220703125,826.525634765625,376.01922607421875,0.42990565299987793,car,0.51165771484375,-0.5764312744140625
133,5.32,39,299.52008056640625,312.7290344238281,325.1094970703125,380.6902160644531,0.47570496797561646,person,-5.172149658203125,-1.668182373046875
134,5.36,4,3.9910888671875,578.37109375,1267.7005615234375,714.35498046875,0.6718626022338867,car,-0.068603515625,-0.92767333984375
134,5.36,7,537.8785400390625,319.1058349609375,575.0906982421875,401.3585205078125,0.6534008979797363,person,0.258056640625,0.7608642578125
134,5.36,19,554.747314453125,333.7652587890625,601.5262451171875,363.98193359375,0.32519474625587463,car,-0.3383856879340278,0.3202989366319444
134,5.36,23,779.2632446289062,316.8300476074219,839.1421508789062,361.6094055175781,0.6784935593605042,car,1.07330322265625,0.52264404296875
134,5.36,30,1230.248046875,292.0661315917969,1279.6904296875,486.7548522949219,0.8132278323173523,person,9.4886474609375,-0.222412109375
134,5.36,33,388.7083740234375,308.39825439453125,414.2027587890625,373.76727294921875,0.30211153626441956,person,4.6376953125,-0.854766845703125
134,5.36,34,253.19952392578125,305.307373046875,281.4407958984375,376.7169189453125,0.40168237686157227,person,-6.082855224609375,-0.2637939453125
134,5.36,35,773.1278076171875,317.6251220703125,826.525634765625,376.01922607421875,0.42990565299987793,car,0.51165771484375,-0.5764312744140625
134,5.36,39,294.7332763671875,312.11468505859375,324.03900146484375,386.72625732421875,0.42356592416763306,person,-2.92864990234375,2.710845947265625
134,5.36,42,520.387939453125,389.822998046875,578.41357421875,406.9532470703125,0.3934779465198517,skateboard,0.0,0.0
134,5.36,43,347.0208740234375,386.56500244140625,369.024169921875,447.5826416015625,0.32334744930267334,fire hydrant,0.0,0.0
135,5.4,4,3.6993408203125,584.1976928710938,1270.2760009765625,714.8410034179688,0.6677026748657227,car,1.141845703125,3.15631103515625
135,5.4,7,541.9248657226562,319.22052001953125,577.2245483398438,399.99578857421875,0.6262826919555664,person,3.090087890625,-0.6240234375
135,5.4,19,554.747314453125,333.7652587890625,601.5262451171875,363.98193359375,0.32519474625587463,car,-0.3383856879340278,0.3202989366319444
135,5.4,23,780.1232299804688,316.60076904296875,839.8638305664062,362.35980224609375,0.6796948909759521,car,0.79083251953125,0.26055908203125
135,5.4,30,1230.248046875,292.0661315917969,1279.6904296875,486.7548522949219,0.8132278323173523,person,9.4886474609375,-0.222412109375
135,5.4,33,388.7083740234375,308.39825439453125,414.2027587890625,373.76727294921875,0.30211153626441956,person,4.6376953125,-0.854766845703125
135,5.4,34,246.5409393310547,304.4879455566406,273.81671142578125,375.5365905761719,0.43567007780075073,person,-7.141334533691406,-0.9998779296875
135,5.4,35,773.1278076171875,317.6251220703125,826.525634765625,376.01922607421875,0.42990565299987793,car,0.51165771484375,-0.5764312744140625
135,5.4,39,288.8285217285156,310.503173828125,318.7701721191406,385.11181640625,0.4736689031124115,person,-5.5867919921875,-1.61297607421875
136,5.44,4,4.916748046875,587.9596557617188,1271.69189453125,715.0894165039062,0.6961057782173157,car,1.316650390625,2.00518798828125
136,5.44,7,546.3300170898438,320.45770263671875,581.1137084960938,394.35089111328125,0.5921028852462769,person,4.14715576171875,-2.203857421875
136,5.44,23,779.04638671875,316.84527587890625,841.7122802734375,363.25982666015625,0.6859135031700134,car,0.38580322265625,0.572265625
136,5.44,30,1230.248046875,292.0661315917969,1279.6904296875,486.7548522949219,0.8132278323173523,person,9.4886474609375,-0.222412109375
136,5.44,33,388.7083740234375,308.39825439453125,414.2027587890625,373.76727294921875,0.30211153626441956,person,4.6376953125,-0.854766845703125
136,5.44,34,239.12237548828125,303.88232421875,267.8564453125,379.483154296875,0.41439107060432434,person,-6.689414978027344,1.67047119140625
136,5.44,35,773.1278076171875,317.6251220703125,826.525634765625,376.01922607421875,0.42990565299987793,car,0.51165771484375,-0.5764312744140625
136,5.44,39,286.54925537109375,310.26812744140625,310.5450439453125,384.06353759765625,0.4004365801811218,person,-5.252197265625,-0.64166259765625
137,5.48,4,5.358642578125,586.9356079101562,1272.864501953125,714.9534301757812,0.6732373833656311,car,0.8072509765625,-0.58001708984375
137,5.48,7,545.787353515625,322.645263671875,584.35009765625,401.0556640625,0.6009929776191711,person,1.34686279296875,4.4461669921875
137,5.48,23,779.4862060546875,316.845458984375,842.2364501953125,363.8035888671875,0.6745806932449341,car,0.48199462890625,0.27197265625
137,5.48,30,1230.248046875,292.0661315917969,1279.6904296875,486.7548522949219,0.8132278323173523,person,9.4886474609375,-0.222412109375
137,5.48,33,388.7083740234375,308.39825439453125,414.2027587890625,373.76727294921875,0.30211153626441956,person,4.6376953125,-0.854766845703125
137,5.48,34,239.12237548828125,303.88232421875,267.8564453125,379.483154296875,0.41439107060432434,person,-6.689414978027344,1.67047119140625
137,5.48,35,773.1278076171875,317.6251220703125,826.525634765625,376.01922607421875,0.42990565299987793,car,0.51165771484375,-0.5764312744140625
137,5.48,39,280.0282287597656,309.9404296875,311.7358703613281,386.3800048828125,0.518989086151123,person,-2.66510009765625,0.994384765625
138,5.52,4,4.50537109375,589.0797729492188,1272.931884765625,714.6250610351562,0.6780064105987549,car,-0.3929443359375,0.90789794921875
138,5.52,7,547.1358642578125,325.023681640625,587.1009521484375,400.50634765625,0.5320178270339966,person,2.0496826171875,0.91455078125
138,5.52,23,779.20361328125,316.74810791015625,842.85009765625,364.268798828125,0.6992932558059692,car,0.16552734375,0.183929443359375
138,5.52,30,1230.248046875,292.0661315917969,1279.6904296875,486.7548522949219,0.8132278323173523,person,9.4886474609375,-0.222412109375
138,5.52,33,388.7083740234375,308.39825439453125,414.2027587890625,373.76727294921875,0.30211153626441956,person,4.6376953125,-0.854766845703125
138,5.52,34,222.38804626464844,302.93701171875,254.0117645263672,385.611328125,0.40214186906814575,person,-7.644752502441406,1.29571533203125
138,5.52,35,773.1278076171875,317.6251220703125,826.525634765625,376.01922607421875,0.42990565299987793,car,0.51165771484375,-0.5764312744140625
138,5.52,39,275.47491455078125,310.4923095703125,304.90362548828125,389.43505859375,0.5641920566558838,person,-5.692779541015625,1.803466796875
139,5.56,4,4.9937744140625,587.86474609375,1271.929443359375,714.5455322265625,0.6409605145454407,car,-0.25701904296875,-0.64727783203125
139,5.56,7,547.1358642578125,325.023681640625,587.1009521484375,400.50634765625,0.5320178270339966,person,2.0496826171875,0.91455078125
139,5.56,23,778.2890625,316.8878173828125,843.432373046875,364.48016357421875,0.6978741884231567,car,-0.1661376953125,0.175537109375
139,5.56,30,1230.248046875,292.0661315917969,1279.6904296875,486.7548522949219,0.8132278323173523,person,9.4886474609375,-0.222412109375
139,5.56,33,388.7083740234375,308.39825439453125,414.2027587890625,373.76727294921875,0.30211153626441956,person,4.6376953125,-0.854766845703125
139,5.56,34,214.79312133789062,300.57598876953125,247.18917846679688,412.10040283203125,0.5677018761634827,person,-7.2087554931640625,12.06402587890625
139,5.56,35,773.1278076171875,317.6251220703125,826.525634765625,376.01922607421875,0.42990565299987793,car,0.51165771484375,-0.5764312744140625
139,5.56,39,268.54290771484375,310.8636474609375,298.38568115234375,389.12823486328125,0.5649234652519226,person,-6.7249755859375,0.032257080078125
140,5.6,4,11.866455078125,586.8998413085938,1271.052490234375,715.2494506835938,0.6838130354881287,car,2.99786376953125,-0.1304931640625
140,5.6,7,547.1358642578125,325.023681640625,587.1009521484375,400.50634765625,0.5320178270339966,person,2.0496826171875,0.91455078125
140,5.6,23,777.6412353515625,317.162841796875,843.1412353515625,364.530029296875,0.7061963081359863,car,-0.469482421875,0.162445068359375
140,5.6,30,1230.248046875,292.0661315917969,1279.6904296875,486.7548522949219,0.8132278323173523,person,9.4886474609375,-0.222412109375
140,5.6,33,388.7083740234375,308.39825439453125,414.2027587890625,373.76727294921875,0.30211153626441956,person,4.6376953125,-0.854766845703125
140,5.6,34,204.42227172851562,300.68792724609375,235.8302001953125,413.61346435546875,0.4339110851287842,person,-10.864913940429688,0.8125
140,5.6,35,773.1278076171875,317.6251220703125,826.525634765625,376.01922607421875,0.42990565299987793,car,0.51165771484375,-0.5764312744140625
140,5.6,39,262.7865295410156,312.4801025390625,292.6057434082031,390.414794921875,0.6342945098876953,person,-5.768157958984375,1.451507568359375
141,5.64,4,12.4892578125,589.73681640625,1271.60400390625,715.333740234375,0.6605806946754456,car,0.587158203125,1.46063232421875
141,5.64,7,547.1358642578125,325.023681640625,587.1009521484375,400.50634765625,0.5320178270339966,person,2.0496826171875,0.91455078125
141,5.64,23,777.0009765625,316.46240234375,845.68896484375,364.8349609375,0.7267431020736694,car,0.9537353515625,-0.19775390625
141,5.64,30,1230.248046875,292.0661315917969,1279.6904296875,486.7548522949219,0.8132278323173523,person,9.4886474609375,-0.222412109375
141,5.64,33,388.7083740234375,308.39825439453125,414.2027587890625,373.76727294921875,0.30211153626441956,person,4.6376953125,-0.854766845703125
141,5.64,34,193.21307373046875,300.82049560546875,225.45318603515625,415.36297607421875,0.6170893907546997,person,-10.793106079101562,0.9410400390625
141,5.64,35,773.1278076171875,317.6251220703125,826.525634765625,376.01922607421875,0.42990565299987793,car,0.51165771484375,-0.5764312744140625
141,5.64,39,255.97491455078125,312.7734680175781,286.54510498046875,390.8255920410156,0.6189055442810059,person,-6.436126708984375,0.352081298828125
142,5.68,4,8.430908203125,586.8449096679688,1271.853759765625,715.6207885742188,0.661725640296936,car,-1.904296875,-1.30242919921875
142,5.68,7,547.1358642578125,325.023681640625,587.1009521484375,400.50634765625,0.5320178270339966,person,2.0496826171875,0.91455078125
142,5.68,23,777.1583251953125,315.94281005859375,844.8961181640625,365.01959228515625,0.717870831489563,car,-0.3177490234375,-0.16748046875
142,5.68,30,1230.248046875,292.0661315917969,1279.6904296875,486.7548522949219,0.8132278323173523,person,9.4886474609375,-0.222412109375
142,5.68,33,388.7083740234375,308.39825439453125,414.2027587890625,373.76727294921875,0.30211153626441956,person,4.6376953125,-0.854766845703125
142,5.68,34,183.51589965820312,298.9913330078125,217.47463989257812,418.59967041015625,0.6589168906211853,person,-8.837860107421875,0.703765869140625
142,5.68,35,773.1278076171875,317.6251220703125,826.525634765625,376.01922607421875,0.42990565299987793,car,0.51165771484375,-0.5764312744140625
142,5.68,39,249.2987060546875,313.1153564453125,280.278564453125,394.5234375,0.7170881032943726,person,-6.47137451171875,2.019866943359375
143,5.72,4,11.241943359375,588.5435791015625,1270.451904296875,715.6629638671875,0.7052526473999023,car,0.70458984375,0.87042236328125
143,5.72,7,547.1358642578125,325.023681640625,587.1009521484375,400.50634765625,0.5320178270339966,person,2.0496826171875,0.91455078125
143,5.72,23,776.4925537109375,315.669677734375,844.1519775390625,365.36968994140625,0.7058613896369934,car,-0.7049560546875,0.038482666015625
143,5.72,30,1230.248046875,292.0661315917969,1279.6904296875,486.7548522949219,0.8132278323173523,person,9.4886474609375,-0.222412109375
143,5.72,33,388.7083740234375,308.39825439453125,414.2027587890625,373.76727294921875,0.30211153626441956,person,4.6376953125,-0.854766845703125
143,5.72,34,174.2857208251953,301.50689697265625,208.09950256347656,421.030517578125,0.6067370176315308,person,-9.302658081054688,2.47320556640625
143,5.72,35,773.1278076171875,317.6251220703125,826.525634765625,376.01922607421875,0.42990565299987793,car,0.51165771484375,-0.5764312744140625
143,5.72,39,241.7584228515625,314.8913269042969,272.27813720703125,395.5991516113281,0.653536319732666,person,-7.770355224609375,1.42584228515625
144,5.76,4,16.646728515625,590.2512817382812,1273.52294921875,715.6930541992188,0.6618362069129944,car,4.2379150390625,0.868896484375
144,5.76,7,547.1358642578125,325.023681640625,587.1009521484375,400.50634765625,0.5320178270339966,person,2.0496826171875,0.91455078125
144,5.76,23,776.6309814453125,314.9647216796875,845.6053466796875,365.865478515625,0.7076684236526489,car,0.7958984375,-0.104583740234375
144,5.76,30,1230.248046875,292.0661315917969,1279.6904296875,486.7548522949219,0.8132278323173523,person,9.4886474609375,-0.222412109375
144,5.76,33,388.7083740234375,308.39825439453125,414.2027587890625,373.76727294921875,0.30211153626441956,person,4.6376953125,-0.854766845703125
144,5.76,34,163.96490478515625,297.4886169433594,198.0457763671875,421.9112243652344,0.6852115988731384,person,-10.187271118164062,-1.56878662109375
144,5.76,35,773.1278076171875,317.6251220703125,826.525634765625,376.01922607421875,0.42990565299987793,car,0.51165771484375,-0.5764312744140625
144,5.76,39,235.2149658203125,313.2839050292969,266.17431640625,396.9993591308594,0.7261862754821777,person,-6.323638916015625,-0.103607177734375
145,5.8,4,21.5302734375,591.0416259765625,1271.851318359375,715.041259765625,0.6254240274429321,car,1.60595703125,0.06927490234375
145,5.8,7,547.1358642578125,325.023681640625,587.1009521484375,400.50634765625,0.5320178270339966,person,2.0496826171875,0.91455078125
145,5.8,23,775.706787109375,314.40582275390625,846.869384765625,364.59014892578125,0.760379433631897,car,0.169921875,-0.9171142578125
145,5.8,30,1230.248046875,292.0661315917969,1279.6904296875,486.7548522949219,0.8132278323173523,person,9.4886474609375,-0.222412109375
145,5.8,33,388.7083740234375,308.39825439453125,414.2027587890625,373.76727294921875,0.30211153626441956,person,4.6376953125,-0.854766845703125
145,5.8,34,154.33493041992188,300.42718505859375,191.18899536132812,423.02166748046875,0.7587637901306152,person,-8.243377685546875,2.024505615234375
145,5.8,35,773.1278076171875,317.6251220703125,826.525634765625,376.01922607421875,0.42990565299987793,car,0.51165771484375,-0.5764312744140625
145,5.8,39,227.48220825195312,311.19659423828125,259.6847229003906,395.44378662109375,0.6602281928062439,person,-7.111175537109375,-1.821441650390625
146,5.84,4,27.0926513671875,589.9862060546875,1272.027587890625,715.0037841796875,0.6121070384979248,car,2.86932373046875,-0.54644775390625
146,5.84,7,547.1358642578125,325.023681640625,587.1009521484375,400.50634765625,0.5320178270339966,person,2.0496826171875,0.91455078125
146,5.84,23,774.6956176757812,312.0839538574219,846.5289916992188,362.9311218261719,0.6803196668624878,car,-0.67578125,-1.990447998046875
146,5.84,30,1230.248046875,292.0661315917969,1279.6904296875,486.7548522949219,0.8132278323173523,person,9.4886474609375,-0.222412109375
146,5.84,33,388.7083740234375,308.39825439453125,414.2027587890625,373.76727294921875,0.30211153626441956,person,4.6376953125,-0.854766845703125
146,5.84,34,142.74359130859375,299.738525390625,178.331298828125,423.4127197265625,0.7580435276031494,person,-12.224517822265625,-0.1488037109375
146,5.84,35,773.1278076171875,317.6251220703125,826.525634765625,376.01922607421875,0.42990565299987793,car,0.51165771484375,-0.5764312744140625
146,5.84,39,220.33294677734375,307.9232177734375,253.09307861328125,396.776123046875,0.7059624791145325,person,-6.870452880859375,-0.97052001953125
147,5.88,4,7.1466064453125,588.3978881835938,1272.894287109375,714.7127075195312,0.567470133304596,car,-9.5396728515625,-0.939697265625
147,5.88,7,547.1358642578125,325.023681640625,587.1009521484375,400.50634765625,0.5320178270339966,person,2.0496826171875,0.91455078125
147,5.88,23,773.8212890625,309.20361328125,845.4833984375,360.607421875,0.6789184808731079,car,-0.9599609375,-2.602020263671875
147,5.88,30,1230.248046875,292.0661315917969,1279.6904296875,486.7548522949219,0.8132278323173523,person,9.4886474609375,-0.222412109375
147,5.88,33,388.7083740234375,308.39825439453125,414.2027587890625,373.76727294921875,0.30211153626441956,person,4.6376953125,-0.854766845703125
147,5.88,34,134.83657836914062,297.0369567871094,170.76040649414062,422.7329406738281,0.6759201288223267,person,-7.73895263671875,-1.690673828125
147,5.88,35,773.1278076171875,317.6251220703125,826.525634765625,376.01922607421875,0.42990565299987793,car,0.51165771484375,-0.5764312744140625
147,5.88,39,214.12396240234375,307.4391174316406,246.50836181640625,395.7240295410156,0.7158459424972534,person,-6.3968505859375,-0.768096923828125
148,5.92,4,5.551513671875,590.2586669921875,1272.83544921875,715.0421142578125,0.4635089933872223,car,-0.82696533203125,1.0950927734375
148,5.92,7,547.1358642578125,325.023681640625,587.1009521484375,400.50634765625,0.5320178270339966,person,2.0496826171875,0.91455078125
148,5.92,23,774.3912353515625,305.16680908203125,847.8436279296875,357.43426513671875,0.733267068862915,car,1.465087890625,-3.60498046875
148,5.92,30,1230.248046875,292.0661315917969,1279.6904296875,486.7548522949219,0.8132278323173523,person,9.4886474609375,-0.222412109375
148,5.92,33,388.7083740234375,308.39825439453125,414.2027587890625,373.76727294921875,0.30211153626441956,person,4.6376953125,-0.854766845703125
148,5.92,34,125.07402801513672,293.5271911621094,159.0670166015625,419.9441833496094,0.6282821893692017,person,-10.727970123291016,-3.149261474609375
148,5.92,35,773.1278076171875,317.6251220703125,826.525634765625,376.01922607421875,0.42990565299987793,car,0.51165771484375,-0.5764312744140625
148,5.92,39,207.5657958984375,305.998291015625,242.0059814453125,392.3216552734375,0.698577880859375,person,-5.5302734375,-2.421600341796875
149,5.96,4,5.1611328125,590.360595703125,1273.25634765625,714.5244140625,0.5308189392089844,car,0.0152587890625,-0.2078857421875
149,5.96,7,547.1358642578125,325.023681640625,587.1009521484375,400.50634765625,0.5320178270339966,person,2.0496826171875,0.91455078125
149,5.96,23,775.260009765625,302.79583740234375,850.885009765625,358.05975341796875,0.7362126708030701,car,1.955078125,-0.87274169921875
149,5.96,30,1230.248046875,292.0661315917969,1279.6904296875,486.7548522949219,0.8132278323173523,person,9.4886474609375,-0.222412109375
149,5.96,33,388.7083740234375,308.39825439453125,414.2027587890625,373.76727294921875,0.30211153626441956,person,4.6376953125,-0.854766845703125
149,5.96,34,117.93023681640625,292.10198974609375,151.29144287109375,423.24908447265625,0.6701822280883789,person,-7.459682464599609,0.939849853515625
149,5.96,35,773.1278076171875,317.6251220703125,826.525634765625,376.01922607421875,0.42990565299987793,car,0.51165771484375,-0.5764312744140625
149,5.96,39,200.95956420898438,305.09686279296875,235.35958862304688,392.94903564453125,0.7199192047119141,person,-6.626312255859375,-0.13702392578125
150,6.0,4,4.1011962890625,589.2444458007812,1274.0850830078125,713.9143676757812,0.42620110511779785,car,-0.1156005859375,-0.86309814453125
150,6.0,7,547.1358642578125,325.023681640625,587.1009521484375,400.50634765625,0.5320178270339966,person,2.0496826171875,0.91455078125
150,6.0,23,774.9540405273438,301.6842956542969,852.4097290039062,356.4112854003906,0.7217860221862793,car,0.609375,-1.3800048828125
150,6.0,30,1230.248046875,292.0661315917969,1279.6904296875,486.7548522949219,0.8132278323173523,person,9.4886474609375,-0.222412109375
150,6.0,33,388.7083740234375,308.39825439453125,414.2027587890625,373.76727294921875,0.30211153626441956,person,4.6376953125,-0.854766845703125
150,6.0,34,109.1087646484375,291.65087890625,143.33810424804688,422.12841796875,0.5714950561523438,person,-8.387405395507812,-0.785888671875
150,6.0,35,773.1278076171875,317.6251220703125,826.525634765625,376.01922607421875,0.42990565299987793,car,0.51165771484375,-0.5764312744140625
150,6.0,39,194.67916870117188,308.12091064453125,232.2650146484375,392.68768310546875,0.6209020018577576,person,-4.6874847412109375,1.38134765625
151,6.04,4,4.173828125,585.851318359375,1275.59033203125,713.7109375,0.32804596424102783,car,0.7889404296875,-1.79827880859375
151,6.04,7,547.1358642578125,325.023681640625,587.1009521484375,400.50634765625,0.5320178270339966,person,2.0496826171875,0.91455078125
151,6.04,23,775.6363525390625,301.028076171875,853.99267578125,354.8167724609375,0.7456489205360413,car,1.13262939453125,-1.1253662109375
151,6.04,30,1230.248046875,292.0661315917969,1279.6904296875,486.7548522949219,0.8132278323173523,person,9.4886474609375,-0.222412109375
151,6.04,33,388.7083740234375,308.39825439453125,414.2027587890625,373.76727294921875,0.30211153626441956,person,4.6376953125,-0.854766845703125
151,6.04,34,101.07557678222656,290.40594482421875,134.31858825683594,423.76434326171875,0.6484792232513428,person,-8.526351928710938,0.19549560546875
151,6.04,35,773.1278076171875,317.6251220703125,826.525634765625,376.01922607421875,0.42990565299987793,car,0.51165771484375,-0.5764312744140625
151,6.04,39,188.0112762451172,307.4108581542969,229.68357849121094,394.1096496582031,0.6107522249221802,person,-4.624664306640625,0.35595703125
152,6.08,4,4.7838134765625,583.8597412109375,1274.560546875,713.8543701171875,0.40748652815818787,car,-0.20989990234375,-0.924072265625
152,6.08,7,547.1358642578125,325.023681640625,587.1009521484375,400.50634765625,0.5320178270339966,person,2.0496826171875,0.91455078125
152,6.08,23,775.6993408203125,301.9726257324219,855.727783203125,356.2922668457031,0.6861803531646729,car,0.8990478515625,1.21002197265625
152,6.08,30,1230.248046875,292.0661315917969,1279.6904296875,486.7548522949219,0.8132278323173523,person,9.4886474609375,-0.222412109375
152,6.08,33,388.7083740234375,308.39825439453125,414.2027587890625,373.76727294921875,0.30211153626441956,person,4.6376953125,-0.854766845703125
152,6.08,34,92.79576110839844,289.2215576171875,129.7795867919922,423.259033203125,0.6651365756988525,person,-6.4094085693359375,-0.8448486328125
152,6.08,35,773.1278076171875,317.6251220703125,826.525634765625,376.01922607421875,0.42990565299987793,car,0.51165771484375,-0.5764312744140625
152,6.08,39,184.67694091796875,307.838623046875,222.21173095703125,394.4559326171875,0.6107302904129028,person,-5.4030914306640625,0.38702392578125
153,6.12,4,3.7667236328125,587.7291259765625,1272.258056640625,713.5606689453125,0.350746214389801,car,-1.6597900390625,1.787841796875
153,6.12,7,547.1358642578125,325.023681640625,587.1009521484375,400.50634765625,0.5320178270339966,person,2.0496826171875,0.91455078125
153,6.12,23,776.4874877929688,301.0036315917969,856.8707885742188,357.0566711425781,0.7150482535362244,car,0.965576171875,-0.102294921875
153,6.12,30,1230.248046875,292.0661315917969,1279.6904296875,486.7548522949219,0.8132278323173523,person,9.4886474609375,-0.222412109375
153,6.12,33,388.7083740234375,308.39825439453125,414.2027587890625,373.76727294921875,0.30211153626441956,person,4.6376953125,-0.854766845703125
153,6.12,34,85.79647827148438,289.541015625,119.70233154296875,429.6451416015625,0.7281098961830139,person,-8.53826904296875,3.352783203125
153,6.12,35,773.1278076171875,317.6251220703125,826.525634765625,376.01922607421875,0.42990565299987793,car,0.51165771484375,-0.5764312744140625
153,6.12,39,181.695068359375,309.2228698730469,220.6495361328125,397.6487731933594,0.6672400832176208,person,-2.27203369140625,2.288543701171875
154,6.16,4,4.5240478515625,585.15478515625,1271.9669189453125,713.1868896484375,0.42609885334968567,car,0.23309326171875,-1.47406005859375
154,6.16,7,547.1358642578125,325.023681640625,587.1009521484375,400.50634765625,0.5320178270339966,person,2.0496826171875,0.91455078125
154,6.16,23,776.8280029296875,302.0499572753906,858.248779296875,358.4647521972656,0.7410736083984375,car,0.8592529296875,1.227203369140625
154,6.16,30,1230.248046875,292.0661315917969,1279.6904296875,486.7548522949219,0.8132278323173523,person,9.4886474609375,-0.222412109375
154,6.16,33,388.7083740234375,308.39825439453125,414.2027587890625,373.76727294921875,0.30211153626441956,person,4.6376953125,-0.854766845703125
154,6.16,34,77.8486557006836,289.22344970703125,113.01085662841797,430.206298828125,0.6875933408737183,person,-7.319648742675781,0.121795654296875
154,6.16,35,773.1278076171875,317.6251220703125,826.525634765625,376.01922607421875,0.42990565299987793,car,0.51165771484375,-0.5764312744140625
154,6.16,39,176.9682159423828,308.94818115234375,217.7419891357422,398.6485595703125,0.6938144564628601,person,-3.81719970703125,0.362548828125
155,6.2,4,4.6702880859375,584.173095703125,1272.5909423828125,713.47607421875,0.4423868656158447,car,0.3851318359375,-0.34625244140625
155,6.2,7,547.1358642578125,325.023681640625,587.1009521484375,400.50634765625,0.5320178270339966,person,2.0496826171875,0.91455078125
155,6.2,23,777.1919555664062,302.30865478515625,858.5939331054688,359.49249267578125,0.7424431443214417,car,0.35455322265625,0.643218994140625
155,6.2,30,1230.248046875,292.0661315917969,1279.6904296875,486.7548522949219,0.8132278323173523,person,9.4886474609375,-0.222412109375
155,6.2,34,71.31588745117188,289.0396728515625,104.11830139160156,432.5576171875,0.6436161994934082,person,-7.7126617431640625,1.083770751953125
155,6.2,35,773.1278076171875,317.6251220703125,826.525634765625,376.01922607421875,0.42990565299987793,car,0.51165771484375,-0.5764312744140625
155,6.2,39,170.98046875,311.18341064453125,209.31686401367188,404.60919189453125,0.6279964447021484,person,-7.2064361572265625,4.097930908203125
156,6.24,4,2.5689697265625,567.669921875,1268.291748046875,715.279541015625,0.5631083846092224,car,-3.20025634765625,-7.349853515625
156,6.24,7,547.1358642578125,325.023681640625,587.1009521484375,400.50634765625,0.5320178270339966,person,2.0496826171875,0.91455078125
156,6.24,23,777.7508544921875,302.9316711425781,860.0841064453125,359.7745666503906,0.7488455176353455,car,1.0245361328125,0.452545166015625
156,6.24,30,1230.248046875,292.0661315917969,1279.6904296875,486.7548522949219,0.8132278323173523,person,9.4886474609375,-0.222412109375
156,6.24,34,66.24385070800781,289.61444091796875,106.58314514160156,437.63372802734375,0.7102541923522949,person,-1.3035964965820312,2.825439453125
156,6.24,35,773.1278076171875,317.6251220703125,826.525634765625,376.01922607421875,0.42990565299987793,car,0.51165771484375,-0.5764312744140625
156,6.24,39,170.50375366210938,309.70391845703125,205.56289672851562,403.432861328125,0.6589946746826172,person,-2.1153411865234375,-1.327911376953125
157,6.28,4,3.952392578125,581.7174072265625,1272.199951171875,714.5657958984375,0.5295822620391846,car,2.64581298828125,6.6668701171875
157,6.28,7,547.1358642578125,325.023681640625,587.1009521484375,400.50634765625,0.5320178270339966,person,2.0496826171875,0.91455078125
157,6.28,23,779.3063354492188,303.306884765625,862.2279663085938,360.0733642578125,0.703713595867157,car,1.84967041015625,0.337005615234375
157,6.28,30,1230.248046875,292.0661315917969,1279.6904296875,486.7548522949219,0.8132278323173523,person,9.4886474609375,-0.222412109375
157,6.28,34,59.403419494628906,287.82269287109375,101.79582977294922,439.93499755859375,0.7381219863891602,person,-5.813873291015625,0.2547607421875
157,6.28,35,773.1278076171875,317.6251220703125,826.525634765625,376.01922607421875,0.42990565299987793,car,0.51165771484375,-0.5764312744140625
157,6.28,39,168.33709716796875,309.7674865722656,201.38226318359375,403.1075744628906,0.681757390499115,person,-3.17364501953125,-0.130859375
158,6.32,4,3.96435546875,582.658447265625,1271.6484375,714.829833984375,0.4986550807952881,car,-0.269775390625,0.6025390625
158,6.32,7,547.1358642578125,325.023681640625,587.1009521484375,400.50634765625,0.5320178270339966,person,2.0496826171875,0.91455078125
158,6.32,23,780.84619140625,302.44818115234375,864.2626953125,360.79278564453125,0.6672627925872803,car,1.78729248046875,-0.06964111328125
158,6.32,30,1230.248046875,292.0661315917969,1279.6904296875,486.7548522949219,0.8132278323173523,person,9.4886474609375,-0.222412109375
158,6.32,34,51.024742126464844,286.98529052734375,98.40258026123047,439.00360107421875,0.6982338428497314,person,-5.885963439941406,-0.8843994140625
158,6.32,35,773.1278076171875,317.6251220703125,826.525634765625,376.01922607421875,0.42990565299987793,car,0.51165771484375,-0.5764312744140625
158,6.32,39,166.84109497070312,309.05780029296875,199.33529663085938,404.22845458984375,0.7380189299583435,person,-1.771484375,0.205596923828125
159,6.36,4,4.0078125,582.4163818359375,1268.22802734375,713.874267578125,0.33116069436073303,car,-1.6884765625,-0.59881591796875
159,6.36,7,547.1358642578125,325.023681640625,587.1009521484375,400.50634765625,0.5320178270339966,person,2.0496826171875,0.91455078125
159,6.36,23,781.282958984375,301.92205810546875,864.486328125,359.60943603515625,0.7016097903251648,car,0.3302001953125,-0.854736328125
159,6.36,30,1230.248046875,292.0661315917969,1279.6904296875,486.7548522949219,0.8132278323173523,person,9.4886474609375,-0.222412109375
159,6.36,34,45.24722671508789,290.8626708984375,97.72463989257812,441.8338623046875,0.7004626393318176,person,-3.2277278900146484,3.35382080078125
159,6.36,35,773.1278076171875,317.6251220703125,826.525634765625,376.01922607421875,0.42990565299987793,car,0.51165771484375,-0.5764312744140625
159,6.36,39,162.6766357421875,308.9650573730469,195.56781005859375,405.2288513183594,0.7607080340385437,person,-3.965972900390625,0.453826904296875
160,6.4,4,3.366943359375,582.3585205078125,1270.6348876953125,713.8065185546875,0.3625016212463379,car,0.88299560546875,-0.06280517578125
160,6.4,7,547.1358642578125,325.023681640625,587.1009521484375,400.50634765625,0.5320178270339966,person,2.0496826171875,0.91455078125
160,6.4,23,782.022705078125,301.5408020019531,864.79248046875,359.6628112792969,0.7150960564613342,car,0.52294921875,-0.1639404296875
160,6.4,30,1230.248046875,292.0661315917969,1279.6904296875,486.7548522949219,0.8132278323173523,person,9.4886474609375,-0.222412109375
160,6.4,34,39.68881607055664,291.4736328125,92.45938110351562,443.7640380859375,0.6933049559593201,person,-5.411834716796875,1.27056884765625
160,6.4,35,773.1278076171875,317.6251220703125,826.525634765625,376.01922607421875,0.42990565299987793,car,0.51165771484375,-0.5764312744140625
160,6.4,39,159.30560302734375,306.9218444824219,191.81231689453125,406.0048522949219,0.6888569593429565,person,-3.563262939453125,-0.63360595703125
161,6.44,4,3.7828369140625,582.48779296875,1270.6812744140625,713.39892578125,0.38301053643226624,car,0.23114013671875,-0.13916015625
161,6.44,7,547.1358642578125,325.023681640625,587.1009521484375,400.50634765625,0.5320178270339966,person,2.0496826171875,0.91455078125
161,6.44,23,782.7288208007812,300.71026611328125,865.5139770507812,359.50927734375,0.7033247947692871,car,0.71380615234375,-0.492034912109375
161,6.44,30,1230.248046875,292.0661315917969,1279.6904296875,486.7548522949219,0.8132278323173523,person,9.4886474609375,-0.222412109375
161,6.44,34,32.822296142578125,297.33148193359375,88.14450073242188,445.3388671875,0.5769433975219727,person,-5.590700149536133,3.716339111328125
161,6.44,35,773.1278076171875,317.6251220703125,826.525634765625,376.01922607421875,0.42990565299987793,car,0.51165771484375,-0.5764312744140625
161,6.44,39,157.08285522460938,308.3216552734375,190.18954467773438,406.21923828125,0.6832520365715027,person,-1.922760009765625,0.807098388671875
161,6.44,44,34.90907287597656,297.9244689941406,68.30033874511719,443.5418395996094,0.4945392310619354,person,0.0,0.0
162,6.48,4,3.7115478515625,586.1805419921875,1270.054931640625,713.0179443359375,0.3631926476955414,car,-0.34881591796875,1.6558837890625
162,6.48,7,547.1358642578125,325.023681640625,587.1009521484375,400.50634765625,0.5320178270339966,person,2.0496826171875,0.91455078125
162,6.48,23,783.4288330078125,300.46221923828125,866.4503173828125,359.7342529296875,0.7376574277877808,car,0.81817626953125,-0.01153564453125
162,6.48,30,1230.248046875,292.0661315917969,1279.6904296875,486.7548522949219,0.8132278323173523,person,9.4886474609375,-0.222412109375
162,6.48,34,26.965545654296875,299.89178466796875,85.35481262207031,446.6915283203125,0.6729157567024231,person,-4.323219299316406,1.95648193359375
162,6.48,35,773.1278076171875,317.6251220703125,826.525634765625,376.01922607421875,0.42990565299987793,car,0.51165771484375,-0.5764312744140625
162,6.48,39,155.309814453125,308.17633056640625,186.4859619140625,405.304931640625,0.6010098457336426,person,-2.738311767578125,-0.529815673828125
162,6.48,44,30.56096649169922,299.78436279296875,65.88960266113281,442.51251220703125,0.4324750602245331,person,-3.3794212341308594,0.415283203125
163,6.52,4,3.4390869140625,584.47705078125,1271.5888671875,712.831298828125,0.403038889169693,car,0.6307373046875,-0.945068359375
163,6.52,7,547.1358642578125,325.023681640625,587.1009521484375,400.50634765625,0.5320178270339966,person,2.0496826171875,0.91455078125
163,6.52,23,784.3865356445312,300.113037109375,868.6190795898438,360.156494140625,0.7592979073524475,car,1.563232421875,0.036529541015625
163,6.52,30,1230.248046875,292.0661315917969,1279.6904296875,486.7548522949219,0.8132278323173523,person,9.4886474609375,-0.222412109375
163,6.52,34,22.85528564453125,301.2467041015625,78.47273254394531,448.81390380859375,0.7208380103111267,person,-5.4961700439453125,1.7386474609375
163,6.52,35,773.1278076171875,317.6251220703125,826.525634765625,376.01922607421875,0.42990565299987793,car,0.51165771484375,-0.5764312744140625
163,6.52,39,151.4495391845703,307.9807434082031,184.0891571044922,406.8031921386719,0.6286988258361816,person,-3.1285400390625,0.651336669921875
164,6.56,4,3.653564453125,586.8551025390625,1272.414794921875,713.558349609375,0.4878559112548828,car,0.52020263671875,1.55255126953125
164,6.56,7,547.1358642578125,325.023681640625,587.1009521484375,400.50634765625,0.5320178270339966,person,2.0496826171875,0.91455078125
164,6.56,23,784.9576416015625,301.0549621582031,869.4959716796875,360.9830627441406,0.7005508542060852,car,0.7239990234375,0.884246826171875
164,6.56,30,1230.248046875,292.0661315917969,1279.6904296875,486.7548522949219,0.8132278323173523,person,9.4886474609375,-0.222412109375
164,6.56,34,14.879325866699219,297.82733154296875,73.03694152832031,450.91766357421875,0.7841795682907104,person,-6.705875396728516,-0.657806396484375
164,6.56,35,773.1278076171875,317.6251220703125,826.525634765625,376.01922607421875,0.42990565299987793,car,0.51165771484375,-0.5764312744140625
164,6.56,39,149.6675262451172,309.1676025390625,181.6404266357422,410.0052490234375,0.6403997540473938,person,-2.1153717041015625,2.1944580078125
164,6.56,40,3.029052734375,535.3128662109375,1245.925048828125,714.1314697265625,0.3817577064037323,car,-0.05182687859786184,0.21900699013157895
165,6.6,4,3.450439453125,583.551025390625,1272.060546875,713.474609375,0.4205055832862854,car,-0.2786865234375,-1.69390869140625
165,6.6,7,547.1358642578125,325.023681640625,587.1009521484375,400.50634765625,0.5320178270339966,person,2.0496826171875,0.91455078125
165,6.6,23,786.107177734375,301.98516845703125,871.584228515625,361.98602294921875,0.6843291521072388,car,1.618896484375,0.966583251953125
165,6.6,30,1230.248046875,292.0661315917969,1279.6904296875,486.7548522949219,0.8132278323173523,person,9.4886474609375,-0.222412109375
165,6.6,34,10.841829299926758,296.2713623046875,69.19322204589844,452.72119140625,0.7659274935722351,person,-3.940608024597168,0.123779296875
165,6.6,35,773.1278076171875,317.6251220703125,826.525634765625,376.01922607421875,0.42990565299987793,car,0.51165771484375,-0.5764312744140625
165,6.6,39,146.42745971679688,310.0955810546875,183.09939575195312,412.99969482421875,0.6578170657157898,person,-0.8905487060546875,1.961212158203125
165,6.6,40,2.97900390625,529.460205078125,1246.5693359375,714.400634765625,0.4786068797111511,car,0.297119140625,-2.791748046875
166,6.64,4,3.450439453125,583.551025390625,1272.060546875,713.474609375,0.4205055832862854,car,-0.2786865234375,-1.69390869140625
166,6.64,7,547.1358642578125,325.023681640625,587.1009521484375,400.50634765625,0.5320178270339966,person,2.0496826171875,0.91455078125
166,6.64,23,787.5571899414062,302.7938232421875,874.8594360351562,363.6534423828125,0.7952123880386353,car,2.36260986328125,1.238037109375
166,6.64,30,1230.248046875,292.0661315917969,1279.6904296875,486.7548522949219,0.8132278323173523,person,9.4886474609375,-0.222412109375
166,6.64,34,9.947669982910156,299.8212890625,65.14559173583984,454.1595458984375,0.737464964389801,person,-2.4708948135375977,2.494140625
166,6.64,35,773.1278076171875,317.6251220703125,826.525634765625,376.01922607421875,0.42990565299987793,car,0.51165771484375,-0.5764312744140625
166,6.64,39,143.51194763183594,311.1513671875,183.66502380371094,413.6912841796875,0.6630691289901733,person,-1.1749420166015625,0.873687744140625
166,6.64,40,3.000732421875,536.0706787109375,1237.025146484375,715.4290771484375,0.44631698727607727,car,-4.76123046875,3.8194580078125
167,6.68,4,2.97705078125,581.4051513671875,1272.143310546875,713.5009765625,0.4336181581020355,car,-0.09765625,-0.529876708984375
167,6.68,7,547.1358642578125,325.023681640625,587.1009521484375,400.50634765625,0.5320178270339966,person,2.0496826171875,0.91455078125
167,6.68,23,787.348388671875,303.59625244140625,876.074462890625,364.54119873046875,0.8422303795814514,car,0.50311279296875,0.8450927734375
167,6.68,30,1230.248046875,292.0661315917969,1279.6904296875,486.7548522949219,0.8132278323173523,person,9.4886474609375,-0.222412109375
167,6.68,34,7.460960388183594,304.28363037109375,59.82402801513672,455.15093994140625,0.7323187589645386,person,-3.9041366577148438,2.72686767578125
167,6.68,35,773.1278076171875,317.6251220703125,826.525634765625,376.01922607421875,0.42990565299987793,car,0.51165771484375,-0.5764312744140625
167,6.68,39,141.38595581054688,313.9171142578125,179.19317626953125,415.85699462890625,0.7253922820091248,person,-3.298919677734375,2.465728759765625
167,6.68,40,3.000732421875,536.0706787109375,1237.025146484375,715.4290771484375,0.44631698727607727,car,-4.76123046875,3.8194580078125
168,6.72,4,11.6268310546875,585.25244140625,1277.8817138671875,714.322265625,0.5231512784957886,car,7.194091796875,2.33428955078125
168,6.72,7,547.1358642578125,325.023681640625,587.1009521484375,400.50634765625,0.5320178270339966,person,2.0496826171875,0.91455078125
168,6.72,23,787.9110717773438,304.0444030761719,876.7896118164062,365.3821716308594,0.8496572971343994,car,0.638916015625,0.644561767578125
168,6.72,30,1230.248046875,292.0661315917969,1279.6904296875,486.7548522949219,0.8132278323173523,person,9.4886474609375,-0.222412109375
168,6.72,34,5.572681427001953,299.15380859375,57.30720901489258,455.87689208984375,0.7395363450050354,person,-2.2025489807128906,-2.201934814453125
168,6.72,35,773.1278076171875,317.6251220703125,826.525634765625,376.01922607421875,0.42990565299987793,car,0.51165771484375,-0.5764312744140625
168,6.72,39,143.4176483154297,315.0283508300781,177.7257843017578,415.0884704589844,0.7009387612342834,person,0.2821502685546875,0.171356201171875
168,6.72,40,3.398681640625,536.115478515625,1220.961669921875,715.24462890625,0.6124858260154724,car,-3.9163818359375,-0.034912109375
169,6.76,4,10.5748291015625,587.13427734375,1277.8736572265625,714.1715087890625,0.539976179599762,car,-0.530029296875,0.86553955078125
169,6.76,7,547.1358642578125,325.023681640625,587.1009521484375,400.50634765625,0.5320178270339966,person,2.0496826171875,0.91455078125
169,6.76,23,787.9566040039062,304.9676513671875,877.9254760742188,366.122314453125,0.8422396183013916,car,0.5906982421875,0.831695556640625
169,6.76,30,1230.248046875,292.0661315917969,1279.6904296875,486.7548522949219,0.8132278323173523,person,9.4886474609375,-0.222412109375
169,6.76,34,2.478290557861328,298.8475036621094,55.23501968383789,457.6858215332031,0.6815093159675598,person,-2.5832901000976562,0.751312255859375
169,6.76,35,773.1278076171875,317.6251220703125,826.525634765625,376.01922607421875,0.42990565299987793,car,0.51165771484375,-0.5764312744140625
169,6.76,39,142.71153259277344,315.83465576171875,175.5769500732422,414.774658203125,0.6780218482017517,person,-1.4274749755859375,0.246246337890625
169,6.76,40,3.8004150390625,539.99853515625,1215.652099609375,715.388427734375,0.6486921906471252,car,-2.45391845703125,2.013427734375
170,6.8,4,10.5748291015625,587.13427734375,1277.8736572265625,714.1715087890625,0.539976179599762,car,-0.530029296875,0.86553955078125
170,6.8,7,547.1358642578125,325.023681640625,587.1009521484375,400.50634765625,0.5320178270339966,person,2.0496826171875,0.91455078125
170,6.8,23,787.927978515625,305.0164794921875,878.7265625,366.9051513671875,0.7956040501594543,car,0.38623046875,0.41583251953125
170,6.8,30,1230.248046875,292.0661315917969,1279.6904296875,486.7548522949219,0.8132278323173523,person,9.4886474609375,-0.222412109375
170,6.8,34,0.20566558837890625,301.37554931640625,49.30256271362305,458.97528076171875,0.7234442234039307,person,-4.102540969848633,1.90875244140625
170,6.8,35,773.1278076171875,317.6251220703125,826.525634765625,376.01922607421875,0.42990565299987793,car,0.51165771484375,-0.5764312744140625
170,6.8,39,133.95635986328125,318.4842834472656,172.2353515625,421.7859191894531,0.6502681970596313,person,-6.0483856201171875,4.8304443359375
170,6.8,40,0.182373046875,547.9560546875,1268.65771484375,714.55322265625,0.5993099808692932,car,24.69378662109375,3.5611572265625
171,6.84,4,10.5748291015625,587.13427734375,1277.8736572265625,714.1715087890625,0.539976179599762,car,-0.530029296875,0.86553955078125
171,6.84,7,547.1358642578125,325.023681640625,587.1009521484375,400.50634765625,0.5320178270339966,person,2.0496826171875,0.91455078125
171,6.84,23,788.192626953125,305.7260437011719,880.248779296875,367.3350524902344,0.7333906888961792,car,0.8934326171875,0.569732666015625
171,6.84,30,1230.248046875,292.0661315917969,1279.6904296875,486.7548522949219,0.8132278323173523,person,9.4886474609375,-0.222412109375
171,6.84,34,0.04892730712890625,301.48748779296875,37.81969451904297,459.60565185546875,0.6628395318984985,person,-5.819803237915039,0.37115478515625
171,6.84,35,773.1278076171875,317.6251220703125,826.525634765625,376.01922607421875,0.42990565299987793,car,0.51165771484375,-0.5764312744140625
171,6.84,39,130.10415649414062,318.09967041015625,168.59283447265625,423.21514892578125,0.6205510497093201,person,-3.7473602294921875,0.522308349609375
171,6.84,40,3.6614990234375,548.4281005859375,1215.6910400390625,714.9779052734375,0.6308419108390808,car,-24.7437744140625,0.4483642578125
172,6.88,4,3.6964111328125,582.45703125,1273.8458251953125,714.5284423828125,0.6646459102630615,car,-1.8177083333333333,-0.7200520833333334
172,6.88,7,547.1358642578125,325.023681640625,587.1009521484375,400.50634765625,0.5320178270339966,person,2.0496826171875,0.91455078125
172,6.88,23,789.4129638671875,305.759765625,881.0201416015625,368.23516845703125,0.7265803217887878,car,0.995849609375,0.4669189453125
172,6.88,30,1230.248046875,292.0661315917969,1279.6904296875,486.7548522949219,0.8132278323173523,person,9.4886474609375,-0.222412109375
172,6.88,34,0.1732940673828125,301.94073486328125,37.59440612792969,462.87225341796875,0.3833901882171631,person,-0.0504608154296875,1.85992431640625
172,6.88,35,773.1278076171875,317.6251220703125,826.525634765625,376.01922607421875,0.42990565299987793,car,0.51165771484375,-0.5764312744140625
172,6.88,39,130.1466827392578,317.18646240234375,165.82313537597656,423.65228271484375,0.6008132696151733,person,-1.36358642578125,-0.238037109375
172,6.88,40,3.6614990234375,548.4281005859375,1215.6910400390625,714.9779052734375,0.6308419108390808,car,-24.7437744140625,0.4483642578125
173,6.92,4,3.686767578125,585.423828125,1275.478271484375,714.40673828125,0.6400281190872192,car,0.8114013671875,1.42254638671875
173,6.92,7,547.1358642578125,325.023681640625,587.1009521484375,400.50634765625,0.5320178270339966,person,2.0496826171875,0.91455078125
173,6.92,23,790.3099365234375,305.1934814453125,882.2310791015625,368.44970703125,0.7225150465965271,car,1.053955078125,-0.175872802734375
173,6.92,30,1230.248046875,292.0661315917969,1279.6904296875,486.7548522949219,0.8132278323173523,person,9.4886474609375,-0.222412109375
173,6.92,34,0.2287273406982422,303.69293212890625,31.455652236938477,465.20269775390625,0.5253438949584961,person,-3.0416603088378906,2.04132080078125
173,6.92,35,773.1278076171875,317.6251220703125,826.525634765625,376.01922607421875,0.42990565299987793,car,0.51165771484375,-0.5764312744140625
173,6.92,39,125.77288818359375,318.366943359375,163.61361694335938,423.2862548828125,0.549716591835022,person,-3.291656494140625,0.4072265625
173,6.92,40,3.6614990234375,548.4281005859375,1215.6910400390625,714.9779052734375,0.6308419108390808,car,-24.7437744140625,0.4483642578125
173,6.92,43,346.930419921875,378.96368408203125,378.76953125,443.93756103515625,0.3049490749835968,fire hydrant,0.12378086187900642,-0.14418460161258012
174,6.96,4,3.518798828125,588.2760620117188,1273.52880859375,714.8191528320312,0.6501796841621399,car,-1.0587158203125,1.63232421875
174,6.96,7,547.1358642578125,325.023681640625,587.1009521484375,400.50634765625,0.5320178270339966,person,2.0496826171875,0.91455078125
174,6.96,23,791.2252197265625,304.60064697265625,883.3753662109375,368.14971923828125,0.7608957886695862,car,1.02978515625,-0.4464111328125
174,6.96,30,1230.248046875,292.0661315917969,1279.6904296875,486.7548522949219,0.8132278323173523,person,9.4886474609375,-0.222412109375
174,6.96,34,0.2287273406982422,303.69293212890625,31.455652236938477,465.20269775390625,0.5253438949584961,person,-3.0416603088378906,2.04132080078125
174,6.96,35,773.1278076171875,317.6251220703125,826.525634765625,376.01922607421875,0.42990565299987793,car,0.51165771484375,-0.5764312744140625
174,6.96,39,123.93057250976562,316.3701171875,160.7496337890625,421.8282470703125,0.5150822997093201,person,-2.3531494140625,-1.7274169921875
174,6.96,40,3.6614990234375,548.4281005859375,1215.6910400390625,714.9779052734375,0.6308419108390808,car,-24.7437744140625,0.4483642578125
175,7.0,4,3.7708740234375,589.8204345703125,1273.9781494140625,715.0672607421875,0.6701558232307434,car,0.3507080078125,0.896240234375
175,7.0,7,547.1358642578125,325.023681640625,587.1009521484375,400.50634765625,0.5320178270339966,person,2.0496826171875,0.91455078125
175,7.0,23,790.4616088867188,304.9537658691406,885.0060424804688,368.0133361816406,0.6902236342430115,car,0.43353271484375,0.108367919921875
175,7.0,30,1230.248046875,292.0661315917969,1279.6904296875,486.7548522949219,0.8132278323173523,person,9.4886474609375,-0.222412109375
175,7.0,34,0.2287273406982422,303.69293212890625,31.455652236938477,465.20269775390625,0.5253438949584961,person,-3.0416603088378906,2.04132080078125
175,7.0,35,773.1278076171875,317.6251220703125,826.525634765625,376.01922607421875,0.42990565299987793,car,0.51165771484375,-0.5764312744140625
175,7.0,39,125.9487075805664,315.74859619140625,160.21395874023438,417.935791015625,0.5136386156082153,person,0.7412300109863281,-2.256988525390625
175,7.0,40,3.6614990234375,548.4281005859375,1215.6910400390625,714.9779052734375,0.6308419108390808,car,-24.7437744140625,0.4483642578125
176,7.04,4,3.5213623046875,589.0340576171875,1273.6431884765625,715.0863037109375,0.6472949981689453,car,-0.292236328125,-0.3836669921875
176,7.04,7,547.1358642578125,325.023681640625,587.1009521484375,400.50634765625,0.5320178270339966,person,2.0496826171875,0.91455078125
176,7.04,23,791.6180419921875,303.69671630859375,886.220947265625,366.87823486328125,0.6824551224708557,car,1.1856689453125,-1.196075439453125
176,7.04,30,1230.248046875,292.0661315917969,1279.6904296875,486.7548522949219,0.8132278323173523,person,9.4886474609375,-0.222412109375
176,7.04,34,0.2287273406982422,303.69293212890625,31.455652236938477,465.20269775390625,0.5253438949584961,person,-3.0416603088378906,2.04132080078125
176,7.04,39,124.17498016357422,314.07366943359375,158.32550048828125,425.19158935546875,0.607343316078186,person,-1.8310928344726562,2.790435791015625
176,7.04,40,3.6614990234375,548.4281005859375,1215.6910400390625,714.9779052734375,0.6308419108390808,car,-24.7437744140625,0.4483642578125
177,7.08,4,3.799072265625,589.1363525390625,1273.153076171875,715.3521728515625,0.6444714069366455,car,-0.106201171875,0.18408203125
177,7.08,7,547.1358642578125,325.023681640625,587.1009521484375,400.50634765625,0.5320178270339966,person,2.0496826171875,0.91455078125
177,7.08,23,793.4002685546875,302.78662109375,886.2769775390625,366.2373046875,0.7579578757286072,car,0.91912841796875,-0.7755126953125
177,7.08,30,1230.248046875,292.0661315917969,1279.6904296875,486.7548522949219,0.8132278323173523,person,9.4886474609375,-0.222412109375
177,7.08,34,0.2287273406982422,303.69293212890625,31.455652236938477,465.20269775390625,0.5253438949584961,person,-3.0416603088378906,2.04132080078125
177,7.08,39,123.27189636230469,312.75689697265625,154.7368621826172,418.73565673828125,0.5422163009643555,person,-2.245861053466797,-3.8863525390625
177,7.08,40,3.6614990234375,548.4281005859375,1215.6910400390625,714.9779052734375,0.6308419108390808,car,-24.7437744140625,0.4483642578125
178,7.12,4,3.6883544921875,586.6153564453125,1272.17431640625,715.210205078125,0.6725369095802307,car,-0.54473876953125,-1.33148193359375
178,7.12,7,547.1358642578125,325.023681640625,587.1009521484375,400.50634765625,0.5320178270339966,person,2.0496826171875,0.91455078125
178,7.12,23,794.1253662109375,300.90838623046875,888.0623779296875,365.21185302734375,0.7646982073783875,car,1.2552490234375,-1.45184326171875
178,7.12,30,1230.248046875,292.0661315917969,1279.6904296875,486.7548522949219,0.8132278323173523,person,9.4886474609375,-0.222412109375
178,7.12,34,0.2287273406982422,303.69293212890625,31.455652236938477,465.20269775390625,0.5253438949584961,person,-3.0416603088378906,2.04132080078125
178,7.12,39,122.79024505615234,314.52911376953125,150.75430297851562,421.4254150390625,0.3022870719432831,person,-2.232105255126953,2.230987548828125
178,7.12,40,3.6614990234375,548.4281005859375,1215.6910400390625,714.9779052734375,0.6308419108390808,car,-24.7437744140625,0.4483642578125
178,7.12,45,120.3394546508789,310.75994873046875,160.93142700195312,429.39471435546875,0.5729686617851257,person,0.0,0.0
179,7.16,4,3.669189453125,587.7752685546875,1270.664794921875,715.22802734375,0.6845441460609436,car,-0.76434326171875,0.5888671875
179,7.16,7,547.1358642578125,325.023681640625,587.1009521484375,400.50634765625,0.5320178270339966,person,2.0496826171875,0.91455078125
179,7.16,23,794.7202758789062,299.1466064453125,889.4141235351562,364.4072265625,0.7969217300415039,car,0.97332763671875,-1.283203125
179,7.16,30,1230.248046875,292.0661315917969,1279.6904296875,486.7548522949219,0.8132278323173523,person,9.4886474609375,-0.222412109375
179,7.16,34,0.2287273406982422,303.69293212890625,31.455652236938477,465.20269775390625,0.5253438949584961,person,-3.0416603088378906,2.04132080078125
179,7.16,39,120.08828735351562,310.5213623046875,172.2230224609375,431.5704345703125,0.6802225708961487,person,9.383380889892578,3.068634033203125
179,7.16,40,3.6614990234375,548.4281005859375,1215.6910400390625,714.9779052734375,0.6308419108390808,car,-24.7437744140625,0.4483642578125
179,7.16,45,120.18807983398438,311.63970947265625,154.35302734375,423.343994140625,0.5243051648139954,person,-3.364887237548828,-2.585479736328125
180,7.2,4,3.7353515625,589.3724365234375,1271.828125,715.1673583984375,0.6947447657585144,car,0.61474609375,0.76824951171875
180,7.2,7,547.1358642578125,325.023681640625,587.1009521484375,400.50634765625,0.5320178270339966,person,2.0496826171875,0.91455078125
180,7.2,23,795.4908447265625,298.23016357421875,891.2249755859375,364.41290283203125,0.8081372976303101,car,1.29071044921875,-0.45538330078125
180,7.2,30,1230.248046875,292.0661315917969,1279.6904296875,486.7548522949219,0.8132278323173523,person,9.4886474609375,-0.222412109375
180,7.2,34,0.2287273406982422,303.69293212890625,31.455652236938477,465.20269775390625,0.5253438949584961,person,-3.0416603088378906,2.04132080078125
180,7.2,39,117.71341705322266,311.38214111328125,169.83969116210938,432.87945556640625,0.5743187069892883,person,-2.379100799560547,1.08489990234375
180,7.2,40,3.6614990234375,548.4281005859375,1215.6910400390625,714.9779052734375,0.6308419108390808,car,-24.7437744140625,0.4483642578125
180,7.2,45,117.45808410644531,311.39324951171875,151.0631561279297,426.01824951171875,0.3967006802558899,person,-3.0099334716796875,1.213897705078125
181,7.24,4,3.186279296875,590.795654296875,1272.7939453125,715.4189453125,0.6804994940757751,car,0.2083740234375,0.83740234375
181,7.24,7,547.1358642578125,325.023681640625,587.1009521484375,400.50634765625,0.5320178270339966,person,2.0496826171875,0.91455078125
181,7.24,23,795.6932373046875,298.21868896484375,892.1766357421875,364.65869140625,0.7931327223777771,car,0.5770263671875,0.117156982421875
181,7.24,30,1230.248046875,292.0661315917969,1279.6904296875,486.7548522949219,0.8132278323173523,person,9.4886474609375,-0.222412109375
181,7.24,34,0.2287273406982422,303.69293212890625,31.455652236938477,465.20269775390625,0.5253438949584961,person,-3.0416603088378906,2.04132080078125
181,7.24,39,118.9248046875,309.55810546875,167.52752685546875,431.391845703125,0.5107370615005493,person,-0.5503883361816406,-1.65582275390625
181,7.24,40,3.6614990234375,548.4281005859375,1215.6910400390625,714.9779052734375,0.6308419108390808,car,-24.7437744140625,0.4483642578125
181,7.24,45,117.45808410644531,311.39324951171875,151.0631561279297,426.01824951171875,0.3967006802558899,person,-3.0099334716796875,1.213897705078125
182,7.28,4,3.22607421875,591.0494384765625,1270.625244140625,715.1585693359375,0.6742633581161499,car,-1.064453125,-0.0032958984375
182,7.28,7,547.1358642578125,325.023681640625,587.1009521484375,400.50634765625,0.5320178270339966,person,2.0496826171875,0.91455078125
182,7.28,23,795.720458984375,298.1750183105469,892.74755859375,364.9903259277344,0.7796486020088196,car,0.299072265625,0.14398193359375
182,7.28,34,0.2287273406982422,303.69293212890625,31.455652236938477,465.20269775390625,0.5253438949584961,person,-3.0416603088378906,2.04132080078125
182,7.28,39,119.82901000976562,309.77093505859375,165.8817138671875,433.1361083984375,0.5139511823654175,person,-0.3708038330078125,0.978546142578125
182,7.28,40,3.6614990234375,548.4281005859375,1215.6910400390625,714.9779052734375,0.6308419108390808,car,-24.7437744140625,0.4483642578125
182,7.28,45,117.45808410644531,311.39324951171875,151.0631561279297,426.01824951171875,0.3967006802558899,person,-3.0099334716796875,1.213897705078125
183,7.32,4,3.5205078125,591.0428466796875,1271.825439453125,715.2125244140625,0.6622597575187683,car,0.747314453125,0.023681640625
183,7.32,7,547.1358642578125,325.023681640625,587.1009521484375,400.50634765625,0.5320178270339966,person,2.0496826171875,0.91455078125
183,7.32,23,796.4861450195312,298.7529296875,894.4609985351562,366.2020263671875,0.7694935202598572,car,1.23956298828125,0.894805908203125
183,7.32,34,0.2287273406982422,303.69293212890625,31.455652236938477,465.20269775390625,0.5253438949584961,person,-3.0416603088378906,2.04132080078125
183,7.32,39,119.82901000976562,309.77093505859375,165.8817138671875,433.1361083984375,0.5139511823654175,person,-0.3708038330078125,0.978546142578125
183,7.32,40,3.6614990234375,548.4281005859375,1215.6910400390625,714.9779052734375,0.6308419108390808,car,-24.7437744140625,0.4483642578125
183,7.32,45,117.45808410644531,311.39324951171875,151.0631561279297,426.01824951171875,0.3967006802558899,person,-3.0099334716796875,1.213897705078125
184,7.36,4,3.0498046875,591.8873901367188,1269.506591796875,715.0944213867188,0.6707748770713806,car,-1.394775390625,0.36322021484375
184,7.36,7,547.1358642578125,325.023681640625,587.1009521484375,400.50634765625,0.5320178270339966,person,2.0496826171875,0.91455078125
184,7.36,23,797.4183349609375,300.1124572753906,893.9478759765625,366.7830505371094,0.7886896729469299,car,0.20953369140625,0.97027587890625
184,7.36,34,0.2287273406982422,303.69293212890625,31.455652236938477,465.20269775390625,0.5253438949584961,person,-3.0416603088378906,2.04132080078125
184,7.36,39,119.82901000976562,309.77093505859375,165.8817138671875,433.1361083984375,0.5139511823654175,person,-0.3708038330078125,0.978546142578125
184,7.36,40,3.6614990234375,548.4281005859375,1215.6910400390625,714.9779052734375,0.6308419108390808,car,-24.7437744140625,0.4483642578125
184,7.36,45,117.45808410644531,311.39324951171875,151.0631561279297,426.01824951171875,0.3967006802558899,person,-3.0099334716796875,1.213897705078125
185,7.4,4,2.8543701171875,591.8778686523438,1270.8497314453125,714.6149291992188,0.6670957803726196,car,0.5738525390625,-0.2445068359375
185,7.4,7,547.1358642578125,325.023681640625,587.1009521484375,400.50634765625,0.5320178270339966,person,2.0496826171875,0.91455078125
185,7.4,23,798.07763671875,300.1423645019531,894.498291015625,367.2781066894531,0.7768447995185852,car,0.6048583984375,0.262481689453125
185,7.4,34,0.2287273406982422,303.69293212890625,31.455652236938477,465.20269775390625,0.5253438949584961,person,-3.0416603088378906,2.04132080078125
185,7.4,39,119.82901000976562,309.77093505859375,165.8817138671875,433.1361083984375,0.5139511823654175,person,-0.3708038330078125,0.978546142578125
185,7.4,40,3.6614990234375,548.4281005859375,1215.6910400390625,714.9779052734375,0.6308419108390808,car,-24.7437744140625,0.4483642578125
185,7.4,45,117.45808410644531,311.39324951171875,151.0631561279297,426.01824951171875,0.3967006802558899,person,-3.0099334716796875,1.213897705078125
186,7.44,4,3.019287109375,592.1453857421875,1270.8721923828125,714.9573974609375,0.6631646752357483,car,0.09368896484375,0.30499267578125
186,7.44,7,547.1358642578125,325.023681640625,587.1009521484375,400.50634765625,0.5320178270339966,person,2.0496826171875,0.91455078125
186,7.44,23,798.6866455078125,300.239013671875,895.1165771484375,367.58154296875,0.774253785610199,car,0.6136474609375,0.200042724609375
186,7.44,34,0.2287273406982422,303.69293212890625,31.455652236938477,465.20269775390625,0.5253438949584961,person,-3.0416603088378906,2.04132080078125
186,7.44,39,119.82901000976562,309.77093505859375,165.8817138671875,433.1361083984375,0.5139511823654175,person,-0.3708038330078125,0.978546142578125
186,7.44,40,3.6614990234375,548.4281005859375,1215.6910400390625,714.9779052734375,0.6308419108390808,car,-24.7437744140625,0.4483642578125
186,7.44,45,117.45808410644531,311.39324951171875,151.0631561279297,426.01824951171875,0.3967006802558899,person,-3.0099334716796875,1.213897705078125
187,7.48,4,2.50732421875,591.54052734375,1272.0633544921875,714.9442138671875,0.6618411540985107,car,0.339599609375,-0.30902099609375
187,7.48,7,547.1358642578125,325.023681640625,587.1009521484375,400.50634765625,0.5320178270339966,person,2.0496826171875,0.91455078125
187,7.48,23,799.0220336914062,301.04241943359375,895.5571899414062,367.32049560546875,0.7705889940261841,car,0.38800048828125,0.27117919921875
187,7.48,34,0.2287273406982422,303.69293212890625,31.455652236938477,465.20269775390625,0.5253438949584961,person,-3.0416603088378906,2.04132080078125
187,7.48,39,119.82901000976562,309.77093505859375,165.8817138671875,433.1361083984375,0.5139511823654175,person,-0.3708038330078125,0.978546142578125
187,7.48,40,3.6614990234375,548.4281005859375,1215.6910400390625,714.9779052734375,0.6308419108390808,car,-24.7437744140625,0.4483642578125
187,7.48,45,117.45808410644531,311.39324951171875,151.0631561279297,426.01824951171875,0.3967006802558899,person,-3.0099334716796875,1.213897705078125
188,7.52,4,3.036376953125,591.5499267578125,1272.59716796875,714.9193115234375,0.676058292388916,car,0.53143310546875,-0.00775146484375
188,7.52,7,547.1358642578125,325.023681640625,587.1009521484375,400.50634765625,0.5320178270339966,person,2.0496826171875,0.91455078125
188,7.52,23,799.1322021484375,300.08221435546875,896.4825439453125,367.32293701171875,0.7928299903869629,car,0.51776123046875,-0.4788818359375
188,7.52,34,0.2287273406982422,303.69293212890625,31.455652236938477,465.20269775390625,0.5253438949584961,person,-3.0416603088378906,2.04132080078125
188,7.52,39,119.82901000976562,309.77093505859375,165.8817138671875,433.1361083984375,0.5139511823654175,person,-0.3708038330078125,0.978546142578125
188,7.52,40,3.6614990234375,548.4281005859375,1215.6910400390625,714.9779052734375,0.6308419108390808,car,-24.7437744140625,0.4483642578125
188,7.52,45,117.45808410644531,311.39324951171875,151.0631561279297,426.01824951171875,0.3967006802558899,person,-3.0099334716796875,1.213897705078125
189,7.56,4,3.109130859375,592.5069580078125,1271.638671875,714.94384765625,0.6805890798568726,car,-0.44287109375,0.49078369140625
189,7.56,23,799.1483154296875,299.6910095214844,897.1961669921875,367.2133483886719,0.8031901121139526,car,0.3648681640625,-0.250396728515625
189,7.56,34,0.2287273406982422,303.69293212890625,31.455652236938477,465.20269775390625,0.5253438949584961,person,-3.0416603088378906,2.04132080078125
189,7.56,39,119.82901000976562,309.77093505859375,165.8817138671875,433.1361083984375,0.5139511823654175,person,-0.3708038330078125,0.978546142578125
189,7.56,40,3.6614990234375,548.4281005859375,1215.6910400390625,714.9779052734375,0.6308419108390808,car,-24.7437744140625,0.4483642578125
189,7.56,45,117.45808410644531,311.39324951171875,151.0631561279297,426.01824951171875,0.3967006802558899,person,-3.0099334716796875,1.213897705078125
190,7.6,4,3.345458984375,592.680908203125,1270.7640380859375,714.947509765625,0.6853907704353333,car,-0.31915283203125,0.08880615234375
190,7.6,23,799.4320068359375,299.7005615234375,897.3863525390625,367.04412841796875,0.8035593628883362,car,0.2369384765625,-0.079833984375
190,7.6,34,0.2287273406982422,303.69293212890625,31.455652236938477,465.20269775390625,0.5253438949584961,person,-3.0416603088378906,2.04132080078125
190,7.6,39,118.51848602294922,306.3629150390625,159.42626953125,436.646484375,0.44973304867744446,person,-0.48537302017211914,0.006397247314453125
190,7.6,40,3.6614990234375,548.4281005859375,1215.6910400390625,714.9779052734375,0.6308419108390808,car,-24.7437744140625,0.4483642578125
190,7.6,45,117.45808410644531,311.39324951171875,151.0631561279297,426.01824951171875,0.3967006802558899,person,-3.0099334716796875,1.213897705078125
191,7.64,4,3.2344970703125,592.5462036132812,1270.25244140625,714.8787231445312,0.6704624891281128,car,-0.311279296875,-0.10174560546875
191,7.64,23,800.00146484375,299.90264892578125,897.748779296875,366.96575927734375,0.8244516849517822,car,0.4659423828125,0.061859130859375
191,7.64,34,0.2287273406982422,303.69293212890625,31.455652236938477,465.20269775390625,0.5253438949584961,person,-3.0416603088378906,2.04132080078125
191,7.64,39,118.42391204833984,310.66046142578125,158.70498657226562,438.58380126953125,0.3104221522808075,person,-0.407928466796875,3.117431640625
191,7.64,40,3.6614990234375,548.4281005859375,1215.6910400390625,714.9779052734375,0.6308419108390808,car,-24.7437744140625,0.4483642578125
191,7.64,45,117.45808410644531,311.39324951171875,151.0631561279297,426.01824951171875,0.3967006802558899,person,-3.0099334716796875,1.213897705078125
192,7.68,4,3.5093994140625,592.4688720703125,1269.2288818359375,715.0262451171875,0.6581270098686218,car,-0.37432861328125,0.03509521484375
192,7.68,23,800.098876953125,300.183349609375,897.994140625,367.3822021484375,0.8025723099708557,car,0.17138671875,0.34857177734375
192,7.68,34,0.2287273406982422,303.69293212890625,31.455652236938477,465.20269775390625,0.5253438949584961,person,-3.0416603088378906,2.04132080078125
192,7.68,39,118.16435241699219,310.5257568359375,159.47483825683594,438.4573974609375,0.5663292407989502,person,0.2551460266113281,-0.13055419921875
192,7.68,40,3.6614990234375,548.4281005859375,1215.6910400390625,714.9779052734375,0.6308419108390808,car,-24.7437744140625,0.4483642578125
192,7.68,45,117.45808410644531,311.39324951171875,151.0631561279297,426.01824951171875,0.3967006802558899,person,-3.0099334716796875,1.213897705078125
193,7.72,4,3.1318359375,592.8369140625,1268.933349609375,714.960693359375,0.6569852232933044,car,-0.3365478515625,0.1512451171875
193,7.72,23,800.1243896484375,300.79583740234375,898.5780029296875,367.62078857421875,0.7941237688064575,car,0.3046875,0.425537109375
193,7.72,34,0.2287273406982422,303.69293212890625,31.455652236938477,465.20269775390625,0.5253438949584961,person,-3.0416603088378906,2.04132080078125
193,7.72,39,118.51730346679688,310.30877685546875,160.23541259765625,437.34588623046875,0.566227376461029,person,0.5567626953125,-0.66424560546875
193,7.72,40,3.6614990234375,548.4281005859375,1215.6910400390625,714.9779052734375,0.6308419108390808,car,-24.7437744140625,0.4483642578125
193,7.72,45,117.45808410644531,311.39324951171875,151.0631561279297,426.01824951171875,0.3967006802558899,person,-3.0099334716796875,1.213897705078125
194,7.76,4,2.94775390625,592.8182373046875,1269.1552734375,714.8797607421875,0.6467716097831726,car,0.0189208984375,-0.0498046875
194,7.76,23,800.2962646484375,300.8319091796875,898.9818115234375,368.019775390625,0.786198079586029,car,0.287841796875,0.217529296875
194,7.76,34,0.2287273406982422,303.69293212890625,31.455652236938477,465.20269775390625,0.5253438949584961,person,-3.0416603088378906,2.04132080078125
194,7.76,39,118.51730346679688,310.30877685546875,160.23541259765625,437.34588623046875,0.566227376461029,person,0.5567626953125,-0.66424560546875
194,7.76,40,3.6614990234375,548.4281005859375,1215.6910400390625,714.9779052734375,0.6308419108390808,car,-24.7437744140625,0.4483642578125
194,7.76,45,117.45808410644531,311.39324951171875,151.0631561279297,426.01824951171875,0.3967006802558899,person,-3.0099334716796875,1.213897705078125
195,7.8,4,3.108154296875,593.2080078125,1269.335693359375,714.839111328125,0.6415660381317139,car,0.17041015625,0.174560546875
195,7.8,23,800.23583984375,301.53216552734375,898.642822265625,368.2548828125,0.7360674142837524,car,-0.19970703125,0.467681884765625
195,7.8,34,0.2287273406982422,303.69293212890625,31.455652236938477,465.20269775390625,0.5253438949584961,person,-3.0416603088378906,2.04132080078125
195,7.8,39,118.51730346679688,310.30877685546875,160.23541259765625,437.34588623046875,0.566227376461029,person,0.5567626953125,-0.66424560546875
195,7.8,40,3.6614990234375,548.4281005859375,1215.6910400390625,714.9779052734375,0.6308419108390808,car,-24.7437744140625,0.4483642578125
195,7.8,45,117.45808410644531,311.39324951171875,151.0631561279297,426.01824951171875,0.3967006802558899,person,-3.0099334716796875,1.213897705078125
196,7.84,4,3.3426513671875,593.0526123046875,1269.4478759765625,714.7991943359375,0.6477579474449158,car,0.17333984375,-0.09765625
196,7.84,23,800.2213745117188,304.57159423828125,899.0153198242188,368.48638916015625,0.7377996444702148,car,0.17901611328125,1.635467529296875
196,7.84,34,0.2287273406982422,303.69293212890625,31.455652236938477,465.20269775390625,0.5253438949584961,person,-3.0416603088378906,2.04132080078125
196,7.84,39,118.51730346679688,310.30877685546875,160.23541259765625,437.34588623046875,0.566227376461029,person,0.5567626953125,-0.66424560546875
196,7.84,40,3.6614990234375,548.4281005859375,1215.6910400390625,714.9779052734375,0.6308419108390808,car,-24.7437744140625,0.4483642578125
196,7.84,45,117.45808410644531,311.39324951171875,151.0631561279297,426.01824951171875,0.3967006802558899,person,-3.0099334716796875,1.213897705078125
197,7.88,4,2.6317138671875,593.0772705078125,1269.5596923828125,714.8795166015625,0.6339849233627319,car,-0.299560546875,0.052490234375
197,7.88,23,800.1964111328125,305.12322998046875,898.7574462890625,368.708251953125,0.7165414094924927,car,-0.14141845703125,0.386749267578125
197,7.88,34,0.2287273406982422,303.69293212890625,31.455652236938477,465.20269775390625,0.5253438949584961,person,-3.0416603088378906,2.04132080078125
197,7.88,39,126.22791290283203,314.8870849609375,163.69049072265625,436.68145751953125,0.3806396424770355,person,1.3957109451293945,0.48923492431640625
197,7.88,40,3.6614990234375,548.4281005859375,1215.6910400390625,714.9779052734375,0.6308419108390808,car,-24.7437744140625,0.4483642578125
197,7.88,45,117.45808410644531,311.39324951171875,151.0631561279297,426.01824951171875,0.3967006802558899,person,-3.0099334716796875,1.213897705078125
198,7.92,4,3.0765380859375,592.76708984375,1269.6488037109375,714.925048828125,0.6354466676712036,car,0.2669677734375,-0.13232421875
198,7.92,23,800.139404296875,305.350341796875,898.8447265625,368.710205078125,0.7209153771400452,car,0.01513671875,0.114532470703125
198,7.92,34,0.10491180419921875,309.6545104980469,32.71997833251953,457.7377014160156,0.3414495289325714,person,0.022810211181640627,-0.030068359375
198,7.92,39,128.3331298828125,314.7530517578125,163.94744873046875,438.3514404296875,0.5340669751167297,person,1.1810874938964844,0.767974853515625
198,7.92,40,3.6614990234375,548.4281005859375,1215.6910400390625,714.9779052734375,0.6308419108390808,car,-24.7437744140625,0.4483642578125
198,7.92,45,117.45808410644531,311.39324951171875,151.0631561279297,426.01824951171875,0.3967006802558899,person,-3.0099334716796875,1.213897705078125
199,7.96,4,3.4090576171875,592.193115234375,1268.421630859375,714.897216796875,0.6234142780303955,car,-0.44732666015625,-0.3009033203125
199,7.96,23,800.2162475585938,302.6436767578125,898.7826538085938,369.43292236328125,0.7441383600234985,car,0.00738525390625,-0.991973876953125
199,7.96,34,0.1251983642578125,303.93798828125,34.099822998046875,458.372314453125,0.31524425745010376,person,0.7000656127929688,-2.54095458984375
199,7.96,39,125.47413635253906,315.65667724609375,163.39430236816406,437.5213623046875,0.5324273109436035,person,-1.7060699462890625,0.036773681640625
199,7.96,40,3.6614990234375,548.4281005859375,1215.6910400390625,714.9779052734375,0.6308419108390808,car,-24.7437744140625,0.4483642578125
199,7.96,45,117.45808410644531,311.39324951171875,151.0631561279297,426.01824951171875,0.3967006802558899,person,-3.0099334716796875,1.213897705078125
200,8.0,4,3.9765625,591.2727661132812,1267.95947265625,714.8014526367188,0.6175326704978943,car,0.05267333984375,-0.508056640625
200,8.0,23,800.4119873046875,302.774658203125,898.1234130859375,370.23529052734375,0.7362964749336243,car,-0.23175048828125,0.4666748046875
200,8.0,34,0.14685821533203125,310.8897705078125,34.38133239746094,458.8284912109375,0.3448694348335266,person,0.15158462524414062,3.7039794921875
200,8.0,39,125.9996337890625,316.0928649902344,163.03286743164062,437.6722106933594,0.5165767073631287,person,0.08203125,0.29351806640625
200,8.0,40,3.6614990234375,548.4281005859375,1215.6910400390625,714.9779052734375,0.6308419108390808,car,-24.7437744140625,0.4483642578125
200,8.0,45,117.45808410644531,311.39324951171875,151.0631561279297,426.01824951171875,0.3967006802558899,person,-3.0099334716796875,1.213897705078125
201,8.04,4,3.6060791015625,592.508056640625,1267.336181640625,714.853759765625,0.6036542057991028,car,-0.49688720703125,0.643798828125
201,8.04,23,800.4498291015625,303.4459228515625,897.4881591796875,371.4522705078125,0.7282463312149048,car,-0.2987060546875,0.944122314453125
201,8.04,34,0.21244430541992188,303.85516357421875,32.584434509277344,459.4322509765625,0.4131050109863281,person,-0.8656558990478516,-3.215423583984375
201,8.04,39,127.69155883789062,315.97900390625,162.9456787109375,438.3187255859375,0.42606183886528015,person,0.8023681640625,0.266326904296875
201,8.04,40,3.6614990234375,548.4281005859375,1215.6910400390625,714.9779052734375,0.6308419108390808,car,-24.7437744140625,0.4483642578125
201,8.04,45,132.6785888671875,316.4500732421875,162.60391235351562,412.4873046875,0.3116881251335144,person,0.6371728806268602,-0.20176478794642858
202,8.08,4,4.09423828125,593.095947265625,1267.962158203125,714.7320556640625,0.6048744916915894,car,0.55706787109375,0.23309326171875
202,8.08,23,800.674072265625,304.3563537597656,896.85302734375,372.9751892089844,0.7407931089401245,car,-0.2054443359375,1.2166748046875
202,8.08,34,0.31014251708984375,301.4637451171875,33.742332458496094,461.1424560546875,0.6324352025985718,person,0.6277980804443359,-0.340606689453125
202,8.08,39,127.16607666015625,315.64739990234375,164.111083984375,437.29931640625,0.4135032296180725,person,0.3199615478515625,-0.675506591796875
202,8.08,40,3.6614990234375,548.4281005859375,1215.6910400390625,714.9779052734375,0.6308419108390808,car,-24.7437744140625,0.4483642578125
202,8.08,45,132.61172485351562,316.10394287109375,163.74844360351562,416.79547119140625,0.316942423582077,person,0.5388336181640625,1.98101806640625
203,8.12,4,3.5364990234375,592.2000732421875,1268.22509765625,714.8270263671875,0.5808729529380798,car,-0.14739990234375,-0.40045166015625
203,8.12,23,800.697265625,305.40301513671875,897.17578125,373.85919189453125,0.7651826739311218,car,0.1729736328125,0.96533203125
203,8.12,34,0.2923316955566406,304.0872802734375,32.90605163574219,459.699462890625,0.6483797430992126,person,-0.4270458221435547,0.59027099609375
203,8.12,39,127.16607666015625,315.64739990234375,164.111083984375,437.29931640625,0.4135032296180725,person,0.3199615478515625,-0.675506591796875
203,8.12,40,3.6614990234375,548.4281005859375,1215.6910400390625,714.9779052734375,0.6308419108390808,car,-24.7437744140625,0.4483642578125
203,8.12,45,133.3743896484375,314.2552490234375,167.138916015625,424.4913330078125,0.4740965664386749,person,2.076568603515625,2.923583984375
204,8.16,4,4.10546875,591.6090087890625,1268.21240234375,714.8436279296875,0.5965818762779236,car,0.27813720703125,-0.2872314453125
204,8.16,23,800.5859375,307.06988525390625,897.30712890625,374.00653076171875,0.7533101439476013,car,0.010009765625,0.9071044921875
204,8.16,34,0.267669677734375,304.67333984375,36.889854431152344,460.1497802734375,0.6241569519042969,person,1.9795703887939453,0.5181884765625
204,8.16,39,127.16607666015625,315.64739990234375,164.111083984375,437.29931640625,0.4135032296180725,person,0.3199615478515625,-0.675506591796875
204,8.16,40,3.6614990234375,548.4281005859375,1215.6910400390625,714.9779052734375,0.6308419108390808,car,-24.7437744140625,0.4483642578125
204,8.16,45,135.0701904296875,314.57470703125,168.72076416015625,418.5361328125,0.5496726036071777,person,1.638824462890625,-2.81787109375
205,8.2,4,4.2205810546875,591.8135986328125,1267.607421875,715.0328369140625,0.5985090732574463,car,-0.24493408203125,0.1968994140625
205,8.2,23,801.0069580078125,308.6729736328125,897.2220458984375,374.22467041015625,0.7280585765838623,car,0.16796875,0.910614013671875
205,8.2,34,0.21514129638671875,303.52001953125,37.3885498046875,461.8853759765625,0.7076472640037537,person,0.22308349609375,0.2911376953125
205,8.2,39,127.16607666015625,315.64739990234375,164.111083984375,437.29931640625,0.4135032296180725,person,0.3199615478515625,-0.675506591796875
205,8.2,40,3.6614990234375,548.4281005859375,1215.6910400390625,714.9779052734375,0.6308419108390808,car,-24.7437744140625,0.4483642578125
205,8.2,45,138.94525146484375,315.47698974609375,169.46578979492188,414.8851318359375,0.591808021068573,person,2.3100433349609375,-1.374359130859375
206,8.24,4,4.416259765625,591.3544921875,1266.89697265625,715.15185546875,0.6205331683158875,car,-0.25738525390625,-0.1700439453125
206,8.24,23,800.630615234375,306.6888122558594,897.260009765625,373.8089904785156,0.731286883354187,car,-0.169189453125,-1.199920654296875
206,8.24,34,0.18003082275390625,303.5184020996094,38.43922805786133,461.3326110839844,0.6946393251419067,person,0.5077838897705078,-0.277191162109375
206,8.24,39,133.22987365722656,316.1960144042969,170.2757110595703,442.0381774902344,0.351098895072937,person,1.5285530090332031,0.6609344482421875
206,8.24,40,3.6614990234375,548.4281005859375,1215.6910400390625,714.9779052734375,0.6308419108390808,car,-24.7437744140625,0.4483642578125
206,8.24,45,138.8450927734375,316.0998840332031,170.50994873046875,416.5555725097656,0.6521007418632507,person,0.4720001220703125,1.14666748046875
207,8.28,4,4.0986328125,592.4703979492188,1267.4775390625,715.1110229492188,0.6159987449645996,car,0.1314697265625,0.53753662109375
207,8.28,23,800.8116455078125,305.5752868652344,897.0882568359375,373.6143493652344,0.7090640664100647,car,0.004638671875,-0.654083251953125
207,8.28,34,0.16225051879882812,305.02777099609375,37.8459587097168,459.62286376953125,0.6847819089889526,person,-0.3055248260498047,-0.100189208984375
207,8.28,39,133.22987365722656,316.1960144042969,170.2757110595703,442.0381774902344,0.351098895072937,person,1.5285530090332031,0.6609344482421875
207,8.28,40,3.6614990234375,548.4281005859375,1215.6910400390625,714.9779052734375,0.6308419108390808,car,-24.7437744140625,0.4483642578125
207,8.28,45,137.17019653320312,316.7979736328125,171.64480590820312,418.20220947265625,0.6699793338775635,person,-0.27001953125,1.17236328125
208,8.32,4,4.4423828125,592.2694702148438,1266.824951171875,715.0830688476562,0.6149719953536987,car,-0.1544189453125,-0.11444091796875
208,8.32,23,800.9866333007812,304.5747985839844,897.0049438476562,373.1360778808594,0.6882903575897217,car,0.04583740234375,-0.7393798828125
208,8.32,34,1.0177650451660156,303.2349853515625,40.63264465332031,459.0364990234375,0.6925559043884277,person,1.8211002349853516,-1.1895751953125
208,8.32,39,133.22987365722656,316.1960144042969,170.2757110595703,442.0381774902344,0.351098895072937,person,1.5285530090332031,0.6609344482421875
208,8.32,40,3.6614990234375,548.4281005859375,1215.6910400390625,714.9779052734375,0.6308419108390808,car,-24.7437744140625,0.4483642578125
208,8.32,45,138.57049560546875,316.33172607421875,173.16748046875,417.03399658203125,0.6744043231010437,person,1.46148681640625,-0.817230224609375
209,8.36,4,4.722900390625,591.5213623046875,1267.0203857421875,715.1776123046875,0.623863935470581,car,0.23797607421875,-0.3267822265625
209,8.36,23,800.4237060546875,303.83563232421875,896.7593994140625,372.34246826171875,0.7077106833457947,car,-0.40423583984375,-0.766387939453125
209,8.36,34,1.3485221862792969,303.165771484375,46.49717330932617,459.15789794921875,0.6627049446105957,person,3.0976428985595703,0.026092529296875
209,8.36,39,133.22987365722656,316.1960144042969,170.2757110595703,442.0381774902344,0.351098895072937,person,1.5285530090332031,0.6609344482421875
209,8.36,40,3.6614990234375,548.4281005859375,1215.6910400390625,714.9779052734375,0.6308419108390808,car,-24.7437744140625,0.4483642578125
209,8.36,45,137.78106689453125,316.03179931640625,173.0850830078125,416.96270751953125,0.685533881187439,person,-0.4359130859375,-0.18560791015625
210,8.4,4,4.829345703125,590.7628173828125,1268.274169921875,714.9295654296875,0.633197009563446,car,0.68011474609375,-0.5032958984375
210,8.4,23,800.063232421875,302.96649169921875,896.802734375,371.28021240234375,0.7314964532852173,car,-0.1585693359375,-0.9656982421875
210,8.4,34,4.2827911376953125,304.47259521484375,47.84868240356445,456.89215087890625,0.6844532489776611,person,2.1428890228271484,-0.479461669921875
210,8.4,39,133.22987365722656,316.1960144042969,170.2757110595703,442.0381774902344,0.351098895072937,person,1.5285530090332031,0.6609344482421875
210,8.4,40,3.6614990234375,548.4281005859375,1215.6910400390625,714.9779052734375,0.6308419108390808,car,-24.7437744140625,0.4483642578125
210,8.4,45,138.970947265625,316.14495849609375,171.99578857421875,414.02703857421875,0.6742035746574402,person,0.05029296875,-1.4112548828125
211,8.44,4,4.64794921875,591.9371337890625,1267.446533203125,714.7611083984375,0.6198641657829285,car,-0.5045166015625,0.5029296875
211,8.44,23,799.5762329101562,302.9237365722656,896.9572143554688,370.5140075683594,0.7483581900596619,car,-0.166259765625,-0.40447998046875
211,8.44,34,6.007694244384766,303.30010986328125,49.856117248535156,454.50030517578125,0.7272061705589294,person,1.8661689758300781,-1.78216552734375
211,8.44,39,133.22987365722656,316.1960144042969,170.2757110595703,442.0381774902344,0.351098895072937,person,1.5285530090332031,0.6609344482421875
211,8.44,40,3.6614990234375,548.4281005859375,1215.6910400390625,714.9779052734375,0.6308419108390808,car,-24.7437744140625,0.4483642578125
211,8.44,45,138.89678955078125,315.58673095703125,172.35430908203125,413.20062255859375,0.6252413392066956,person,0.142181396484375,-0.69232177734375
212,8.48,4,4.48046875,592.1497802734375,1267.65771484375,714.7611083984375,0.6185100078582764,car,0.0218505859375,0.1063232421875
212,8.48,23,799.265869140625,302.713134765625,897.2021484375,370.27313232421875,0.7443361878395081,car,-0.03271484375,-0.225738525390625
212,8.48,34,7.699474334716797,304.0999755859375,50.867820739746094,453.468017578125,0.7061538100242615,person,1.3517417907714844,-0.1162109375
212,8.48,39,133.22987365722656,316.1960144042969,170.2757110595703,442.0381774902344,0.351098895072937,person,1.5285530090332031,0.6609344482421875
212,8.48,40,3.6614990234375,548.4281005859375,1215.6910400390625,714.9779052734375,0.6308419108390808,car,-24.7437744140625,0.4483642578125
212,8.48,45,139.77377319335938,315.22918701171875,176.39035034179688,413.44586181640625,0.6376762390136719,person,2.456512451171875,-0.05615234375
213,8.52,4,4.665283203125,592.0889892578125,1267.951904296875,715.0020751953125,0.6337364315986633,car,0.239501953125,0.090087890625
213,8.52,23,799.2862548828125,302.6241455078125,896.9632568359375,370.2020263671875,0.7534074187278748,car,-0.1092529296875,-0.080047607421875
213,8.52,34,9.828208923339844,304.50323486328125,52.826637268066406,452.75140380859375,0.7485587000846863,person,2.0437755584716797,-0.15667724609375
213,8.52,39,133.22987365722656,316.1960144042969,170.2757110595703,442.0381774902344,0.351098895072937,person,1.5285530090332031,0.6609344482421875
213,8.52,40,3.6614990234375,548.4281005859375,1215.6910400390625,714.9779052734375,0.6308419108390808,car,-24.7437744140625,0.4483642578125
213,8.52,45,141.42428588867188,315.5819091796875,177.99893188476562,413.2418212890625,0.6517712473869324,person,1.629547119140625,0.0743408203125
214,8.56,4,4.41748046875,592.3833618164062,1268.174560546875,714.9835815429688,0.6256782412528992,car,-0.0125732421875,0.137939453125
214,8.56,23,799.1817626953125,302.41595458984375,897.1876220703125,370.29010009765625,0.7350925207138062,car,0.0599365234375,-0.06005859375
214,8.56,34,12.349878311157227,304.33935546875,56.608795166015625,452.195068359375,0.7449721693992615,person,3.151913642883301,-0.360107421875
214,8.56,39,133.22987365722656,316.1960144042969,170.2757110595703,442.0381774902344,0.351098895072937,person,1.5285530090332031,0.6609344482421875
214,8.56,40,3.6614990234375,548.4281005859375,1215.6910400390625,714.9779052734375,0.6308419108390808,car,-24.7437744140625,0.4483642578125
214,8.56,45,141.21719360351562,314.31365966796875,179.81326293945312,412.723876953125,0.7076581716537476,person,0.803619384765625,-0.893096923828125
215,8.6,4,4.216796875,592.387939453125,1267.7418212890625,714.871826171875,0.6306007504463196,car,-0.31671142578125,-0.0535888671875
215,8.6,23,799.4290771484375,302.450927734375,896.9600830078125,370.661865234375,0.7520451545715332,car,0.0098876953125,0.203369140625
215,8.6,34,16.635046005249023,302.63031005859375,56.107261657714844,448.17022705078125,0.6887155175209045,person,1.8918170928955078,-2.866943359375
215,8.6,39,133.22987365722656,316.1960144042969,170.2757110595703,442.0381774902344,0.351098895072937,person,1.5285530090332031,0.6609344482421875
215,8.6,40,3.6614990234375,548.4281005859375,1215.6910400390625,714.9779052734375,0.6308419108390808,car,-24.7437744140625,0.4483642578125
215,8.6,45,142.4010009765625,313.62359619140625,182.68515014648438,412.42071533203125,0.7308335304260254,person,2.0278472900390625,-0.496612548828125
216,8.64,4,4.822021484375,592.1196899414062,1268.1064453125,714.8546752929688,0.6331424713134766,car,0.48492431640625,-0.1427001953125
216,8.64,23,799.7462768554688,302.5416259765625,896.7288208007812,370.95904541015625,0.7575961947441101,car,0.04296875,0.193939208984375
216,8.64,34,18.352020263671875,302.5841064453125,59.47503662109375,449.88604736328125,0.7511963248252869,person,2.542374610900879,0.834808349609375
216,8.64,39,133.22987365722656,316.1960144042969,170.2757110595703,442.0381774902344,0.351098895072937,person,1.5285530090332031,0.6609344482421875
216,8.64,40,3.6614990234375,548.4281005859375,1215.6910400390625,714.9779052734375,0.6308419108390808,car,-24.7437744140625,0.4483642578125
216,8.64,45,143.45681762695312,313.626708984375,183.00369262695312,412.913818359375,0.7351899743080139,person,0.6871795654296875,0.24810791015625
217,8.68,4,4.74560546875,592.720947265625,1268.6650390625,714.81640625,0.6347697377204895,car,0.2410888671875,0.281494140625
217,8.68,23,800.0445556640625,302.6131896972656,896.8514404296875,371.2870788574219,0.7218626141548157,car,0.21044921875,0.199798583984375
217,8.68,34,19.418685913085938,301.1973876953125,60.58666229248047,448.79827880859375,0.7456725835800171,person,1.0891456604003906,-1.23724365234375
217,8.68,39,133.22987365722656,316.1960144042969,170.2757110595703,442.0381774902344,0.351098895072937,person,1.5285530090332031,0.6609344482421875
217,8.68,40,3.6614990234375,548.4281005859375,1215.6910400390625,714.9779052734375,0.6308419108390808,car,-24.7437744140625,0.4483642578125
217,8.68,45,143.55209350585938,314.08917236328125,182.53048706054688,414.42755126953125,0.7590206861495972,person,-0.18896484375,0.98809814453125
218,8.72,4,4.2784423828125,592.3515014648438,1267.8426513671875,714.7747192382812,0.6395478844642639,car,-0.644775390625,-0.20556640625
218,8.72,23,800.355712890625,302.99664306640625,897.294921875,371.63116455078125,0.6910495758056641,car,0.3773193359375,0.36376953125
218,8.72,34,21.924171447753906,298.5262451171875,64.2666244506836,448.91845703125,0.7377536296844482,person,3.092723846435547,-1.275482177734375
218,8.72,39,133.22987365722656,316.1960144042969,170.2757110595703,442.0381774902344,0.351098895072937,person,1.5285530090332031,0.6609344482421875
218,8.72,40,3.6614990234375,548.4281005859375,1215.6910400390625,714.9779052734375,0.6308419108390808,car,-24.7437744140625,0.4483642578125
218,8.72,45,145.17935180664062,315.23583984375,182.93466186523438,416.523193359375,0.7497317790985107,person,1.015716552734375,1.62115478515625
219,8.76,4,4.5458984375,592.814697265625,1267.91357421875,714.7100830078125,0.6439033150672913,car,0.169189453125,0.19927978515625
219,8.76,23,800.6896362304688,303.4620361328125,897.4397583007812,371.9906005859375,0.7036377787590027,car,0.2393798828125,0.41241455078125
219,8.76,34,23.808258056640625,301.0765380859375,69.98833465576172,449.642578125,0.6796170473098755,person,3.802898406982422,1.63720703125
219,8.76,39,133.22987365722656,316.1960144042969,170.2757110595703,442.0381774902344,0.351098895072937,person,1.5285530090332031,0.6609344482421875
219,8.76,40,3.6614990234375,548.4281005859375,1215.6910400390625,714.9779052734375,0.6308419108390808,car,-24.7437744140625,0.4483642578125
219,8.76,45,147.03311157226562,316.9145812988281,183.89837646484375,413.9684753417969,0.6914488673210144,person,1.4087371826171875,-0.43798828125
219,8.76,46,531.7158203125,377.9169616699219,611.557861328125,462.3176574707031,0.35005468130111694,person,0.0,0.0
220,8.8,4,4.8902587890625,592.4812622070312,1267.8487548828125,714.5447387695312,0.641710102558136,car,0.1397705078125,-0.2493896484375
220,8.8,23,800.350830078125,303.848876953125,897.236083984375,372.52734375,0.7386318445205688,car,-0.271240234375,0.4617919921875
220,8.8,34,25.137489318847656,301.01141357421875,72.49334716796875,450.33087158203125,0.7338705062866211,person,1.9171218872070312,0.31158447265625
220,8.8,39,133.22987365722656,316.1960144042969,170.2757110595703,442.0381774902344,0.351098895072937,person,1.5285530090332031,0.6609344482421875
220,8.8,40,3.6614990234375,548.4281005859375,1215.6910400390625,714.9779052734375,0.6308419108390808,car,-24.7437744140625,0.4483642578125
220,8.8,45,147.88076782226562,318.65167236328125,183.42318725585938,414.22125244140625,0.5993650555610657,person,0.1862335205078125,0.99493408203125
220,8.8,46,527.3175048828125,377.03265380859375,610.912841796875,462.64508056640625,0.5045918226242065,person,-2.52166748046875,-0.2784423828125
221,8.84,4,4.853759765625,592.9368896484375,1267.936767578125,714.4644775390625,0.6293809413909912,car,0.0257568359375,0.18768310546875
221,8.84,23,800.540283203125,303.9327087402344,897.3507080078125,372.7089538574219,0.7632606029510498,car,0.15203857421875,0.132720947265625
221,8.84,34,27.81133270263672,302.35009765625,77.1904296875,451.2408447265625,0.7086040377616882,person,3.6854629516601562,1.12432861328125
221,8.84,39,133.22987365722656,316.1960144042969,170.2757110595703,442.0381774902344,0.351098895072937,person,1.5285530090332031,0.6609344482421875
221,8.84,40,3.6614990234375,548.4281005859375,1215.6910400390625,714.9779052734375,0.6308419108390808,car,-24.7437744140625,0.4483642578125
221,8.84,45,149.162109375,321.4256896972656,183.97357177734375,413.1250305175781,0.5587022304534912,person,0.915863037109375,0.838897705078125
221,8.84,46,525.3181762695312,373.6756591796875,609.4553833007812,463.2308349609375,0.5925642251968384,person,-1.7283935546875,-1.3856201171875
222,8.88,4,4.950927734375,593.062744140625,1268.0343017578125,714.562744140625,0.6219916939735413,car,0.09735107421875,0.112060546875
222,8.88,23,800.53857421875,303.88641357421875,897.47021484375,372.73492431640625,0.7559108734130859,car,0.05889892578125,-0.010162353515625
222,8.88,34,28.81672477722168,301.7115478515625,78.66452026367188,450.65679931640625,0.7477456331253052,person,1.239741325378418,-0.611297607421875
222,8.88,39,133.22987365722656,316.1960144042969,170.2757110595703,442.0381774902344,0.351098895072937,person,1.5285530090332031,0.6609344482421875
222,8.88,45,150.15975952148438,324.3463439941406,182.96585083007812,412.4836120605469,0.5302436947822571,person,-0.005035400390625,1.139617919921875
222,8.88,46,528.752197265625,371.7816162109375,607.995361328125,462.39306640625,0.4314066767692566,person,0.98699951171875,-1.36590576171875
223,8.92,4,5.15966796875,592.7937622070312,1267.5833740234375,714.5784301757812,0.6243438720703125,car,-0.12109375,-0.12664794921875
223,8.92,23,800.4088134765625,303.7874755859375,897.5816650390625,372.67425537109375,0.7602054476737976,car,-0.0091552734375,-0.079803466796875
223,8.92,34,30.0975341796875,301.8283386230469,81.12860107421875,450.3763122558594,0.7410227060317993,person,1.8724451065063477,-0.08184814453125
223,8.92,39,133.22987365722656,316.1960144042969,170.2757110595703,442.0381774902344,0.351098895072937,person,1.5285530090332031,0.6609344482421875
223,8.92,45,149.72467041015625,324.7799987792969,183.5531005859375,412.3404235839844,0.5527410507202148,person,0.076080322265625,0.145233154296875
223,8.92,46,528.77880859375,369.256103515625,604.88818359375,461.9658203125,0.3914492428302765,person,-1.540283203125,-1.47637939453125
224,8.96,4,4.91943359375,593.439208984375,1267.76220703125,714.570068359375,0.6190685629844666,car,-0.03070068359375,0.31854248046875
224,8.96,23,800.49951171875,303.8368225097656,897.6630859375,372.4777526855469,0.7562336325645447,car,0.0860595703125,-0.073577880859375
224,8.96,34,32.82807922363281,302.9892578125,85.76222229003906,449.1971435546875,0.7404010891914368,person,3.6820831298828125,-0.009124755859375
224,8.96,39,133.22987365722656,316.1960144042969,170.2757110595703,442.0381774902344,0.351098895072937,person,1.5285530090332031,0.6609344482421875
224,8.96,45,149.8540802001953,324.19256591796875,183.94581604003906,410.85272216796875,0.5370355248451233,person,0.2610626220703125,-1.037567138671875
224,8.96,46,528.77880859375,369.256103515625,604.88818359375,461.9658203125,0.3914492428302765,person,-1.540283203125,-1.47637939453125
225,9.0,4,5.09423828125,593.6238403320312,1268.31103515625,714.6337280273438,0.6272647380828857,car,0.36181640625,0.1241455078125
225,9.0,23,800.353271484375,303.6588134765625,897.5947265625,372.24566650390625,0.7065967917442322,car,-0.1072998046875,-0.205047607421875
225,9.0,34,35.54048156738281,300.11932373046875,83.8946533203125,446.41314697265625,0.6899116635322571,person,0.42241668701171875,-2.82696533203125
225,9.0,39,133.22987365722656,316.1960144042969,170.2757110595703,442.0381774902344,0.351098895072937,person,1.5285530090332031,0.6609344482421875
225,9.0,45,149.8540802001953,324.19256591796875,183.94581604003906,410.85272216796875,0.5370355248451233,person,0.2610626220703125,-1.037567138671875
225,9.0,46,525.3976440429688,362.91986083984375,599.8027954101562,461.85101318359375,0.40685606002807617,person,-2.11663818359375,-1.612762451171875
226,9.04,4,4.890869140625,593.4970703125,1267.799560546875,714.5487060546875,0.6082971096038818,car,-0.357421875,-0.10589599609375
226,9.04,23,800.675537109375,303.4117431640625,898.033447265625,371.62109375,0.7054702639579773,car,0.3804931640625,-0.435821533203125
226,9.04,34,38.89392852783203,300.1741638183594,88.21581268310547,445.7234802246094,0.6505826711654663,person,3.8373031616210938,-0.317413330078125
226,9.04,39,133.22987365722656,316.1960144042969,170.2757110595703,442.0381774902344,0.351098895072937,person,1.5285530090332031,0.6609344482421875
226,9.04,45,149.8540802001953,324.19256591796875,183.94581604003906,410.85272216796875,0.5370355248451233,person,0.2610626220703125,-1.037567138671875
226,9.04,46,524.310546875,360.511474609375,599.40576171875,461.442138671875,0.43136852979660034,person,-0.7420654296875,-1.40863037109375
227,9.08,4,5.212158203125,593.7340087890625,1268.2965087890625,714.7218017578125,0.6222882866859436,car,0.40911865234375,0.20501708984375
227,9.08,23,800.5828247070312,303.20147705078125,897.8817749023438,371.44586181640625,0.7060708999633789,car,-0.1221923828125,-0.1927490234375
227,9.08,34,39.98526382446289,300.7987060546875,89.84915161132812,445.4803466796875,0.7114925384521484,person,1.3623371124267578,0.190704345703125
227,9.08,39,133.22987365722656,316.1960144042969,170.2757110595703,442.0381774902344,0.351098895072937,person,1.5285530090332031,0.6609344482421875
227,9.08,45,156.29925537109375,320.6240234375,187.48663330078125,412.36456298828125,0.41674646735191345,person,1.6643320719401042,-0.3427836100260417
227,9.08,46,523.5716552734375,358.73553466796875,598.0411376953125,461.17034912109375,0.4509347677230835,person,-1.0517578125,-1.02386474609375
228,9.12,4,4.7418212890625,593.5938720703125,1268.44287109375,714.7698974609375,0.6209660172462463,car,-0.1619873046875,-0.0460205078125
228,9.12,23,800.7550659179688,302.93756103515625,897.7127075195312,371.44744873046875,0.7452688813209534,car,0.0015869140625,-0.13116455078125
228,9.12,34,41.50168991088867,300.52862548828125,87.86927795410156,445.85382080078125,0.687666118144989,person,-0.23172378540039062,0.05169677734375
228,9.12,39,133.22987365722656,316.1960144042969,170.2757110595703,442.0381774902344,0.351098895072937,person,1.5285530090332031,0.6609344482421875
228,9.12,45,157.03457641601562,320.0191650390625,189.56845092773438,412.85467529296875,0.526076078414917,person,1.4085693359375,-0.057373046875
228,9.12,46,523.5716552734375,358.73553466796875,598.0411376953125,461.17034912109375,0.4509347677230835,person,-1.0517578125,-1.02386474609375
229,9.16,4,5.0989990234375,593.59716796875,1268.2547607421875,714.4169921875,0.605883777141571,car,0.08453369140625,-0.1748046875
229,9.16,23,800.5721435546875,302.84893798828125,897.9178466796875,371.10052490234375,0.7047901153564453,car,0.0111083984375,-0.2177734375
229,9.16,34,42.644775390625,303.66351318359375,83.35482025146484,444.61395263671875,0.6888464689254761,person,-1.6856861114501953,0.947509765625
229,9.16,39,133.22987365722656,316.1960144042969,170.2757110595703,442.0381774902344,0.351098895072937,person,1.5285530090332031,0.6609344482421875
229,9.16,45,159.05133056640625,321.62384033203125,190.56707763671875,410.19091796875,0.4191271960735321,person,1.5076904296875,-0.529541015625
229,9.16,46,524.0965576171875,351.85858154296875,594.4010009765625,461.49761962890625,0.37601375579833984,person,-0.77880859375,-1.637420654296875
230,9.2,4,4.843017578125,593.4779052734375,1268.5032958984375,714.3790283203125,0.574793815612793,car,-0.00372314453125,-0.07861328125
230,9.2,23,800.673583984375,302.8436279296875,897.98095703125,371.1451416015625,0.6980353593826294,car,0.082275390625,0.0196533203125
230,9.2,34,44.691070556640625,304.25152587890625,88.60868835449219,442.23321533203125,0.6193720698356628,person,3.6500816345214844,-0.8963623046875
230,9.2,39,133.22987365722656,316.1960144042969,170.2757110595703,442.0381774902344,0.351098895072937,person,1.5285530090332031,0.6609344482421875
230,9.2,45,159.76547241210938,319.0999450683594,194.51651000976562,409.6611633300781,0.43236950039863586,person,2.331787109375,-1.526824951171875
230,9.2,46,523.5054931640625,344.6417236328125,593.0140380859375,461.25787353515625,0.366285502910614,person,-0.989013671875,-3.728302001953125
230,9.2,47,475.0071105957031,341.87432861328125,594.837890625,461.67669677734375,0.5259877443313599,person,0.0,0.0
231,9.24,4,4.394287109375,593.7998046875,1268.05126953125,714.135009765625,0.577412486076355,car,-0.45037841796875,0.0389404296875
231,9.24,23,800.7320556640625,302.81622314453125,898.04052734375,371.26708984375,0.7186355590820312,car,0.05902099609375,0.047271728515625
231,9.24,34,46.12861251831055,301.96466064453125,89.92008972167969,442.540771484375,0.6369004845619202,person,1.374471664428711,-0.989654541015625
231,9.24,39,133.22987365722656,316.1960144042969,170.2757110595703,442.0381774902344,0.351098895072937,person,1.5285530090332031,0.6609344482421875
231,9.24,45,161.35055541992188,319.65155029296875,195.4317626953125,410.18023681640625,0.5245206356048584,person,1.2501678466796875,0.53533935546875
231,9.24,46,522.3590087890625,342.54705810546875,592.4932861328125,460.48626708984375,0.4956226646900177,person,-0.8336181640625,-1.433135986328125
231,9.24,47,477.854248046875,341.88055419921875,593.70849609375,461.02325439453125,0.3137509822845459,person,0.8588714599609375,-0.3236083984375
232,9.28,4,4.068603515625,593.5401611328125,1268.262451171875,714.1356201171875,0.5707659721374512,car,-0.0572509765625,-0.1295166015625
232,9.28,23,800.7809448242188,302.9031066894531,897.8972778320312,371.3069763183594,0.7357038259506226,car,-0.04718017578125,0.063385009765625
232,9.28,34,47.160064697265625,302.5870056152344,94.10337829589844,443.0185852050781,0.7386938333511353,person,2.607370376586914,0.550079345703125
232,9.28,39,133.22987365722656,316.1960144042969,170.2757110595703,442.0381774902344,0.351098895072937,person,1.5285530090332031,0.6609344482421875
232,9.28,45,162.2762451171875,319.2813415527344,197.36532592773438,408.1264343261719,0.38854625821113586,person,1.42962646484375,-1.212005615234375
232,9.28,46,527.5509033203125,340.93377685546875,592.1363525390625,458.50439453125,0.6250250935554504,person,2.41748046875,-1.797576904296875
233,9.32,4,4.28564453125,593.5986328125,1268.236572265625,714.2706298828125,0.5946455001831055,car,0.0955810546875,0.09674072265625
233,9.32,23,800.6815185546875,303.0142822265625,897.9815673828125,371.3714599609375,0.7426088452339172,car,-0.007568359375,0.08782958984375
233,9.32,34,49.289031982421875,303.47125244140625,94.22860717773438,442.05169677734375,0.7790254354476929,person,1.1270980834960938,-0.04132080078125
233,9.32,39,133.22987365722656,316.1960144042969,170.2757110595703,442.0381774902344,0.351098895072937,person,1.5285530090332031,0.6609344482421875
233,9.32,45,162.2762451171875,319.2813415527344,197.36532592773438,408.1264343261719,0.38854625821113586,person,1.42962646484375,-1.212005615234375
233,9.32,46,528.8499755859375,340.9144287109375,591.9146728515625,459.5892333984375,0.7085614204406738,person,0.5386962890625,0.532745361328125
234,9.36,4,4.5030517578125,593.5645141601562,1268.3431396484375,714.5265502929688,0.6040011644363403,car,0.1619873046875,0.11090087890625
234,9.36,23,800.51220703125,303.38153076171875,898.29541015625,371.31304931640625,0.7474552392959595,car,0.072265625,0.1544189453125
234,9.36,34,51.63187789916992,302.4959716796875,95.61970520019531,441.01513671875,0.7363234758377075,person,1.8669719696044922,-1.00592041015625
234,9.36,39,133.22987365722656,316.1960144042969,170.2757110595703,442.0381774902344,0.351098895072937,person,1.5285530090332031,0.6609344482421875
234,9.36,45,162.2762451171875,319.2813415527344,197.36532592773438,408.1264343261719,0.38854625821113586,person,1.42962646484375,-1.212005615234375
234,9.36,46,527.7613525390625,341.16864013671875,592.9022216796875,459.55462646484375,0.6977835297584534,person,-0.050537109375,0.10980224609375
235,9.4,4,4.18505859375,593.6417236328125,1268.294921875,714.4039306640625,0.5886877775192261,car,-0.18310546875,-0.022705078125
235,9.4,23,800.488037109375,303.43438720703125,898.1846923828125,371.2615966796875,0.7426373958587646,car,-0.06744384765625,0.000701904296875
235,9.4,34,53.826568603515625,305.2506103515625,97.18829345703125,438.2421875,0.6944987177848816,person,1.8816394805908203,-0.0091552734375
235,9.4,39,133.22987365722656,316.1960144042969,170.2757110595703,442.0381774902344,0.351098895072937,person,1.5285530090332031,0.6609344482421875
235,9.4,45,162.2762451171875,319.2813415527344,197.36532592773438,408.1264343261719,0.38854625821113586,person,1.42962646484375,-1.212005615234375
235,9.4,46,526.7718505859375,340.84423828125,594.2340087890625,456.6766357421875,0.6824276447296143,person,0.171142578125,-1.6011962890625
236,9.44,4,4.7093505859375,593.1099853515625,1268.3447265625,714.3936767578125,0.6076632142066956,car,0.28704833984375,-0.27099609375
236,9.44,23,800.49072265625,303.3629150390625,898.243896484375,371.2974853515625,0.7593077421188354,car,0.03094482421875,-0.017791748046875
236,9.44,34,55.14137268066406,306.12664794921875,98.52912902832031,438.089111328125,0.6593788862228394,person,1.32781982421875,0.361480712890625
236,9.44,39,133.22987365722656,316.1960144042969,170.2757110595703,442.0381774902344,0.351098895072937,person,1.5285530090332031,0.6609344482421875
236,9.44,45,162.2762451171875,319.2813415527344,197.36532592773438,408.1264343261719,0.38854625821113586,person,1.42962646484375,-1.212005615234375
236,9.44,46,526.3312377929688,340.1878662109375,596.8844604492188,456.16064453125,0.6398985385894775,person,1.10491943359375,-0.586181640625
237,9.48,4,4.5367431640625,593.2861328125,1267.4208984375,714.2196044921875,0.5773252248764038,car,-0.5482177734375,0.00103759765625
237,9.48,23,800.174072265625,304.2086181640625,897.17578125,371.88275146484375,0.7438428997993469,car,-0.6923828125,0.715484619140625
237,9.48,34,56.08686447143555,304.46649169921875,103.66194152832031,438.98773193359375,0.5286970734596252,person,3.039152145385742,-0.380767822265625
237,9.48,39,133.22987365722656,316.1960144042969,170.2757110595703,442.0381774902344,0.351098895072937,person,1.5285530090332031,0.6609344482421875
237,9.48,45,162.2762451171875,319.2813415527344,197.36532592773438,408.1264343261719,0.38854625821113586,person,1.42962646484375,-1.212005615234375
237,9.48,46,525.21484375,339.56207275390625,599.1622314453125,458.82037353515625,0.6569095849990845,person,0.5806884765625,1.0169677734375
238,9.52,4,4.4991455078125,593.3540649414062,1267.1044921875,714.2789916992188,0.5924734473228455,car,-0.177001953125,0.06365966796875
238,9.52,23,800.1209716796875,304.276123046875,897.2403564453125,371.91412353515625,0.72608482837677,car,0.0057373046875,0.0494384765625
238,9.52,34,58.62400436401367,307.3483581542969,101.74555969238281,441.4357604980469,0.5593321919441223,person,0.3103790283203125,2.664947509765625
238,9.52,39,133.22987365722656,316.1960144042969,170.2757110595703,442.0381774902344,0.351098895072937,person,1.5285530090332031,0.6609344482421875
238,9.52,45,162.2762451171875,319.2813415527344,197.36532592773438,408.1264343261719,0.38854625821113586,person,1.42962646484375,-1.212005615234375
238,9.52,46,526.1356201171875,340.01275634765625,600.2564697265625,459.87652587890625,0.7531437277793884,person,1.00750732421875,0.75341796875
239,9.56,4,4.4058837890625,593.611572265625,1267.2596435546875,714.295166015625,0.5893413424491882,car,0.03094482421875,0.1368408203125
239,9.56,23,800.0126953125,304.1523742675781,897.2548828125,371.8791198730469,0.724145233631134,car,-0.046875,-0.079376220703125
239,9.56,34,59.78002166748047,306.6565246582031,102.74535369873047,440.6680603027344,0.7059759497642517,person,1.0779056549072266,-0.729766845703125
239,9.56,39,133.22987365722656,316.1960144042969,170.2757110595703,442.0381774902344,0.351098895072937,person,1.5285530090332031,0.6609344482421875
239,9.56,45,162.2762451171875,319.2813415527344,197.36532592773438,408.1264343261719,0.38854625821113586,person,1.42962646484375,-1.212005615234375
239,9.56,46,524.6925048828125,340.34527587890625,603.8580322265625,459.01629638671875,0.7639985680580139,person,1.0792236328125,-0.26385498046875
240,9.6,4,3.79638671875,593.4075927734375,1266.50927734375,714.2100830078125,0.5774195194244385,car,-0.679931640625,-0.14453125
240,9.6,23,800.04052734375,304.11370849609375,897.1190185546875,371.87139892578125,0.723559558391571,car,-0.05401611328125,-0.023193359375
240,9.6,34,61.52540588378906,308.1139221191406,104.18270874023438,441.1714782714844,0.7158541679382324,person,1.59136962890625,0.98040771484375
240,9.6,39,133.22987365722656,316.1960144042969,170.2757110595703,442.0381774902344,0.351098895072937,person,1.5285530090332031,0.6609344482421875
240,9.6,45,162.2762451171875,319.2813415527344,197.36532592773438,408.1264343261719,0.38854625821113586,person,1.42962646484375,-1.212005615234375
240,9.6,46,522.93798828125,340.74493408203125,606.09228515625,459.14666748046875,0.7398935556411743,person,0.2398681640625,0.2650146484375
241,9.64,4,3.43017578125,594.001708984375,1265.400146484375,714.2724609375,0.5797497034072876,car,-0.7376708984375,0.3282470703125
241,9.64,23,799.99560546875,304.2203063964844,897.03515625,371.7668151855469,0.7194638252258301,car,-0.06439208984375,0.001007080078125
241,9.64,34,63.45265579223633,304.896240234375,108.20835876464844,440.0228271484375,0.6570680737495422,person,2.976449966430664,-2.18316650390625
241,9.64,39,133.22987365722656,316.1960144042969,170.2757110595703,442.0381774902344,0.351098895072937,person,1.5285530090332031,0.6609344482421875
241,9.64,45,162.2762451171875,319.2813415527344,197.36532592773438,408.1264343261719,0.38854625821113586,person,1.42962646484375,-1.212005615234375
241,9.64,46,524.1016845703125,340.52783203125,607.982666015625,457.23101806640625,0.6716117858886719,person,1.52703857421875,-1.066375732421875
242,9.68,4,3.054931640625,594.01220703125,1265.59375,714.209716796875,0.5868093967437744,car,-0.0908203125,-0.026123046875
242,9.68,23,800.069091796875,304.1333312988281,897.0816650390625,371.7391052246094,0.7177161574363708,car,0.05999755859375,-0.057342529296875
242,9.68,34,64.67095947265625,303.31805419921875,108.87075805664062,440.46856689453125,0.6528170704841614,person,0.9403514862060547,-0.56622314453125
242,9.68,39,133.22987365722656,316.1960144042969,170.2757110595703,442.0381774902344,0.351098895072937,person,1.5285530090332031,0.6609344482421875
242,9.68,45,162.2762451171875,319.2813415527344,197.36532592773438,408.1264343261719,0.38854625821113586,person,1.42962646484375,-1.212005615234375
242,9.68,46,530.3988037109375,340.6196594238281,609.0096435546875,456.7839660644531,0.7229934930801392,person,3.66204833984375,-0.1776123046875
243,9.72,4,3.28173828125,594.2327880859375,1266.615966796875,714.3912353515625,0.6073486804962158,car,0.62451171875,0.2010498046875
243,9.72,23,799.9862060546875,304.4018249511719,897.100341796875,371.6270446777344,0.6987671852111816,car,-0.0321044921875,0.078216552734375
243,9.72,34,67.02444458007812,302.67718505859375,109.34893798828125,439.62274169921875,0.5121184587478638,person,1.41583251953125,-0.74334716796875
243,9.72,39,133.22987365722656,316.1960144042969,170.2757110595703,442.0381774902344,0.351098895072937,person,1.5285530090332031,0.6609344482421875
243,9.72,45,162.2762451171875,319.2813415527344,197.36532592773438,408.1264343261719,0.38854625821113586,person,1.42962646484375,-1.212005615234375
243,9.72,46,534.4229736328125,340.79400634765625,610.4573974609375,457.31707763671875,0.7514559626579285,person,2.7359619140625,0.353729248046875
244,9.76,4,2.671630859375,593.6326293945312,1265.84326171875,714.1754760742188,0.5858744382858276,car,-0.69140625,-0.407958984375
244,9.76,23,799.9508056640625,304.3932189941406,896.9969482421875,371.5849304199219,0.6876683831214905,car,-0.06939697265625,-0.025360107421875
244,9.76,34,67.02444458007812,302.67718505859375,109.34893798828125,439.62274169921875,0.5121184587478638,person,1.41583251953125,-0.74334716796875
244,9.76,39,133.22987365722656,316.1960144042969,170.2757110595703,442.0381774902344,0.351098895072937,person,1.5285530090332031,0.6609344482421875
244,9.76,45,162.2762451171875,319.2813415527344,197.36532592773438,408.1264343261719,0.38854625821113586,person,1.42962646484375,-1.212005615234375
244,9.76,46,535.7496948242188,340.9783935546875,611.9282836914062,457.3831787109375,0.7004539966583252,person,1.3988037109375,0.125244140625
245,9.8,4,2.4454345703125,593.6624755859375,1265.403076171875,714.2640380859375,0.5780237317085266,car,-0.33319091796875,0.0592041015625
245,9.8,23,799.95751953125,304.37744140625,897.000244140625,371.68145751953125,0.6874350905418396,car,0.0050048828125,0.040374755859375
245,9.8,34,70.39056396484375,303.7589111328125,111.21603393554688,438.1103515625,0.6326396465301514,person,1.3083038330078125,-0.107666015625
245,9.8,39,133.22987365722656,316.1960144042969,170.2757110595703,442.0381774902344,0.351098895072937,person,1.5285530090332031,0.6609344482421875
245,9.8,45,162.2762451171875,319.2813415527344,197.36532592773438,408.1264343261719,0.38854625821113586,person,1.42962646484375,-1.212005615234375
245,9.8,46,540.846923828125,340.0609130859375,607.407958984375,457.85418701171875,0.669640839099884,person,0.2884521484375,-0.223236083984375
245,9.8,48,181.85934448242188,319.7587585449219,212.19747924804688,403.2805480957031,0.30393922328948975,person,0.0,0.0
246,9.84,4,3.7828369140625,593.58544921875,1266.8026123046875,714.22900390625,0.5880988240242004,car,1.36846923828125,-0.0560302734375
246,9.84,23,799.77294921875,304.3663330078125,896.95751953125,371.66650390625,0.6843447685241699,car,-0.1136474609375,-0.013031005859375
246,9.84,34,70.76933288574219,305.42315673828125,111.41915893554688,438.33343505859375,0.731182873249054,person,0.29094696044921875,0.94366455078125
246,9.84,39,133.22987365722656,316.1960144042969,170.2757110595703,442.0381774902344,0.351098895072937,person,1.5285530090332031,0.6609344482421875
246,9.84,45,162.2762451171875,319.2813415527344,197.36532592773438,408.1264343261719,0.38854625821113586,person,1.42962646484375,-1.212005615234375
246,9.84,46,544.2256469726562,341.5853271484375,604.8295288085938,457.5584716796875,0.7749581336975098,person,0.400146484375,0.614349365234375
247,9.88,4,3.76513671875,593.737060546875,1267.756103515625,714.179931640625,0.5817739367485046,car,0.4678955078125,0.05126953125
247,9.88,23,799.6619262695312,304.3553466796875,897.0601196289062,371.5738525390625,0.6683554649353027,car,-0.00421142578125,-0.05181884765625
247,9.88,34,72.01026916503906,305.2121887207031,111.50004577636719,437.2602233886719,0.5974193215370178,person,0.6609115600585938,-0.64208984375
247,9.88,39,133.22987365722656,316.1960144042969,170.2757110595703,442.0381774902344,0.351098895072937,person,1.5285530090332031,0.6609344482421875
247,9.88,45,162.2762451171875,319.2813415527344,197.36532592773438,408.1264343261719,0.38854625821113586,person,1.42962646484375,-1.212005615234375
247,9.88,46,545.8919677734375,341.1312255859375,605.2674560546875,457.1239013671875,0.7912400960922241,person,1.0521240234375,-0.4443359375
248,9.92,4,3.637451171875,593.4736328125,1267.0626220703125,714.034423828125,0.5742031335830688,car,-0.41058349609375,-0.2044677734375
248,9.92,23,799.579345703125,304.60931396484375,896.98388671875,371.52947998046875,0.6491217613220215,car,-0.07940673828125,0.10479736328125
248,9.92,34,72.33383178710938,304.9974060058594,111.45181274414062,434.4607849121094,0.5977782607078552,person,0.137664794921875,-1.507110595703125
248,9.92,39,133.22987365722656,316.1960144042969,170.2757110595703,442.0381774902344,0.351098895072937,person,1.5285530090332031,0.6609344482421875
248,9.92,45,162.2762451171875,319.2813415527344,197.36532592773438,408.1264343261719,0.38854625821113586,person,1.42962646484375,-1.212005615234375
248,9.92,46,547.069580078125,342.2103576660156,607.419189453125,457.3067321777344,0.7626376152038574,person,1.6646728515625,0.6309814453125
249,9.96,4,3.9903564453125,593.573486328125,1266.5111083984375,714.014404296875,0.5721130967140198,car,-0.09930419921875,0.0399169921875
249,9.96,23,799.773193359375,304.3909912109375,896.7379150390625,371.6497802734375,0.668605625629425,car,-0.02606201171875,-0.04901123046875
249,9.96,34,72.83943176269531,302.4914245605469,112.79502868652344,432.1171569824219,0.5216799974441528,person,0.924407958984375,-2.4248046875
249,9.96,39,133.22987365722656,316.1960144042969,170.2757110595703,442.0381774902344,0.351098895072937,person,1.5285530090332031,0.6609344482421875
249,9.96,45,162.2762451171875,319.2813415527344,197.36532592773438,408.1264343261719,0.38854625821113586,person,1.42962646484375,-1.212005615234375
249,9.96,46,548.01123046875,341.528076171875,608.6796875,457.743408203125,0.7999687790870667,person,1.10107421875,-0.122802734375
249,9.96,48,189.37127685546875,315.7362976074219,223.2064208984375,402.3140563964844,0.3022668957710266,person,2.3151092529296875,-0.6236190795898438
250,10.0,4,4.82421875,593.0838623046875,1267.931884765625,714.3319091796875,0.6024661660194397,car,1.1273193359375,-0.0860595703125
250,10.0,23,799.8521728515625,304.26971435546875,896.4923095703125,371.27642822265625,0.6749117970466614,car,-0.08331298828125,-0.247314453125
250,10.0,34,74.91386413574219,305.75042724609375,115.01750183105469,431.98675537109375,0.535464346408844,person,2.1484527587890625,1.564300537109375
250,10.0,39,133.22987365722656,316.1960144042969,170.2757110595703,442.0381774902344,0.351098895072937,person,1.5285530090332031,0.6609344482421875
250,10.0,45,162.2762451171875,319.2813415527344,197.36532592773438,408.1264343261719,0.38854625821113586,person,1.42962646484375,-1.212005615234375
250,10.0,46,550.0131225585938,341.0268249511719,611.9179077148438,458.2535705566406,0.8258708715438843,person,2.62005615234375,0.00445556640625
251,10.04,4,4.8372802734375,592.9841918945312,1267.6591796875,714.4636840820312,0.6217846870422363,car,-0.12982177734375,0.01605224609375
251,10.04,23,800.31640625,303.28765869140625,897.17529296875,371.12457275390625,0.7070022225379944,car,0.5736083984375,-0.56695556640625
251,10.04,34,75.75967407226562,303.3795471191406,117.84429931640625,433.3203430175781,0.6233652830123901,person,1.8363037109375,-0.518646240234375
251,10.04,39,133.22987365722656,316.1960144042969,170.2757110595703,442.0381774902344,0.351098895072937,person,1.5285530090332031,0.6609344482421875
251,10.04,45,162.2762451171875,319.2813415527344,197.36532592773438,408.1264343261719,0.38854625821113586,person,1.42962646484375,-1.212005615234375
251,10.04,46,549.7830810546875,341.66015625,613.4805908203125,457.81494140625,0.8201628923416138,person,0.66632080078125,0.09735107421875
252,10.08,4,4.7772216796875,592.7049560546875,1267.802490234375,714.4278564453125,0.6195557713508606,car,0.0416259765625,-0.15753173828125
252,10.08,23,799.7261962890625,304.02410888671875,896.5982666015625,371.35772705078125,0.6901116967201233,car,-0.5836181640625,0.48480224609375
252,10.08,34,77.6279296875,301.17828369140625,120.4063720703125,434.07061767578125,0.5263728499412537,person,2.2151641845703125,-0.725494384765625
252,10.08,39,133.22987365722656,316.1960144042969,170.2757110595703,442.0381774902344,0.351098895072937,person,1.5285530090332031,0.6609344482421875
252,10.08,45,162.2762451171875,319.2813415527344,197.36532592773438,408.1264343261719,0.38854625821113586,person,1.42962646484375,-1.212005615234375
252,10.08,46,550.6363525390625,342.1523132324219,615.0015869140625,457.0127258300781,0.8189951777458191,person,1.1871337890625,-0.155029296875
253,10.12,4,4.342529296875,592.941650390625,1267.205078125,714.32861328125,0.6137566566467285,car,-0.51605224609375,0.0687255859375
253,10.12,23,799.7284545898438,304.0610656738281,896.7300415039062,371.3128967285156,0.6686760187149048,car,0.0670166015625,-0.003936767578125
253,10.12,34,80.23011779785156,300.709228515625,123.07106018066406,433.6324462890625,0.5269180536270142,person,2.6334381103515625,-0.45361328125
253,10.12,39,133.22987365722656,316.1960144042969,170.2757110595703,442.0381774902344,0.351098895072937,person,1.5285530090332031,0.6609344482421875
253,10.12,45,162.2762451171875,319.2813415527344,197.36532592773438,408.1264343261719,0.38854625821113586,person,1.42962646484375,-1.212005615234375
253,10.12,46,551.2039794921875,340.83966064453125,615.8741455078125,456.53717041015625,0.8127788305282593,person,0.7200927734375,-0.89410400390625
254,10.16,4,4.53662109375,593.0347290039062,1267.755126953125,714.1851196289062,0.6243454217910767,car,0.3720703125,-0.02520751953125
254,10.16,23,799.8531494140625,304.05517578125,896.7635498046875,371.39654541015625,0.6850351095199585,car,0.0791015625,0.03887939453125
254,10.16,34,83.01296997070312,303.50213623046875,124.03163146972656,433.08062744140625,0.6365600824356079,person,1.8717117309570312,1.12054443359375
254,10.16,39,133.22987365722656,316.1960144042969,170.2757110595703,442.0381774902344,0.351098895072937,person,1.5285530090332031,0.6609344482421875
254,10.16,45,162.2762451171875,319.2813415527344,197.36532592773438,408.1264343261719,0.38854625821113586,person,1.42962646484375,-1.212005615234375
254,10.16,46,551.697509765625,339.69390869140625,616.41064453125,456.35235595703125,0.8000891208648682,person,0.5150146484375,-0.665283203125
255,10.2,4,4.688232421875,592.955322265625,1267.43603515625,714.012451171875,0.599323034286499,car,-0.083740234375,-0.12603759765625
255,10.2,23,799.7587890625,304.14337158203125,896.807373046875,371.17230224609375,0.6606941223144531,car,-0.0252685546875,-0.068023681640625
255,10.2,34,84.01181030273438,305.04010009765625,125.76522827148438,434.12677001953125,0.5895295143127441,person,1.3662185668945312,1.29205322265625
255,10.2,39,133.22987365722656,316.1960144042969,170.2757110595703,442.0381774902344,0.351098895072937,person,1.5285530090332031,0.6609344482421875
255,10.2,45,162.2762451171875,319.2813415527344,197.36532592773438,408.1264343261719,0.38854625821113586,person,1.42962646484375,-1.212005615234375
255,10.2,46,551.372314453125,338.7571716308594,617.072265625,455.8208923339844,0.7869881391525269,person,0.168212890625,-0.734100341796875
256,10.24,4,4.3814697265625,593.2803955078125,1268.11181640625,713.8489990234375,0.5837292671203613,car,0.18450927734375,0.080810546875
256,10.24,23,799.689453125,304.024169921875,896.802978515625,371.1788330078125,0.6427536010742188,car,-0.036865234375,-0.05633544921875
256,10.24,34,84.33375549316406,305.8810729980469,125.79154968261719,435.9870300292969,0.41398754715919495,person,0.17413330078125,1.350616455078125
256,10.24,39,133.22987365722656,316.1960144042969,170.2757110595703,442.0381774902344,0.351098895072937,person,1.5285530090332031,0.6609344482421875
256,10.24,45,162.2762451171875,319.2813415527344,197.36532592773438,408.1264343261719,0.38854625821113586,person,1.42962646484375,-1.212005615234375
256,10.24,46,550.910400390625,338.52679443359375,617.35595703125,455.62872314453125,0.7823272943496704,person,-0.089111328125,-0.211273193359375
257,10.28,4,4.349853515625,593.364013671875,1268.58251953125,714.064697265625,0.5987464785575867,car,0.21954345703125,0.149658203125
257,10.28,23,799.7930908203125,304.07684326171875,896.6265869140625,371.14703369140625,0.6458049416542053,car,-0.036376953125,0.01043701171875
257,10.28,34,89.09407043457031,308.04901123046875,124.82273864746094,435.68267822265625,0.41993996500968933,person,1.895751953125,0.931793212890625
257,10.28,45,162.2762451171875,319.2813415527344,197.36532592773438,408.1264343261719,0.38854625821113586,person,1.42962646484375,-1.212005615234375
257,10.28,46,550.6433715820312,337.5401611328125,618.1744995117188,455.32421875,0.7885435223579407,person,0.2757568359375,-0.64556884765625
258,10.32,4,4.4222412109375,593.8358154296875,1267.962890625,713.9337158203125,0.5626351237297058,car,-0.27362060546875,0.17041015625
258,10.32,23,799.67333984375,304.1343994140625,896.644287109375,371.23193359375,0.6407836675643921,car,-0.051025390625,0.07122802734375
258,10.32,34,89.09407043457031,308.04901123046875,124.82273864746094,435.68267822265625,0.41993996500968933,person,1.895751953125,0.931793212890625
258,10.32,45,162.2762451171875,319.2813415527344,197.36532592773438,408.1264343261719,0.38854625821113586,person,1.42962646484375,-1.212005615234375
258,10.32,46,548.9617309570312,336.26556396484375,618.5541381835938,455.4000244140625,0.8038773536682129,person,-0.6510009765625,-0.599395751953125
259,10.36,4,4.1695556640625,593.9287109375,1266.8570556640625,713.9202880859375,0.5562604665756226,car,-0.67926025390625,0.03973388671875
259,10.36,23,799.5687255859375,303.87353515625,896.7227783203125,371.2723388671875,0.6482716202735901,car,-0.0130615234375,-0.1102294921875
259,10.36,34,89.09407043457031,308.04901123046875,124.82273864746094,435.68267822265625,0.41993996500968933,person,1.895751953125,0.931793212890625
259,10.36,45,162.2762451171875,319.2813415527344,197.36532592773438,408.1264343261719,0.38854625821113586,person,1.42962646484375,-1.212005615234375
259,10.36,46,547.0701904296875,335.01715087890625,619.0257568359375,455.64361572265625,0.7203648686408997,person,-0.7099609375,-0.502410888671875
260,10.4,4,4.3917236328125,594.0192260742188,1267.406005859375,713.9851684570312,0.5607991218566895,car,0.38555908203125,0.07769775390625
260,10.4,23,799.5787353515625,304.00860595703125,896.5494384765625,371.17303466796875,0.6325851678848267,car,-0.0816650390625,0.01788330078125
260,10.4,34,89.09407043457031,308.04901123046875,124.82273864746094,435.68267822265625,0.41993996500968933,person,1.895751953125,0.931793212890625
260,10.4,45,162.2762451171875,319.2813415527344,197.36532592773438,408.1264343261719,0.38854625821113586,person,1.42962646484375,-1.212005615234375
260,10.4,46,545.478271484375,332.022705078125,619.4832763671875,455.7916259765625,0.7239801287651062,person,-0.56719970703125,-1.4232177734375
261,10.44,4,4.039306640625,593.997802734375,1266.920654296875,714.0137939453125,0.5513444542884827,car,-0.41888427734375,0.00360107421875
261,10.44,23,799.63232421875,303.86773681640625,896.9136962890625,371.29217529296875,0.6532694101333618,car,0.20892333984375,-0.0108642578125
261,10.44,34,89.09407043457031,308.04901123046875,124.82273864746094,435.68267822265625,0.41993996500968933,person,1.895751953125,0.931793212890625
261,10.44,45,162.2762451171875,319.2813415527344,197.36532592773438,408.1264343261719,0.38854625821113586,person,1.42962646484375,-1.212005615234375
261,10.44,46,543.646484375,330.63690185546875,619.6422119140625,456.3662109375,0.7572050094604492,person,-0.83642578125,-0.405609130859375
261,10.44,47,514.51171875,329.722412109375,618.253173828125,458.33935546875,0.5943451523780823,person,1.0200358072916667,-0.24736735026041667
262,10.48,4,3.916015625,593.668212890625,1267.403564453125,714.0400390625,0.5641723275184631,car,0.1798095703125,-0.15167236328125
262,10.48,23,799.7072143554688,303.8835144042969,896.8294067382812,371.3814392089844,0.6677369475364685,car,-0.00469970703125,0.052520751953125
262,10.48,34,89.09407043457031,308.04901123046875,124.82273864746094,435.68267822265625,0.41993996500968933,person,1.895751953125,0.931793212890625
262,10.48,45,162.2762451171875,319.2813415527344,197.36532592773438,408.1264343261719,0.38854625821113586,person,1.42962646484375,-1.212005615234375
262,10.48,46,543.57275390625,329.3880615234375,619.52734375,456.103271484375,0.7481561303138733,person,-0.09429931640625,-0.755889892578125
262,10.48,47,514.51171875,329.722412109375,618.253173828125,458.33935546875,0.5943451523780823,person,1.0200358072916667,-0.24736735026041667
263,10.52,4,4.2188720703125,593.561279296875,1267.8123779296875,713.9266357421875,0.5789318084716797,car,0.3558349609375,-0.11016845703125
263,10.52,23,799.8104858398438,303.9801025390625,896.9086303710938,371.396240234375,0.6664018630981445,car,0.09124755859375,0.055694580078125
263,10.52,34,89.09407043457031,308.04901123046875,124.82273864746094,435.68267822265625,0.41993996500968933,person,1.895751953125,0.931793212890625
263,10.52,45,162.2762451171875,319.2813415527344,197.36532592773438,408.1264343261719,0.38854625821113586,person,1.42962646484375,-1.212005615234375
263,10.52,46,545.2586669921875,326.53350830078125,619.0816650390625,455.796875,0.7497385144233704,person,0.6201171875,-1.580474853515625
263,10.52,47,514.51171875,329.722412109375,618.253173828125,458.33935546875,0.5943451523780823,person,1.0200358072916667,-0.24736735026041667
264,10.56,4,4.09130859375,594.1845703125,1267.777099609375,713.9688720703125,0.5950939059257507,car,-0.0814208984375,0.332763671875
264,10.56,23,799.914794921875,304.07684326171875,896.52978515625,371.46234130859375,0.6837003827095032,car,-0.13726806640625,0.0814208984375
264,10.56,34,89.09407043457031,308.04901123046875,124.82273864746094,435.68267822265625,0.41993996500968933,person,1.895751953125,0.931793212890625
264,10.56,45,162.2762451171875,319.2813415527344,197.36532592773438,408.1264343261719,0.38854625821113586,person,1.42962646484375,-1.212005615234375
264,10.56,46,543.5599365234375,327.35992431640625,616.6683349609375,455.48846435546875,0.7235243320465088,person,-2.0560302734375,0.259002685546875
264,10.56,47,514.51171875,329.722412109375,618.253173828125,458.33935546875,0.5943451523780823,person,1.0200358072916667,-0.24736735026041667
265,10.6,4,4.266357421875,593.8743286132812,1267.7122802734375,713.9832153320312,0.5936198830604553,car,0.05511474609375,-0.14794921875
265,10.6,23,800.021484375,304.0396423339844,896.6990966796875,371.5036926269531,0.6687485575675964,car,0.13800048828125,0.0020751953125
265,10.6,34,89.09407043457031,308.04901123046875,124.82273864746094,435.68267822265625,0.41993996500968933,person,1.895751953125,0.931793212890625
265,10.6,45,162.2762451171875,319.2813415527344,197.36532592773438,408.1264343261719,0.38854625821113586,person,1.42962646484375,-1.212005615234375
265,10.6,46,547.29052734375,326.13232421875,614.20556640625,455.0162353515625,0.7595292329788208,person,0.6339111328125,-0.84991455078125
265,10.6,47,514.51171875,329.722412109375,618.253173828125,458.33935546875,0.5943451523780823,person,1.0200358072916667,-0.24736735026041667
266,10.64,4,4.74755859375,593.9073486328125,1267.938720703125,713.9747314453125,0.5985150337219238,car,0.35382080078125,0.01226806640625
266,10.64,23,800.0067138671875,303.9970703125,896.8133544921875,371.47613525390625,0.6701832413673401,car,0.04974365234375,-0.035064697265625
266,10.64,34,89.09407043457031,308.04901123046875,124.82273864746094,435.68267822265625,0.41993996500968933,person,1.895751953125,0.931793212890625
266,10.64,45,162.2762451171875,319.2813415527344,197.36532592773438,408.1264343261719,0.38854625821113586,person,1.42962646484375,-1.212005615234375
266,10.64,46,542.9009399414062,324.2625732421875,612.2357788085938,455.54876708984375,0.7446308732032776,person,-3.1796875,-0.668609619140625
266,10.64,47,514.51171875,329.722412109375,618.253173828125,458.33935546875,0.5943451523780823,person,1.0200358072916667,-0.24736735026041667
267,10.68,4,3.84326171875,593.8218383789062,1267.696044921875,714.0249633789062,0.5780702233314514,car,-0.573486328125,-0.01763916015625
267,10.68,23,800.1774291992188,303.74163818359375,896.9572143554688,371.46795654296875,0.686741292476654,car,0.15728759765625,-0.131805419921875
267,10.68,34,89.09407043457031,308.04901123046875,124.82273864746094,435.68267822265625,0.41993996500968933,person,1.895751953125,0.931793212890625
267,10.68,45,162.2762451171875,319.2813415527344,197.36532592773438,408.1264343261719,0.38854625821113586,person,1.42962646484375,-1.212005615234375
267,10.68,46,545.7489013671875,321.59808349609375,610.8768310546875,456.616455078125,0.7442020773887634,person,0.7445068359375,-0.79840087890625
267,10.68,47,514.51171875,329.722412109375,618.253173828125,458.33935546875,0.5943451523780823,person,1.0200358072916667,-0.24736735026041667
268,10.72,4,3.833740234375,593.787109375,1268.177001953125,714.2630615234375,0.5833825469017029,car,0.2357177734375,0.1016845703125
268,10.72,23,800.3130493164062,304.06781005859375,896.9739379882812,371.31024169921875,0.6428234577178955,car,0.076171875,0.084228515625
268,10.72,34,89.09407043457031,308.04901123046875,124.82273864746094,435.68267822265625,0.41993996500968933,person,1.895751953125,0.931793212890625
268,10.72,45,162.2762451171875,319.2813415527344,197.36532592773438,408.1264343261719,0.38854625821113586,person,1.42962646484375,-1.212005615234375
268,10.72,46,548.5260009765625,320.98931884765625,608.4178466796875,457.00189208984375,0.7438856363296509,person,0.1590576171875,-0.111663818359375
268,10.72,47,514.51171875,329.722412109375,618.253173828125,458.33935546875,0.5943451523780823,person,1.0200358072916667,-0.24736735026041667
269,10.76,4,3.47412109375,594.0192260742188,1267.998291015625,714.1315307617188,0.5593156814575195,car,-0.2691650390625,0.05029296875
269,10.76,23,800.220458984375,303.9947509765625,897.056884765625,371.313720703125,0.6426498293876648,car,-0.00482177734375,-0.0347900390625
269,10.76,34,89.09407043457031,308.04901123046875,124.82273864746094,435.68267822265625,0.41993996500968933,person,1.895751953125,0.931793212890625
269,10.76,45,162.2762451171875,319.2813415527344,197.36532592773438,408.1264343261719,0.38854625821113586,person,1.42962646484375,-1.212005615234375
269,10.76,46,549.6155395507812,319.4900207519531,606.7177124023438,456.4602966308594,0.7751045823097229,person,-0.3052978515625,-1.02044677734375
269,10.76,47,514.51171875,329.722412109375,618.253173828125,458.33935546875,0.5943451523780823,person,1.0200358072916667,-0.24736735026041667
270,10.8,4,3.07275390625,593.990966796875,1267.978759765625,714.099365234375,0.5424438714981079,car,-0.21044921875,-0.03021240234375
270,10.8,23,800.10546875,303.9628601074219,897.22998046875,371.4317321777344,0.6527687311172485,car,0.029052734375,0.043060302734375
270,10.8,34,89.09407043457031,308.04901123046875,124.82273864746094,435.68267822265625,0.41993996500968933,person,1.895751953125,0.931793212890625
270,10.8,45,162.2762451171875,319.2813415527344,197.36532592773438,408.1264343261719,0.38854625821113586,person,1.42962646484375,-1.212005615234375
270,10.8,46,546.1774291992188,314.86871337890625,605.3898315429688,455.91876220703125,0.8246248364448547,person,-2.38299560546875,-2.5814208984375
270,10.8,47,514.51171875,329.722412109375,618.253173828125,458.33935546875,0.5943451523780823,person,1.0200358072916667,-0.24736735026041667
271,10.84,4,2.81494140625,593.775390625,1266.764892578125,713.962158203125,0.528592586517334,car,-0.73583984375,-0.1763916015625
271,10.84,23,800.1728515625,304.05352783203125,897.2657470703125,371.36968994140625,0.6539345979690552,car,0.05157470703125,0.014312744140625
271,10.84,34,89.09407043457031,308.04901123046875,124.82273864746094,435.68267822265625,0.41993996500968933,person,1.895751953125,0.931793212890625
271,10.84,45,162.2762451171875,319.2813415527344,197.36532592773438,408.1264343261719,0.38854625821113586,person,1.42962646484375,-1.212005615234375
271,10.84,46,543.1964721679688,316.55548095703125,603.8032836914062,455.33721923828125,0.8099042773246765,person,-2.28375244140625,0.5526123046875
271,10.84,47,514.51171875,329.722412109375,618.253173828125,458.33935546875,0.5943451523780823,person,1.0200358072916667,-0.24736735026041667
272,10.88,4,2.79052734375,593.4053955078125,1266.70361328125,714.1878662109375,0.5228265523910522,car,-0.0428466796875,-0.0721435546875
272,10.88,23,800.0934448242188,304.31695556640625,897.2002563476562,371.264892578125,0.6362245082855225,car,-0.07244873046875,0.079315185546875
272,10.88,34,89.09407043457031,308.04901123046875,124.82273864746094,435.68267822265625,0.41993996500968933,person,1.895751953125,0.931793212890625
272,10.88,45,162.2762451171875,319.2813415527344,197.36532592773438,408.1264343261719,0.38854625821113586,person,1.42962646484375,-1.212005615234375
272,10.88,46,540.738037109375,317.02325439453125,604.12646484375,454.48516845703125,0.8093608021736145,person,-1.067626953125,-0.192138671875
272,10.88,47,514.51171875,329.722412109375,618.253173828125,458.33935546875,0.5943451523780823,person,1.0200358072916667,-0.24736735026041667
273,10.92,4,2.540771484375,593.4217529296875,1265.414306640625,714.2498779296875,0.532482385635376,car,-0.76953125,0.0391845703125
273,10.92,23,800.5965576171875,304.36090087890625,897.1192626953125,371.39276123046875,0.6536368727684021,car,0.2110595703125,0.085906982421875
273,10.92,34,89.09407043457031,308.04901123046875,124.82273864746094,435.68267822265625,0.41993996500968933,person,1.895751953125,0.931793212890625
273,10.92,45,162.2762451171875,319.2813415527344,197.36532592773438,408.1264343261719,0.38854625821113586,person,1.42962646484375,-1.212005615234375
273,10.92,46,539.0255737304688,316.92315673828125,602.7413940429688,452.97650146484375,0.8336806297302246,person,-1.54876708984375,-0.80438232421875
273,10.92,47,514.51171875,329.722412109375,618.253173828125,458.33935546875,0.5943451523780823,person,1.0200358072916667,-0.24736735026041667
273,10.92,49,217.73031616210938,319.8221435546875,246.66436767578125,400.44403076171875,0.3974786102771759,person,0.0,0.0
274,10.96,4,2.645751953125,593.517578125,1265.0582275390625,714.1737060546875,0.5239456295967102,car,-0.12554931640625,0.00982666015625
274,10.96,23,800.0843505859375,304.287353515625,897.1341552734375,371.3951416015625,0.6558849811553955,car,-0.2486572265625,-0.03558349609375
274,10.96,34,89.09407043457031,308.04901123046875,124.82273864746094,435.68267822265625,0.41993996500968933,person,1.895751953125,0.931793212890625
274,10.96,45,162.2762451171875,319.2813415527344,197.36532592773438,408.1264343261719,0.38854625821113586,person,1.42962646484375,-1.212005615234375
274,10.96,46,536.5654296875,318.26507568359375,600.77099609375,452.80706787109375,0.8474811315536499,person,-2.21527099609375,0.58624267578125
274,10.96,47,514.51171875,329.722412109375,618.253173828125,458.33935546875,0.5943451523780823,person,1.0200358072916667,-0.24736735026041667
275,11.0,4,2.737548828125,593.658447265625,1265.1927490234375,714.228515625,0.532234251499176,car,0.1131591796875,0.09783935546875
275,11.0,23,800.1409912109375,304.06036376953125,897.2515869140625,371.35223388671875,0.6546844244003296,car,0.0870361328125,-0.13494873046875
275,11.0,34,89.09407043457031,308.04901123046875,124.82273864746094,435.68267822265625,0.41993996500968933,person,1.895751953125,0.931793212890625
275,11.0,45,162.2762451171875,319.2813415527344,197.36532592773438,408.1264343261719,0.38854625821113586,person,1.42962646484375,-1.212005615234375
275,11.0,46,533.8209228515625,319.1234130859375,599.8902587890625,452.84130859375,0.8370236754417419,person,-1.8126220703125,0.4462890625
275,11.0,47,514.51171875,329.722412109375,618.253173828125,458.33935546875,0.5943451523780823,person,1.0200358072916667,-0.24736735026041667
276,11.04,4,3.0418701171875,593.15380859375,1264.6666259765625,714.200439453125,0.5450986623764038,car,-0.11090087890625,-0.266357421875
276,11.04,23,799.8231201171875,304.2479248046875,897.4962158203125,371.517333984375,0.6613484025001526,car,-0.03662109375,0.17633056640625
276,11.04,34,89.09407043457031,308.04901123046875,124.82273864746094,435.68267822265625,0.41993996500968933,person,1.895751953125,0.931793212890625
276,11.04,45,162.2762451171875,319.2813415527344,197.36532592773438,408.1264343261719,0.38854625821113586,person,1.42962646484375,-1.212005615234375
276,11.04,46,530.1294555664062,318.6347351074219,598.7478637695312,452.1071472167969,0.8337965607643127,person,-2.41693115234375,-0.611419677734375
276,11.04,47,514.51171875,329.722412109375,618.253173828125,458.33935546875,0.5943451523780823,person,1.0200358072916667,-0.24736735026041667
277,11.08,4,3.07861328125,593.4295654296875,1264.053466796875,714.1351318359375,0.5253807306289673,car,-0.2882080078125,0.105224609375
277,11.08,23,799.8546142578125,304.2198486328125,897.5225830078125,371.4522705078125,0.6516138315200806,car,0.0289306640625,-0.04656982421875
277,11.08,34,89.09407043457031,308.04901123046875,124.82273864746094,435.68267822265625,0.41993996500968933,person,1.895751953125,0.931793212890625
277,11.08,45,162.2762451171875,319.2813415527344,197.36532592773438,408.1264343261719,0.38854625821113586,person,1.42962646484375,-1.212005615234375
277,11.08,46,529.6456298828125,320.09649658203125,599.0047607421875,452.21392822265625,0.8400598764419556,person,-0.11346435546875,0.784271240234375
277,11.08,47,514.51171875,329.722412109375,618.253173828125,458.33935546875,0.5943451523780823,person,1.0200358072916667,-0.24736735026041667
277,11.08,50,125.75640869140625,305.098876953125,161.45541381835938,434.55682373046875,0.40835174918174744,person,0.0,0.0
278,11.12,4,3.224365234375,593.4108276367188,1265.112548828125,714.2172241210938,0.5366214513778687,car,0.6024169921875,0.03167724609375
278,11.12,23,800.025146484375,304.1916198730469,897.52880859375,371.4283142089844,0.6576794385910034,car,0.08837890625,-0.026092529296875
278,11.12,34,89.09407043457031,308.04901123046875,124.82273864746094,435.68267822265625,0.41993996500968933,person,1.895751953125,0.931793212890625
278,11.12,45,162.2762451171875,319.2813415527344,197.36532592773438,408.1264343261719,0.38854625821113586,person,1.42962646484375,-1.212005615234375
278,11.12,46,529.0928955078125,319.926513671875,598.7313232421875,452.2825927734375,0.8401391506195068,person,-0.4130859375,-0.0506591796875
278,11.12,47,514.51171875,329.722412109375,618.253173828125,458.33935546875,0.5943451523780823,person,1.0200358072916667,-0.24736735026041667
278,11.12,50,126.57728576660156,304.58416748046875,162.12245178222656,432.93218994140625,0.5127418041229248,person,0.74395751953125,-1.069671630859375
279,11.16,4,3.21435546875,593.4860229492188,1264.50439453125,713.9999389648438,0.5571030378341675,car,-0.30908203125,-0.071044921875
279,11.16,23,799.9979248046875,304.4565124511719,897.23779296875,371.3249816894531,0.6499327421188354,car,-0.15911865234375,0.080780029296875
279,11.16,34,89.09407043457031,308.04901123046875,124.82273864746094,435.68267822265625,0.41993996500968933,person,1.895751953125,0.931793212890625
279,11.16,45,162.2762451171875,319.2813415527344,197.36532592773438,408.1264343261719,0.38854625821113586,person,1.42962646484375,-1.212005615234375
279,11.16,46,528.9234008789062,320.42755126953125,598.3911743164062,452.52874755859375,0.83841872215271,person,-0.25482177734375,0.37359619140625
279,11.16,47,514.51171875,329.722412109375,618.253173828125,458.33935546875,0.5943451523780823,person,1.0200358072916667,-0.24736735026041667
279,11.16,50,126.84396362304688,304.239990234375,163.1348876953125,433.7906494140625,0.6056318879127502,person,0.639556884765625,0.25714111328125
280,11.2,4,2.4832763671875,593.6026611328125,1264.7325439453125,713.88671875,0.5294437408447266,car,-0.25146484375,0.001708984375
280,11.2,23,800.0831298828125,304.33026123046875,896.9559326171875,371.33428955078125,0.64335036277771,car,-0.09832763671875,-0.0584716796875
280,11.2,34,89.09407043457031,308.04901123046875,124.82273864746094,435.68267822265625,0.41993996500968933,person,1.895751953125,0.931793212890625
280,11.2,45,162.2762451171875,319.2813415527344,197.36532592773438,408.1264343261719,0.38854625821113586,person,1.42962646484375,-1.212005615234375
280,11.2,46,528.49755859375,323.3141784667969,598.5068359375,452.2987365722656,0.8326419591903687,person,-0.15509033203125,1.32830810546875
280,11.2,47,514.51171875,329.722412109375,618.253173828125,458.33935546875,0.5943451523780823,person,1.0200358072916667,-0.24736735026041667
280,11.2,50,128.7515869140625,304.42425537109375,163.2091064453125,430.31915283203125,0.3509099781513214,person,0.9909210205078125,-1.64361572265625
281,11.24,4,2.7237548828125,593.889892578125,1264.0228271484375,713.82080078125,0.5235505104064941,car,-0.234619140625,0.11065673828125
281,11.24,23,800.1748046875,304.56231689453125,896.923828125,371.29632568359375,0.6559950709342957,car,0.02978515625,0.0970458984375
281,11.24,34,89.09407043457031,308.04901123046875,124.82273864746094,435.68267822265625,0.41993996500968933,person,1.895751953125,0.931793212890625
281,11.24,45,162.2762451171875,319.2813415527344,197.36532592773438,408.1264343261719,0.38854625821113586,person,1.42962646484375,-1.212005615234375
281,11.24,46,527.2841796875,327.77484130859375,598.5408935546875,452.768798828125,0.8155718445777893,person,-0.58966064453125,2.465362548828125
281,11.24,47,514.51171875,329.722412109375,618.253173828125,458.33935546875,0.5943451523780823,person,1.0200358072916667,-0.24736735026041667
281,11.24,50,129.50668334960938,302.886962890625,166.12557983398438,434.899169921875,0.4794372320175171,person,1.835784912109375,1.5213623046875
282,11.28,4,3.158447265625,594.046630859375,1262.996337890625,714.0543212890625,0.5385926961898804,car,-0.2958984375,0.19512939453125
282,11.28,23,800.1585693359375,304.8170166015625,896.9080810546875,371.3624267578125,0.6442624926567078,car,-0.0159912109375,0.160400390625
282,11.28,34,89.09407043457031,308.04901123046875,124.82273864746094,435.68267822265625,0.41993996500968933,person,1.895751953125,0.931793212890625
282,11.28,45,162.2762451171875,319.2813415527344,197.36532592773438,408.1264343261719,0.38854625821113586,person,1.42962646484375,-1.212005615234375
282,11.28,46,526.2254638671875,329.4107666015625,598.5057373046875,452.90533447265625,0.815368115901947,person,-0.54693603515625,0.88623046875
282,11.28,47,514.51171875,329.722412109375,618.253173828125,458.33935546875,0.5943451523780823,person,1.0200358072916667,-0.24736735026041667
282,11.28,50,134.40673828125,301.1379699707031,167.87652587890625,420.1548767089844,0.5949602723121643,person,3.32550048828125,-8.24664306640625
283,11.32,4,3.3277587890625,594.0679931640625,1263.220947265625,714.1131591796875,0.5423865914344788,car,0.19696044921875,0.04010009765625
283,11.32,23,800.1893920898438,304.64508056640625,896.8118286132812,371.46270751953125,0.6694456338882446,car,-0.03271484375,-0.03582763671875
283,11.32,34,89.09407043457031,308.04901123046875,124.82273864746094,435.68267822265625,0.41993996500968933,person,1.895751953125,0.931793212890625
283,11.32,46,525.876220703125,330.35455322265625,598.654296875,452.4571533203125,0.8137232661247253,person,-0.100341796875,0.247802734375
283,11.32,47,514.51171875,329.722412109375,618.253173828125,458.33935546875,0.5943451523780823,person,1.0200358072916667,-0.24736735026041667
283,11.32,50,138.4710235595703,301.21685791015625,170.33338928222656,419.83648681640625,0.5871014595031738,person,3.2605743408203125,-0.1197509765625
284,11.36,4,3.75927734375,593.9453125,1264.717529296875,714.126708984375,0.5493249893188477,car,0.96405029296875,-0.0545654296875
284,11.36,23,800.1541748046875,304.49578857421875,896.8839111328125,371.46112060546875,0.6708217263221741,car,0.0184326171875,-0.075439453125
284,11.36,34,89.09407043457031,308.04901123046875,124.82273864746094,435.68267822265625,0.41993996500968933,person,1.895751953125,0.931793212890625
284,11.36,46,525.2462768554688,331.3420715332031,599.3660278320312,452.5312194824219,0.8120236396789551,person,0.0408935546875,0.530792236328125
284,11.36,47,514.51171875,329.722412109375,618.253173828125,458.33935546875,0.5943451523780823,person,1.0200358072916667,-0.24736735026041667
284,11.36,50,137.838623046875,302.88275146484375,172.8187255859375,419.68328857421875,0.6386509537696838,person,0.9264678955078125,0.75634765625
285,11.4,4,4.04833984375,593.9768676757812,1263.679443359375,714.1473999023438,0.5544779896736145,car,-0.37451171875,0.026123046875
285,11.4,23,800.0391845703125,304.4053649902344,896.9827880859375,371.5021667480469,0.6718687415122986,car,-0.008056640625,-0.024688720703125
285,11.4,34,89.09407043457031,308.04901123046875,124.82273864746094,435.68267822265625,0.41993996500968933,person,1.895751953125,0.931793212890625
285,11.4,46,524.9683837890625,331.579345703125,599.2899169921875,453.34521484375,0.8056402802467346,person,-0.177001953125,0.525634765625
285,11.4,47,514.51171875,329.722412109375,618.253173828125,458.33935546875,0.5943451523780823,person,1.0200358072916667,-0.24736735026041667
285,11.4,50,139.14230346679688,303.3211669921875,172.5953369140625,420.4725341796875,0.6208620071411133,person,0.5401458740234375,0.61383056640625
286,11.44,4,4.091796875,594.11279296875,1264.1171875,714.151611328125,0.5676671862602234,car,0.2406005859375,0.070068359375
286,11.44,23,800.1558837890625,304.29901123046875,896.7855224609375,371.50970458984375,0.6726734042167664,car,-0.040283203125,-0.049407958984375
286,11.44,34,89.09407043457031,308.04901123046875,124.82273864746094,435.68267822265625,0.41993996500968933,person,1.895751953125,0.931793212890625
286,11.44,46,525.857177734375,332.32440185546875,599.2890625,453.21710205078125,0.8169349431991577,person,0.4439697265625,0.3084716796875
286,11.44,47,514.51171875,329.722412109375,618.253173828125,458.33935546875,0.5943451523780823,person,1.0200358072916667,-0.24736735026041667
286,11.44,50,140.52928161621094,304.8927001953125,175.66551208496094,418.0428466796875,0.5569061040878296,person,2.22857666015625,-0.4290771484375
287,11.48,4,4.02880859375,593.72900390625,1263.64404296875,714.021240234375,0.5667178630828857,car,-0.26806640625,-0.257080078125
287,11.48,23,800.14208984375,304.3404235839844,896.5032958984375,371.4721374511719,0.6599259376525879,car,-0.14801025390625,0.001922607421875
287,11.48,34,89.09407043457031,308.04901123046875,124.82273864746094,435.68267822265625,0.41993996500968933,person,1.895751953125,0.931793212890625
287,11.48,46,525.7830200195312,332.73492431640625,599.3244018554688,453.26959228515625,0.8104028701782227,person,-0.0194091796875,0.23150634765625
287,11.48,47,514.51171875,329.722412109375,618.253173828125,458.33935546875,0.5943451523780823,person,1.0200358072916667,-0.24736735026041667
287,11.48,50,142.6537322998047,307.20159912109375,180.1980438232422,416.79534912109375,0.4716354310512543,person,3.3284912109375,0.53070068359375
288,11.52,4,4.1195068359375,593.7554931640625,1262.4722900390625,714.0277099609375,0.570529043674469,car,-0.54052734375,0.0164794921875
288,11.52,23,800.0604248046875,304.32891845703125,896.36083984375,371.39080810546875,0.6694415211677551,car,-0.112060546875,-0.046417236328125
288,11.52,34,89.09407043457031,308.04901123046875,124.82273864746094,435.68267822265625,0.41993996500968933,person,1.895751953125,0.931793212890625
288,11.52,46,526.64013671875,332.0684814453125,599.8812255859375,453.157958984375,0.8132157921791077,person,0.70697021484375,-0.3890380859375
288,11.52,47,514.51171875,329.722412109375,618.253173828125,458.33935546875,0.5943451523780823,person,1.0200358072916667,-0.24736735026041667
288,11.52,50,142.6537322998047,307.20159912109375,180.1980438232422,416.79534912109375,0.4716354310512543,person,3.3284912109375,0.53070068359375
289,11.56,4,3.874267578125,594.396728515625,1261.983154296875,713.823974609375,0.553321897983551,car,-0.3671875,0.21875
289,11.56,23,800.0826416015625,304.156982421875,896.3404541015625,371.3115234375,0.6652551293373108,car,0.00091552734375,-0.1256103515625
289,11.56,34,89.09407043457031,308.04901123046875,124.82273864746094,435.68267822265625,0.41993996500968933,person,1.895751953125,0.931793212890625
289,11.56,46,526.71142578125,331.09051513671875,600.697265625,453.20343017578125,0.8218187689781189,person,0.44366455078125,-0.46624755859375
289,11.56,47,514.51171875,329.722412109375,618.253173828125,458.33935546875,0.5943451523780823,person,1.0200358072916667,-0.24736735026041667
289,11.56,50,147.88046264648438,306.04254150390625,186.96792602539062,414.07135009765625,0.37713903188705444,person,2.9991531372070312,-0.97076416015625
290,11.6,4,3.9879150390625,594.2491455078125,1262.33837890625,713.8253173828125,0.5300424098968506,car,0.23443603515625,-0.0731201171875
290,11.6,23,800.0831298828125,304.06304931640625,896.5362548828125,371.30877685546875,0.6625025868415833,car,0.09814453125,-0.04833984375
290,11.6,34,89.09407043457031,308.04901123046875,124.82273864746094,435.68267822265625,0.41993996500968933,person,1.895751953125,0.931793212890625
290,11.6,46,527.2869873046875,329.2158203125,601.05615234375,453.162109375,0.8368538618087769,person,0.46722412109375,-0.9580078125
290,11.6,47,514.51171875,329.722412109375,618.253173828125,458.33935546875,0.5943451523780823,person,1.0200358072916667,-0.24736735026041667
290,11.6,50,147.88046264648438,306.04254150390625,186.96792602539062,414.07135009765625,0.37713903188705444,person,2.9991531372070312,-0.97076416015625
291,11.64,4,3.458251953125,593.8002319335938,1262.674072265625,713.9771118164062,0.5476280450820923,car,-0.09698486328125,-0.1485595703125
291,11.64,23,800.3092651367188,303.9141845703125,897.2485961914062,371.4329833984375,0.6954150199890137,car,0.46923828125,-0.0123291015625
291,11.64,34,89.09407043457031,308.04901123046875,124.82273864746094,435.68267822265625,0.41993996500968933,person,1.895751953125,0.931793212890625
291,11.64,46,527.8670043945312,324.99176025390625,601.3739624023438,453.27203369140625,0.8377488851547241,person,0.44891357421875,-2.05706787109375
291,11.64,47,514.51171875,329.722412109375,618.253173828125,458.33935546875,0.5943451523780823,person,1.0200358072916667,-0.24736735026041667
291,11.64,50,147.88046264648438,306.04254150390625,186.96792602539062,414.07135009765625,0.37713903188705444,person,2.9991531372070312,-0.97076416015625
292,11.68,4,3.3408203125,593.8660888671875,1263.6934814453125,713.8905029296875,0.5117895007133484,car,0.45098876953125,-0.0103759765625
292,11.68,23,800.2552490234375,304.0005798339844,897.0977783203125,371.3511657714844,0.6876813173294067,car,-0.1024169921875,0.002288818359375
292,11.68,34,89.09407043457031,308.04901123046875,124.82273864746094,435.68267822265625,0.41993996500968933,person,1.895751953125,0.931793212890625
292,11.68,46,527.9112548828125,321.14794921875,601.3060302734375,453.346923828125,0.8337982296943665,person,-0.0118408203125,-1.88446044921875
292,11.68,47,514.51171875,329.722412109375,618.253173828125,458.33935546875,0.5943451523780823,person,1.0200358072916667,-0.24736735026041667
292,11.68,50,147.88046264648438,306.04254150390625,186.96792602539062,414.07135009765625,0.37713903188705444,person,2.9991531372070312,-0.97076416015625
293,11.72,4,3.79248046875,593.9305419921875,1262.874755859375,713.8336181640625,0.5140682458877563,car,-0.18353271484375,0.0037841796875
293,11.72,23,800.2498779296875,304.0172119140625,897.213623046875,371.5137939453125,0.6791492104530334,car,0.05523681640625,0.089630126953125
293,11.72,34,89.09407043457031,308.04901123046875,124.82273864746094,435.68267822265625,0.41993996500968933,person,1.895751953125,0.931793212890625
293,11.72,46,526.0576171875,316.4804992675781,601.497314453125,453.2265319824219,0.8261866569519043,person,-0.8311767578125,-2.3939208984375
293,11.72,47,514.51171875,329.722412109375,618.253173828125,458.33935546875,0.5943451523780823,person,1.0200358072916667,-0.24736735026041667
293,11.72,50,147.88046264648438,306.04254150390625,186.96792602539062,414.07135009765625,0.37713903188705444,person,2.9991531372070312,-0.97076416015625
294,11.76,4,4.1260986328125,593.4920654296875,1265.0184326171875,714.2344970703125,0.5475058555603027,car,1.2386474609375,-0.018798828125
294,11.76,23,800.315185546875,304.0439453125,897.2354736328125,371.64739990234375,0.6868007183074951,car,0.0435791015625,0.080169677734375
294,11.76,34,89.09407043457031,308.04901123046875,124.82273864746094,435.68267822265625,0.41993996500968933,person,1.895751953125,0.931793212890625
294,11.76,46,525.947265625,305.21600341796875,601.447998046875,452.92510986328125,0.8309271335601807,person,-0.079833984375,-5.782958984375
294,11.76,47,514.51171875,329.722412109375,618.253173828125,458.33935546875,0.5943451523780823,person,1.0200358072916667,-0.24736735026041667
294,11.76,50,147.88046264648438,306.04254150390625,186.96792602539062,414.07135009765625,0.37713903188705444,person,2.9991531372070312,-0.97076416015625
295,11.8,4,4.603271484375,593.6866455078125,1264.423583984375,714.2205810546875,0.5611283779144287,car,-0.058837890625,0.09033203125
295,11.8,23,800.274169921875,304.1241455078125,897.9609375,371.64019775390625,0.6802571415901184,car,0.34222412109375,0.0364990234375
295,11.8,34,89.09407043457031,308.04901123046875,124.82273864746094,435.68267822265625,0.41993996500968933,person,1.895751953125,0.931793212890625
295,11.8,46,525.767822265625,302.87738037109375,598.1187744140625,453.51092529296875,0.8375674486160278,person,-1.75433349609375,-0.87640380859375
295,11.8,47,514.51171875,329.722412109375,618.253173828125,458.33935546875,0.5943451523780823,person,1.0200358072916667,-0.24736735026041667
295,11.8,50,147.88046264648438,306.04254150390625,186.96792602539062,414.07135009765625,0.37713903188705444,person,2.9991531372070312,-0.97076416015625
296,11.84,4,4.244140625,593.3585205078125,1266.085693359375,714.2576904296875,0.5474690198898315,car,0.6514892578125,-0.1455078125
296,11.84,23,800.1665649414062,304.128173828125,897.4841918945312,371.67645263671875,0.6826208829879761,car,-0.29217529296875,0.0201416015625
296,11.84,34,89.09407043457031,308.04901123046875,124.82273864746094,435.68267822265625,0.41993996500968933,person,1.895751953125,0.931793212890625
296,11.84,46,525.0685424804688,301.1652526855469,593.4354858398438,453.9922180175781,0.8339343070983887,person,-2.6912841796875,-0.61541748046875
296,11.84,47,514.51171875,329.722412109375,618.253173828125,458.33935546875,0.5943451523780823,person,1.0200358072916667,-0.24736735026041667
296,11.84,50,147.88046264648438,306.04254150390625,186.96792602539062,414.07135009765625,0.37713903188705444,person,2.9991531372070312,-0.97076416015625
297,11.88,4,4.43408203125,593.0413818359375,1266.225830078125,714.2403564453125,0.5378066897392273,car,0.1650390625,-0.167236328125
297,11.88,23,800.1154174804688,304.14520263671875,897.4277954101562,371.54449462890625,0.6833236217498779,car,-0.05377197265625,-0.057464599609375
297,11.88,34,89.09407043457031,308.04901123046875,124.82273864746094,435.68267822265625,0.41993996500968933,person,1.895751953125,0.931793212890625
297,11.88,46,524.3660278320312,302.29571533203125,589.9634399414062,452.21148681640625,0.8285247683525085,person,-2.0872802734375,-0.32513427734375
297,11.88,47,514.51171875,329.722412109375,618.253173828125,458.33935546875,0.5943451523780823,person,1.0200358072916667,-0.24736735026041667
297,11.88,50,147.88046264648438,306.04254150390625,186.96792602539062,414.07135009765625,0.37713903188705444,person,2.9991531372070312,-0.97076416015625
298,11.92,4,4.4990234375,593.033203125,1266.47607421875,714.4942626953125,0.5826654434204102,car,0.1575927734375,0.12286376953125
298,11.92,23,800.0804443359375,304.05865478515625,897.4676513671875,371.51861572265625,0.691750168800354,car,0.00244140625,-0.05621337890625
298,11.92,34,89.09407043457031,308.04901123046875,124.82273864746094,435.68267822265625,0.41993996500968933,person,1.895751953125,0.931793212890625
298,11.92,46,524.4797973632812,302.45513916015625,586.4271850585938,451.91302490234375,0.8319560885429382,person,-1.71124267578125,-0.06951904296875
298,11.92,47,514.51171875,329.722412109375,618.253173828125,458.33935546875,0.5943451523780823,person,1.0200358072916667,-0.24736735026041667
298,11.92,50,147.88046264648438,306.04254150390625,186.96792602539062,414.07135009765625,0.37713903188705444,person,2.9991531372070312,-0.97076416015625
299,11.96,4,4.386474609375,593.23291015625,1266.4990234375,714.60546875,0.5923872590065002,car,-0.0447998046875,0.15545654296875
299,11.96,23,800.17431640625,303.9363708496094,897.322998046875,371.5232238769531,0.6971245408058167,car,-0.025390625,-0.058837890625
299,11.96,34,89.09407043457031,308.04901123046875,124.82273864746094,435.68267822265625,0.41993996500968933,person,1.895751953125,0.931793212890625
299,11.96,46,524.1986083984375,301.92706298828125,585.291015625,453.07574462890625,0.8326152563095093,person,-0.70867919921875,0.31732177734375
299,11.96,47,514.51171875,329.722412109375,618.253173828125,458.33935546875,0.5943451523780823,person,1.0200358072916667,-0.24736735026041667
299,11.96,50,147.88046264648438,306.04254150390625,186.96792602539062,414.07135009765625,0.37713903188705444,person,2.9991531372070312,-0.97076416015625
300,12.0,4,3.760009765625,593.138916015625,1266.4598388671875,714.61865234375,0.594233512878418,car,-0.33282470703125,-0.0404052734375
300,12.0,23,800.235107421875,303.99468994140625,896.785400390625,371.55230712890625,0.6978446841239929,car,-0.2384033203125,0.043701171875
300,12.0,34,89.09407043457031,308.04901123046875,124.82273864746094,435.68267822265625,0.41993996500968933,person,1.895751953125,0.931793212890625
300,12.0,46,524.5679931640625,301.33905029296875,584.6878662109375,452.70880126953125,0.8294982314109802,person,-0.11688232421875,-0.47747802734375
300,12.0,47,514.51171875,329.722412109375,618.253173828125,458.33935546875,0.5943451523780823,person,1.0200358072916667,-0.24736735026041667
300,12.0,50,147.88046264648438,306.04254150390625,186.96792602539062,414.07135009765625,0.37713903188705444,person,2.9991531372070312,-0.97076416015625
301,12.04,4,3.6546630859375,593.0262451171875,1266.7640380859375,714.5299072265625,0.5874902009963989,car,0.09942626953125,-0.1007080078125
301,12.04,23,800.3587646484375,304.16412353515625,896.7593994140625,371.54339599609375,0.6932798027992249,car,0.048828125,0.08026123046875
301,12.04,34,89.09407043457031,308.04901123046875,124.82273864746094,435.68267822265625,0.41993996500968933,person,1.895751953125,0.931793212890625
301,12.04,46,526.557861328125,300.82659912109375,584.735595703125,450.98779296875,0.8472057580947876,person,1.018798828125,-1.116729736328125
301,12.04,47,514.51171875,329.722412109375,618.253173828125,458.33935546875,0.5943451523780823,person,1.0200358072916667,-0.24736735026041667
301,12.04,50,147.88046264648438,306.04254150390625,186.96792602539062,414.07135009765625,0.37713903188705444,person,2.9991531372070312,-0.97076416015625
302,12.08,4,3.381591796875,592.8251953125,1267.099853515625,714.467041015625,0.5874453783035278,car,0.0313720703125,-0.1319580078125
302,12.08,23,800.35498046875,304.1249694824219,896.62109375,371.5625915527344,0.7060235738754272,car,-0.071044921875,-0.009979248046875
302,12.08,34,89.09407043457031,308.04901123046875,124.82273864746094,435.68267822265625,0.41993996500968933,person,1.895751953125,0.931793212890625
302,12.08,46,527.8521728515625,300.0701904296875,584.0740966796875,448.78271484375,0.8564326763153076,person,0.31640625,-1.480743408203125
302,12.08,47,514.51171875,329.722412109375,618.253173828125,458.33935546875,0.5943451523780823,person,1.0200358072916667,-0.24736735026041667
302,12.08,50,147.88046264648438,306.04254150390625,186.96792602539062,414.07135009765625,0.37713903188705444,person,2.9991531372070312,-0.97076416015625
303,12.12,4,3.41943359375,593.319091796875,1268.936767578125,714.591552734375,0.5850719809532166,car,0.9373779296875,0.3092041015625
303,12.12,23,800.3797607421875,303.9754333496094,896.7056884765625,371.6083068847656,0.7103424668312073,car,0.0546875,-0.051910400390625
303,12.12,34,89.09407043457031,308.04901123046875,124.82273864746094,435.68267822265625,0.41993996500968933,person,1.895751953125,0.931793212890625
303,12.12,46,528.7715454101562,300.8702392578125,583.3991088867188,449.944091796875,0.8322381973266602,person,0.1221923828125,0.980712890625
303,12.12,47,514.51171875,329.722412109375,618.253173828125,458.33935546875,0.5943451523780823,person,1.0200358072916667,-0.24736735026041667
303,12.12,50,147.88046264648438,306.04254150390625,186.96792602539062,414.07135009765625,0.37713903188705444,person,2.9991531372070312,-0.97076416015625
304,12.16,4,3.347412109375,593.212158203125,1268.77294921875,714.78857421875,0.5667223930358887,car,-0.117919921875,0.0450439453125
304,12.16,23,800.3532104492188,304.00946044921875,896.8178100585938,371.5667724609375,0.7043274641036987,car,0.04278564453125,-0.003753662109375
304,12.16,34,89.09407043457031,308.04901123046875,124.82273864746094,435.68267822265625,0.41993996500968933,person,1.895751953125,0.931793212890625
304,12.16,46,529.176025390625,302.3735046386719,582.77197265625,452.9215393066406,0.8165415525436401,person,-0.111328125,2.2403564453125
304,12.16,47,514.51171875,329.722412109375,618.253173828125,458.33935546875,0.5943451523780823,person,1.0200358072916667,-0.24736735026041667
304,12.16,50,147.88046264648438,306.04254150390625,186.96792602539062,414.07135009765625,0.37713903188705444,person,2.9991531372070312,-0.97076416015625
305,12.2,4,3.5106201171875,593.6679077148438,1268.5238037109375,714.6611938476562,0.546438455581665,car,-0.04296875,0.1641845703125
305,12.2,23,800.1461181640625,304.181884765625,896.723388671875,371.48992919921875,0.6962065696716309,car,-0.1507568359375,0.04779052734375
305,12.2,34,89.09407043457031,308.04901123046875,124.82273864746094,435.68267822265625,0.41993996500968933,person,1.895751953125,0.931793212890625
305,12.2,46,529.5686645507812,302.18218994140625,582.5894165039062,453.36138916015625,0.8229665756225586,person,0.10504150390625,0.124267578125
305,12.2,47,514.51171875,329.722412109375,618.253173828125,458.33935546875,0.5943451523780823,person,1.0200358072916667,-0.24736735026041667
305,12.2,50,147.88046264648438,306.04254150390625,186.96792602539062,414.07135009765625,0.37713903188705444,person,2.9991531372070312,-0.97076416015625
306,12.24,4,3.816162109375,593.08984375,1267.58984375,714.755615234375,0.5646403431892395,car,-0.314208984375,-0.2418212890625
306,12.24,23,800.21923828125,304.297119140625,896.352294921875,371.4208984375,0.6900593638420105,car,-0.14898681640625,0.023101806640625
306,12.24,34,89.09407043457031,308.04901123046875,124.82273864746094,435.68267822265625,0.41993996500968933,person,1.895751953125,0.931793212890625
306,12.24,46,529.3756713867188,302.54827880859375,582.1643676757812,453.67633056640625,0.8133479952812195,person,-0.30902099609375,0.34051513671875
306,12.24,47,514.51171875,329.722412109375,618.253173828125,458.33935546875,0.5943451523780823,person,1.0200358072916667,-0.24736735026041667
306,12.24,50,147.88046264648438,306.04254150390625,186.96792602539062,414.07135009765625,0.37713903188705444,person,2.9991531372070312,-0.97076416015625
307,12.28,4,3.7664794921875,593.32861328125,1268.0970458984375,714.659912109375,0.5314437747001648,car,0.228759765625,0.071533203125
307,12.28,23,800.4695434570312,304.09283447265625,896.3617553710938,371.33953857421875,0.6847073435783386,car,0.1298828125,-0.142822265625
307,12.28,34,89.09407043457031,308.04901123046875,124.82273864746094,435.68267822265625,0.41993996500968933,person,1.895751953125,0.931793212890625
307,12.28,46,528.34326171875,315.70306396484375,581.801513671875,452.7755126953125,0.758356511592865,person,-0.6976318359375,6.126983642578125
307,12.28,47,514.51171875,329.722412109375,618.253173828125,458.33935546875,0.5943451523780823,person,1.0200358072916667,-0.24736735026041667
307,12.28,50,147.88046264648438,306.04254150390625,186.96792602539062,414.07135009765625,0.37713903188705444,person,2.9991531372070312,-0.97076416015625
308,12.32,4,3.953125,593.4444580078125,1266.884521484375,714.54296875,0.5476476550102234,car,-0.512939453125,-0.00054931640625
308,12.32,23,800.5411987304688,304.0876770019531,896.3152465820312,371.2778625488281,0.6893970370292664,car,0.0125732421875,-0.033416748046875
308,12.32,46,526.989013671875,320.538818359375,581.2880859375,450.904052734375,0.7813412547111511,person,-0.933837890625,1.482147216796875
308,12.32,47,514.51171875,329.722412109375,618.253173828125,458.33935546875,0.5943451523780823,person,1.0200358072916667,-0.24736735026041667
308,12.32,50,147.88046264648438,306.04254150390625,186.96792602539062,414.07135009765625,0.37713903188705444,person,2.9991531372070312,-0.97076416015625
309,12.36,4,3.8604736328125,593.498779296875,1266.7498779296875,714.64111328125,0.5559216737747192,car,-0.1136474609375,0.07623291015625
309,12.36,23,800.6400756835938,303.8282470703125,896.3822631835938,371.118408203125,0.6742222905158997,car,0.08294677734375,-0.209442138671875
309,12.36,46,527.3443603515625,323.57196044921875,580.5189208984375,450.72894287109375,0.7859145998954773,person,-0.2069091796875,1.42901611328125
309,12.36,47,514.51171875,329.722412109375,618.253173828125,458.33935546875,0.5943451523780823,person,1.0200358072916667,-0.24736735026041667
309,12.36,50,147.88046264648438,306.04254150390625,186.96792602539062,414.07135009765625,0.37713903188705444,person,2.9991531372070312,-0.97076416015625
310,12.4,4,3.96240234375,593.6370239257812,1266.904296875,714.4799194335938,0.5322427749633789,car,0.128173828125,-0.011474609375
310,12.4,23,800.496826171875,303.9106140136719,896.50927734375,371.1684265136719,0.6778973340988159,car,-0.00811767578125,0.066192626953125
310,12.4,46,526.90576171875,323.01251220703125,579.704833984375,449.48895263671875,0.7883623838424683,person,-0.6263427734375,-0.89971923828125
310,12.4,47,514.51171875,329.722412109375,618.253173828125,458.33935546875,0.5943451523780823,person,1.0200358072916667,-0.24736735026041667
310,12.4,50,147.88046264648438,306.04254150390625,186.96792602539062,414.07135009765625,0.37713903188705444,person,2.9991531372070312,-0.97076416015625
311,12.44,4,3.6458740234375,593.7932739257812,1266.2567138671875,714.4108276367188,0.5368524193763733,car,-0.4820556640625,0.0435791015625
311,12.44,23,800.5065307617188,303.77947998046875,896.3908081054688,371.12493896484375,0.6736369132995605,car,-0.05438232421875,-0.087310791015625
311,12.44,46,526.294921875,324.46002197265625,579.9432373046875,448.94512939453125,0.7731974720954895,person,-0.18621826171875,0.45184326171875
311,12.44,47,514.51171875,329.722412109375,618.253173828125,458.33935546875,0.5943451523780823,person,1.0200358072916667,-0.24736735026041667
311,12.44,50,147.88046264648438,306.04254150390625,186.96792602539062,414.07135009765625,0.37713903188705444,person,2.9991531372070312,-0.97076416015625
312,12.48,4,3.819580078125,593.5379638671875,1266.80224609375,714.3873291015625,0.538223385810852,car,0.359619140625,-0.139404296875
312,12.48,23,800.3524169921875,303.6563720703125,896.7340087890625,371.0643310546875,0.6603851318359375,car,0.09454345703125,-0.09185791015625
312,12.48,46,525.738037109375,324.68548583984375,579.6141357421875,447.55645751953125,0.745530903339386,person,-0.4429931640625,-0.58160400390625
312,12.48,50,147.88046264648438,306.04254150390625,186.96792602539062,414.07135009765625,0.37713903188705444,person,2.9991531372070312,-0.97076416015625
313,12.52,4,3.542236328125,593.4658203125,1267.430419921875,714.3231201171875,0.5428164005279541,car,0.1754150390625,-0.06817626953125
313,12.52,23,800.342041015625,303.760986328125,896.829345703125,370.9864501953125,0.6515220999717712,car,0.04248046875,0.01336669921875
313,12.52,46,525.4251708984375,326.0559997558594,579.3411865234375,446.6225891113281,0.7314020395278931,person,-0.29290771484375,0.21832275390625
313,12.52,50,147.88046264648438,306.04254150390625,186.96792602539062,414.07135009765625,0.37713903188705444,person,2.9991531372070312,-0.97076416015625
314,12.56,4,3.430419921875,592.853759765625,1267.489501953125,714.333984375,0.5325891971588135,car,-0.0263671875,-0.30059814453125
314,12.56,23,800.48388671875,303.66790771484375,896.692138671875,371.05157470703125,0.6668659448623657,car,0.0023193359375,-0.01397705078125
314,12.56,46,523.134765625,326.2689208984375,578.77587890625,447.41131591796875,0.7243409752845764,person,-1.4278564453125,0.500823974609375
314,12.56,50,147.88046264648438,306.04254150390625,186.96792602539062,414.07135009765625,0.37713903188705444,person,2.9991531372070312,-0.97076416015625
315,12.6,4,3.391845703125,592.72998046875,1266.335693359375,714.07666015625,0.5354378819465637,car,-0.59619140625,-0.1905517578125
315,12.6,23,800.4403076171875,303.62384033203125,896.6190185546875,371.23187255859375,0.671031653881073,car,-0.058349609375,0.068115234375
315,12.6,46,520.6672973632812,327.14727783203125,578.4877319335938,448.52679443359375,0.7275533676147461,person,-1.3778076171875,0.996917724609375
315,12.6,50,147.88046264648438,306.04254150390625,186.96792602539062,414.07135009765625,0.37713903188705444,person,2.9991531372070312,-0.97076416015625
315,12.6,51,186.94668579101562,309.40521240234375,222.89712524414062,407.70098876953125,0.3102298974990845,person,0.0,0.0
316,12.64,4,3.482421875,592.7255249023438,1267.016845703125,713.8391723632812,0.5338873267173767,car,0.3858642578125,-0.1209716796875
316,12.64,23,800.5313720703125,303.7223205566406,896.8551025390625,371.3681945800781,0.6699219942092896,car,0.16357421875,0.117401123046875
316,12.64,46,519.042724609375,329.673583984375,577.337646484375,449.5986328125,0.7352918386459351,person,-1.3873291015625,1.799072265625
316,12.64,50,147.88046264648438,306.04254150390625,186.96792602539062,414.07135009765625,0.37713903188705444,person,2.9991531372070312,-0.97076416015625
317,12.68,4,3.653076171875,592.6570434570312,1266.84814453125,714.0436401367188,0.5426580905914307,car,0.0009765625,0.0679931640625
317,12.68,23,800.487548828125,303.8394470214844,896.6796875,371.5077209472656,0.6783410310745239,car,-0.109619140625,0.128326416015625
317,12.68,46,519.983154296875,330.49249267578125,576.6513671875,449.42205810546875,0.7475628852844238,person,0.1270751953125,0.3211669921875
317,12.68,50,147.88046264648438,306.04254150390625,186.96792602539062,414.07135009765625,0.37713903188705444,person,2.9991531372070312,-0.97076416015625
318,12.72,4,3.9111328125,592.8945922851562,1265.839599609375,714.0449829101562,0.5590975284576416,car,-0.375244140625,0.11944580078125
318,12.72,23,800.4779052734375,303.764404296875,896.7862548828125,371.505126953125,0.6992784738540649,car,0.0484619140625,-0.038818359375
318,12.72,46,519.7930908203125,330.44580078125,575.4317626953125,449.0238037109375,0.7564146518707275,person,-0.704833984375,-0.22247314453125
318,12.72,50,147.88046264648438,306.04254150390625,186.96792602539062,414.07135009765625,0.37713903188705444,person,2.9991531372070312,-0.97076416015625
319,12.76,4,3.919921875,593.0029296875,1266.543212890625,714.00830078125,0.5568662881851196,car,0.356201171875,0.03582763671875
319,12.76,23,800.4525756835938,303.9493408203125,896.8076782226562,371.63623046875,0.6998423337936401,car,-0.001953125,0.15802001953125
319,12.76,46,518.2097778320312,330.173828125,572.4515991210938,447.8272705078125,0.7841352224349976,person,-2.28173828125,-0.7342529296875
319,12.76,50,147.88046264648438,306.04254150390625,186.96792602539062,414.07135009765625,0.37713903188705444,person,2.9991531372070312,-0.97076416015625
320,12.8,4,3.77783203125,593.0729370117188,1267.343017578125,714.0751342773438,0.5600903034210205,car,0.328857421875,0.06842041015625
320,12.8,23,800.4127197265625,303.7520751953125,896.9398193359375,371.68115234375,0.7140427231788635,car,0.046142578125,-0.076171875
320,12.8,46,517.3792724609375,330.1690673828125,570.361328125,447.0494384765625,0.7702014446258545,person,-1.46038818359375,-0.39129638671875
320,12.8,50,147.88046264648438,306.04254150390625,186.96792602539062,414.07135009765625,0.37713903188705444,person,2.9991531372070312,-0.97076416015625
321,12.84,4,3.953125,592.9617919921875,1266.831298828125,714.3577880859375,0.5933240056037903,car,-0.168212890625,0.08575439453125
321,12.84,23,800.2218017578125,303.85028076171875,897.7181396484375,371.74627685546875,0.7063009738922119,car,0.293701171875,0.0816650390625
321,12.84,46,516.0348510742188,330.19451904296875,568.6801147460938,447.06866455078125,0.7629197239875793,person,-1.5128173828125,0.0223388671875
321,12.84,50,147.88046264648438,306.04254150390625,186.96792602539062,414.07135009765625,0.37713903188705444,person,2.9991531372070312,-0.97076416015625
322,12.88,4,4.0513916015625,593.25,1266.8677978515625,714.39599609375,0.5857251286506653,car,0.0673828125,0.1632080078125
322,12.88,23,800.0842895507812,303.595947265625,897.6463012695312,371.6300048828125,0.7030917406082153,car,-0.10467529296875,-0.185302734375
322,12.88,46,514.810546875,329.6781921386719,567.3543701171875,446.8287658691406,0.7303553223609924,person,-1.2750244140625,-0.37811279296875
322,12.88,50,147.88046264648438,306.04254150390625,186.96792602539062,414.07135009765625,0.37713903188705444,person,2.9991531372070312,-0.97076416015625
323,12.92,4,3.4302978515625,593.6082153320312,1267.6134033203125,714.3300170898438,0.5889325737953186,car,0.062255859375,0.1461181640625
323,12.92,23,800.0645751953125,303.7549133300781,897.7908935546875,371.7463073730469,0.7004990577697754,car,0.06243896484375,0.13763427734375
323,12.92,46,513.5496826171875,327.99249267578125,565.723876953125,446.59796142578125,0.7268825173377991,person,-1.4456787109375,-0.958251953125
323,12.92,50,147.88046264648438,306.04254150390625,186.96792602539062,414.07135009765625,0.37713903188705444,person,2.9991531372070312,-0.97076416015625
324,12.96,4,2.907470703125,594.1038818359375,1266.998046875,713.9835205078125,0.5395172834396362,car,-0.569091796875,0.0745849609375
324,12.96,23,800.1151123046875,304.22314453125,897.8316650390625,371.75262451171875,0.6870912909507751,car,0.045654296875,0.237274169921875
324,12.96,46,513.0496826171875,328.6186828613281,568.0440673828125,446.4156188964844,0.7511515617370605,person,0.91009521484375,0.221923828125
324,12.96,50,147.88046264648438,306.04254150390625,186.96792602539062,414.07135009765625,0.37713903188705444,person,2.9991531372070312,-0.97076416015625
325,13.0,4,2.992431640625,593.9659423828125,1266.993896484375,713.7969970703125,0.5141842365264893,car,0.0404052734375,-0.1622314453125
325,13.0,23,800.1318359375,304.3067626953125,897.7373046875,371.8199462890625,0.6860701441764832,car,-0.038818359375,0.075469970703125
325,13.0,46,512.3427734375,325.95416259765625,570.048095703125,446.53424072265625,0.7762942314147949,person,0.6485595703125,-1.27294921875
325,13.0,50,147.88046264648438,306.04254150390625,186.96792602539062,414.07135009765625,0.37713903188705444,person,2.9991531372070312,-0.97076416015625
326,13.04,4,3.3193359375,593.576171875,1268.339111328125,713.9443359375,0.5412037968635559,car,0.8360595703125,-0.1212158203125
326,13.04,23,799.9494018554688,303.58087158203125,897.4810180664062,371.998779296875,0.7133358120918274,car,-0.2193603515625,-0.273529052734375
326,13.04,46,511.21630859375,325.8515625,570.5533447265625,446.317138671875,0.7664581537246704,person,-0.31060791015625,-0.15985107421875
326,13.04,50,147.88046264648438,306.04254150390625,186.96792602539062,414.07135009765625,0.37713903188705444,person,2.9991531372070312,-0.97076416015625
327,13.08,4,3.3751220703125,592.822265625,1267.30517578125,713.9163818359375,0.5473438501358032,car,-0.48907470703125,-0.39093017578125
327,13.08,23,799.78662109375,303.46832275390625,897.367919921875,371.74053955078125,0.7065114974975586,car,-0.137939453125,-0.185394287109375
327,13.08,46,509.50482177734375,324.50830078125,570.8530883789062,444.7667236328125,0.7641618251800537,person,-0.70587158203125,-1.44683837890625
327,13.08,50,147.88046264648438,306.04254150390625,186.96792602539062,414.07135009765625,0.37713903188705444,person,2.9991531372070312,-0.97076416015625
328,13.12,4,3.0301513671875,593.1217651367188,1267.475341796875,713.8826293945312,0.5364046692848206,car,-0.08740234375,0.13287353515625
328,13.12,23,799.7843017578125,303.36541748046875,897.7056884765625,371.56951904296875,0.7011356353759766,car,0.167724609375,-0.136962890625
328,13.12,46,507.3336181640625,324.36334228515625,572.7900390625,444.26300048828125,0.7708420753479004,person,-0.11712646484375,-0.3243408203125
328,13.12,50,147.88046264648438,306.04254150390625,186.96792602539062,414.07135009765625,0.37713903188705444,person,2.9991531372070312,-0.97076416015625
329,13.16,4,2.8846435546875,593.28662109375,1266.396728515625,713.9271240234375,0.5305253267288208,car,-0.612060546875,0.10467529296875
329,13.16,23,800.0860595703125,303.3765869140625,898.0504150390625,371.4290771484375,0.6916903853416443,car,0.3232421875,-0.06463623046875
329,13.16,46,504.7734069824219,322.2352294921875,573.9892578125,445.347412109375,0.7518653273582458,person,-0.6804962158203125,-0.5218505859375
329,13.16,50,147.88046264648438,306.04254150390625,186.96792602539062,414.07135009765625,0.37713903188705444,person,2.9991531372070312,-0.97076416015625
330,13.2,4,2.7095947265625,593.5418090820312,1266.4840087890625,713.9096069335938,0.5226114392280579,car,-0.04388427734375,0.11883544921875
330,13.2,23,800.0084228515625,303.41412353515625,897.660888671875,371.45941162109375,0.6799663305282593,car,-0.23358154296875,0.033935546875
330,13.2,46,503.56005859375,319.8736572265625,572.6903076171875,443.934814453125,0.7400482892990112,person,-1.2561492919921875,-1.8870849609375
330,13.2,50,147.88046264648438,306.04254150390625,186.96792602539062,414.07135009765625,0.37713903188705444,person,2.9991531372070312,-0.97076416015625
331,13.24,4,3.12255859375,593.5650634765625,1265.878662109375,714.1165771484375,0.5161041617393494,car,-0.09619140625,0.1151123046875
331,13.24,23,799.993896484375,303.3145751953125,897.6024169921875,371.348876953125,0.667975127696991,car,-0.0364990234375,-0.10504150390625
331,13.24,46,503.43267822265625,317.48974609375,568.7304077148438,441.9188232421875,0.745519757270813,person,-2.04364013671875,-2.199951171875
331,13.24,50,147.88046264648438,306.04254150390625,186.96792602539062,414.07135009765625,0.37713903188705444,person,2.9991531372070312,-0.97076416015625
332,13.28,4,2.83251953125,593.4576416015625,1265.9456787109375,713.9898681640625,0.48319804668426514,car,-0.11151123046875,-0.1170654296875
332,13.28,23,800.0761108398438,303.20355224609375,896.5813598632812,371.40545654296875,0.6749265789985657,car,-0.46942138671875,-0.0272216796875
332,13.28,46,502.72430419921875,310.85504150390625,564.4258422851562,441.42779541015625,0.731401264667511,person,-2.5064697265625,-3.5628662109375
332,13.28,50,147.88046264648438,306.04254150390625,186.96792602539062,414.07135009765625,0.37713903188705444,person,2.9991531372070312,-0.97076416015625
333,13.32,4,3.1544189453125,593.6334228515625,1266.846435546875,714.0137939453125,0.5320789813995361,car,0.611328125,0.099853515625
333,13.32,23,800.117431640625,303.21966552734375,897.443359375,371.47235107421875,0.690345048904419,car,0.45166015625,0.04150390625
333,13.32,46,501.8376159667969,308.03778076171875,561.85302734375,441.70440673828125,0.750883936882019,person,-1.7297515869140625,-1.27032470703125
333,13.32,50,147.88046264648438,306.04254150390625,186.96792602539062,414.07135009765625,0.37713903188705444,person,2.9991531372070312,-0.97076416015625
334,13.36,4,2.97802734375,593.6117553710938,1266.6845703125,713.8978881835938,0.5223387479782104,car,-0.16912841796875,-0.06878662109375
334,13.36,23,800.3007202148438,303.2165832519531,897.4962768554688,371.5897521972656,0.6992729306221008,car,0.11810302734375,0.057159423828125
334,13.36,46,501.34674072265625,309.0054016113281,554.4711303710938,442.3724060058594,0.762539267539978,person,-3.9363861083984375,0.81781005859375
334,13.36,50,147.88046264648438,306.04254150390625,186.96792602539062,414.07135009765625,0.37713903188705444,person,2.9991531372070312,-0.97076416015625
335,13.4,4,3.163330078125,593.7623291015625,1267.75146484375,714.0045166015625,0.5524975061416626,car,0.6260986328125,0.12860107421875
335,13.4,23,800.0458984375,303.243896484375,897.6923828125,371.814208984375,0.7065895199775696,car,-0.02935791015625,0.125885009765625
335,13.4,46,501.1796875,307.8604736328125,552.260009765625,442.5401611328125,0.8013032078742981,person,-1.1890869140625,-0.48858642578125
335,13.4,50,147.88046264648438,306.04254150390625,186.96792602539062,414.07135009765625,0.37713903188705444,person,2.9991531372070312,-0.97076416015625
336,13.44,4,2.7144775390625,594.004638671875,1266.5130615234375,713.948486328125,0.521953284740448,car,-0.8436279296875,0.0931396484375
336,13.44,23,800.09130859375,303.33428955078125,897.654052734375,371.78936767578125,0.6836203336715698,car,0.0035400390625,0.03277587890625
336,13.44,46,500.8375244140625,307.6791687011719,552.044677734375,442.8460998535156,0.7888208627700806,person,-0.27874755859375,0.06231689453125
336,13.44,50,147.88046264648438,306.04254150390625,186.96792602539062,414.07135009765625,0.37713903188705444,person,2.9991531372070312,-0.97076416015625
337,13.48,4,2.692138671875,593.132080078125,1267.0537109375,714.087646484375,0.532173216342926,car,0.2591552734375,-0.36669921875
337,13.48,23,799.804931640625,303.4593505859375,897.4638671875,371.8350830078125,0.6699796915054321,car,-0.23828125,0.08538818359375
337,13.48,46,500.4468994140625,307.7538757324219,551.628662109375,443.8547058105469,0.763664186000824,person,-0.4033203125,0.541656494140625
337,13.48,50,147.88046264648438,306.04254150390625,186.96792602539062,414.07135009765625,0.37713903188705444,person,2.9991531372070312,-0.97076416015625
338,13.52,4,2.67041015625,592.8381958007812,1267.606689453125,714.1598510742188,0.5576700568199158,car,0.265625,-0.11083984375
338,13.52,23,799.696044921875,303.39910888671875,897.4759521484375,372.01556396484375,0.7133609652519226,car,-0.04840087890625,0.06011962890625
338,13.52,46,500.89605712890625,308.6785888671875,550.6119995117188,443.1519775390625,0.7850134968757629,person,-0.28375244140625,0.110992431640625
338,13.52,50,147.88046264648438,306.04254150390625,186.96792602539062,414.07135009765625,0.37713903188705444,person,2.9991531372070312,-0.97076416015625
339,13.56,4,2.7958984375,592.7174072265625,1267.6826171875,713.9281005859375,0.5454822182655334,car,0.1007080078125,-0.17626953125
339,13.56,23,799.488525390625,303.3858642578125,897.676513671875,371.9298095703125,0.7236216068267822,car,-0.00347900390625,-0.04949951171875
339,13.56,46,500.5432434082031,308.9483642578125,551.51220703125,442.4952392578125,0.7800417542457581,person,0.2736968994140625,-0.1934814453125
339,13.56,50,147.88046264648438,306.04254150390625,186.96792602539062,414.07135009765625,0.37713903188705444,person,2.9991531372070312,-0.97076416015625
340,13.6,4,3.214111328125,593.23095703125,1267.548583984375,713.92724609375,0.5468617677688599,car,0.14208984375,0.25634765625
340,13.6,23,799.2015380859375,303.3895568847656,897.699951171875,371.8585510253906,0.719606339931488,car,-0.13177490234375,-0.033782958984375
340,13.6,46,500.66961669921875,311.4730224609375,551.5137329101562,441.95947265625,0.7974889874458313,person,0.0639495849609375,0.99444580078125
341,13.64,4,2.9290771484375,593.3983154296875,1267.0465087890625,713.9317626953125,0.5224191546440125,car,-0.3935546875,0.0859375
341,13.64,23,799.22998046875,303.3875427246094,897.608154296875,371.7781677246094,0.6918678283691406,car,-0.03167724609375,-0.04119873046875
341,13.64,46,500.84393310546875,310.99163818359375,551.5568237304688,441.3800048828125,0.7886120676994324,person,0.10870361328125,-0.530426025390625
342,13.68,4,2.4527587890625,593.640625,1266.144287109375,713.6876220703125,0.48271963000297546,car,-0.68927001953125,-0.00091552734375
342,13.68,23,799.4276123046875,303.4261474609375,898.0155029296875,371.6951904296875,0.6615414619445801,car,0.302490234375,-0.022186279296875
342,13.68,46,500.5289306640625,310.43511962890625,552.6455078125,441.40240478515625,0.7775733470916748,person,0.3868408203125,-0.267059326171875
343,13.72,4,2.748291015625,593.9039306640625,1265.131103515625,713.5882568359375,0.47584980726242065,car,-0.35882568359375,0.08197021484375
343,13.72,23,799.2603759765625,303.46728515625,898.1898193359375,371.8055419921875,0.6820489764213562,car,0.0035400390625,0.07574462890625
343,13.72,46,500.22991943359375,307.88909912109375,553.8656616210938,440.96142578125,0.7520179152488708,person,0.4605712890625,-1.493499755859375
344,13.76,4,2.850830078125,593.781982421875,1264.894775390625,713.7562255859375,0.4992341697216034,car,-0.06689453125,0.02301025390625
344,13.76,23,799.2440185546875,303.5431213378906,898.0577392578125,371.8666076660156,0.701607346534729,car,-0.07421875,0.068450927734375
344,13.76,46,500.10009765625,307.476318359375,554.8193359375,440.76171875,0.7283259630203247,person,0.41192626953125,-0.306243896484375
345,13.8,4,2.962890625,592.5599365234375,1265.9013671875,713.6097412109375,0.5136067867279053,car,0.559326171875,-0.68426513671875
345,13.8,23,799.492919921875,303.7105712890625,898.15234375,371.97802734375,0.6898127794265747,car,0.1717529296875,0.139434814453125
345,13.8,46,500.354248046875,306.03253173828125,555.4959716796875,440.47760009765625,0.7522408366203308,person,0.46539306640625,-0.86395263671875
346,13.84,4,3.2835693359375,592.2769775390625,1265.5035400390625,713.5477294921875,0.5178571343421936,car,-0.03857421875,-0.1724853515625
346,13.84,23,799.6534423828125,303.8045654296875,897.9637451171875,372.008544921875,0.6979663968086243,car,-0.0140380859375,0.062255859375
346,13.84,46,500.4471435546875,305.93878173828125,556.6639404296875,440.03985595703125,0.7628139853477478,person,0.63043212890625,-0.2657470703125
347,13.88,4,3.8128662109375,592.56640625,1265.5802001953125,713.7275390625,0.5380254983901978,car,0.302978515625,0.234619140625
347,13.88,23,800.0828247070312,303.74383544921875,897.9490356445312,372.07098388671875,0.6941632032394409,car,0.20733642578125,0.0008544921875
347,13.88,46,499.983154296875,305.3052978515625,556.491455078125,440.45355224609375,0.7651186585426331,person,-0.3182373046875,-0.109893798828125
348,13.92,4,3.417236328125,592.3521728515625,1266.035888671875,713.6273193359375,0.5165780782699585,car,0.030029296875,-0.1572265625
348,13.92,23,800.3126220703125,303.7139892578125,897.7801513671875,372.15679931640625,0.7176405191421509,car,0.03045654296875,0.027984619140625
348,13.92,46,498.97149658203125,303.924560546875,555.6139526367188,441.4649658203125,0.7567172050476074,person,-0.944580078125,-0.184661865234375
349,13.96,4,3.6021728515625,592.62890625,1265.1651611328125,713.57421875,0.521619439125061,car,-0.3428955078125,0.11181640625
349,13.96,23,800.3961181640625,303.7115173339844,897.3804931640625,372.1314392089844,0.6890096664428711,car,-0.1580810546875,-0.013916015625
349,13.96,46,497.31103515625,303.501220703125,555.0040283203125,441.1737060546875,0.7522087693214417,person,-1.13519287109375,-0.3572998046875
350,14.0,4,3.881591796875,592.757568359375,1266.764892578125,713.654541015625,0.5388028621673584,car,0.9395751953125,0.1044921875
350,14.0,23,800.360595703125,303.656982421875,897.4259033203125,372.17645263671875,0.691237211227417,car,0.00494384765625,-0.0047607421875
350,14.0,46,496.65533447265625,302.82379150390625,554.2605590820312,441.37298583984375,0.7465298771858215,person,-0.6995849609375,-0.23907470703125
351,14.04,4,3.4197998046875,593.4482421875,1267.3739013671875,713.6373291015625,0.5303167700767517,car,0.0736083984375,0.33673095703125
351,14.04,23,800.3742065429688,303.526611328125,897.5469360351562,372.21636962890625,0.7295193076133728,car,0.06732177734375,-0.04522705078125
351,14.04,46,497.58038330078125,306.4091796875,553.7186889648438,444.0543212890625,0.7261435389518738,person,0.19158935546875,3.13336181640625
352,14.08,4,3.493896484375,593.100341796875,1267.96923828125,713.57421875,0.5328980088233948,car,0.334716796875,-0.20550537109375
352,14.08,23,800.1773681640625,303.4873352050781,897.5931396484375,372.1739807128906,0.7262343168258667,car,-0.0753173828125,-0.04083251953125
352,14.08,46,496.7191162109375,305.3786315917969,553.112060546875,443.8720397949219,0.7155139446258545,person,-0.73394775390625,-0.606414794921875
353,14.12,4,3.6024169921875,593.172607421875,1267.5301513671875,713.607666015625,0.5469671487808228,car,-0.165283203125,0.0528564453125
353,14.12,23,800.017578125,303.378662109375,897.6484375,372.24609375,0.7171769738197327,car,-0.05224609375,-0.018280029296875
353,14.12,46,495.297607421875,304.9728698730469,551.52685546875,445.0751037597656,0.7002406120300293,person,-1.50335693359375,0.398651123046875
354,14.16,4,3.802734375,592.2293701171875,1268.381103515625,713.6795654296875,0.5523456335067749,car,0.525634765625,-0.4356689453125
354,14.16,23,799.7261352539062,303.2916259765625,897.7404174804688,372.33013916015625,0.7377821207046509,car,-0.0997314453125,-0.001495361328125
354,14.16,46,492.7942810058594,305.09136962890625,551.5948486328125,445.34027099609375,0.7103549242019653,person,-1.2176666259765625,0.19183349609375
355,14.2,4,3.87255859375,591.686767578125,1268.646484375,713.7158203125,0.5552524924278259,car,0.1676025390625,-0.253173828125
355,14.2,23,799.9818725585938,303.2400207519531,897.8362426757812,372.3782653808594,0.7453566193580627,car,0.17578125,-0.001739501953125
355,14.2,46,491.5783386230469,305.5495300292969,551.148681640625,446.4035949707031,0.7091518640518188,person,-0.8310546875,0.7607421875
356,14.24,4,3.9190673828125,591.79248046875,1268.8319091796875,713.706298828125,0.5588431358337402,car,0.115966796875,0.048095703125
356,14.24,23,799.80859375,303.2119140625,897.73779296875,372.2314453125,0.745804488658905,car,-0.1358642578125,-0.08746337890625
356,14.24,46,490.4356689453125,305.1665344238281,550.356689453125,445.8253479003906,0.7233243584632874,person,-0.9673309326171875,-0.480621337890625
356,14.24,52,402.137451171875,361.63726806640625,520.9442138671875,446.7845458984375,0.4158525764942169,motorcycle,0.0,0.0
357,14.28,4,3.555908203125,591.4447021484375,1268.083251953125,713.594970703125,0.5615576505661011,car,-0.555908203125,-0.22955322265625
357,14.28,23,799.5523681640625,303.23944091796875,897.9801025390625,372.09478759765625,0.7425001859664917,car,-0.0069580078125,-0.0545654296875
357,14.28,46,489.5822448730469,305.67572021484375,551.501708984375,443.26031494140625,0.7250894904136658,person,0.1457977294921875,-1.027923583984375
357,14.28,52,401.22857666015625,361.521240234375,521.61279296875,446.84100341796875,0.42651352286338806,motorcycle,-0.120147705078125,-0.02978515625
358,14.32,4,3.2576904296875,591.5504150390625,1267.843017578125,713.4412841796875,0.5363916158676147,car,-0.26922607421875,-0.02398681640625
358,14.32,23,799.5938110351562,303.2322998046875,898.0077514648438,372.1588134765625,0.7445576786994934,car,0.0345458984375,0.0284423828125
358,14.32,46,486.86004638671875,305.4486083984375,551.5059204101562,447.81329345703125,0.7337759137153625,person,-1.3589935302734375,2.162933349609375
359,14.36,4,3.4444580078125,591.90966796875,1267.0152587890625,713.56396484375,0.549102783203125,car,-0.32049560546875,0.240966796875
359,14.36,23,799.9453125,303.2537841796875,898.1539306640625,372.0853271484375,0.7353491187095642,car,0.24884033203125,-0.0260009765625
359,14.36,46,484.70281982421875,306.9957580566406,549.7028198242188,449.0589904785156,0.7562910318374634,person,-1.98016357421875,1.39642333984375
359,14.36,52,399.20654296875,358.97039794921875,512.8515014648438,445.61846923828125,0.30619505047798157,motorcycle,-2.695831298828125,-0.9433441162109375
360,14.4,4,3.086669921875,591.9800415039062,1266.371337890625,713.3939819335938,0.5297858715057373,car,-0.5008544921875,-0.0498046875
360,14.4,23,800.335205078125,303.29620361328125,897.969482421875,372.30828857421875,0.7157976031303406,car,0.10272216796875,0.1326904296875
360,14.4,46,482.977783203125,308.0826416015625,548.218505859375,447.9473876953125,0.7657097578048706,person,-1.60467529296875,-0.012359619140625
360,14.4,52,399.20654296875,358.97039794921875,512.8515014648438,445.61846923828125,0.30619505047798157,motorcycle,-2.695831298828125,-0.9433441162109375
361,14.44,4,3.118408203125,592.118896484375,1265.49169921875,713.16259765625,0.5078409314155579,car,-0.4239501953125,-0.0462646484375
361,14.44,23,800.353271484375,303.263427734375,897.61181640625,372.5313720703125,0.7447850704193115,car,-0.1697998046875,0.09515380859375
361,14.44,46,483.5513916015625,310.00054931640625,548.654052734375,448.26470947265625,0.7661846876144409,person,0.50457763671875,1.11761474609375
361,14.44,52,399.20654296875,358.97039794921875,512.8515014648438,445.61846923828125,0.30619505047798157,motorcycle,-2.695831298828125,-0.9433441162109375
362,14.48,4,3.078369140625,591.5460205078125,1265.8125,713.3267822265625,0.506735622882843,car,0.140380859375,-0.204345703125
362,14.48,23,800.8876953125,303.259033203125,897.6226806640625,372.5511474609375,0.7495437860488892,car,0.27264404296875,0.0076904296875
362,14.48,46,482.7811584472656,311.774658203125,546.6329345703125,448.9630126953125,0.7375196218490601,person,-1.3956756591796875,1.2362060546875
362,14.48,52,399.20654296875,358.97039794921875,512.8515014648438,445.61846923828125,0.30619505047798157,motorcycle,-2.695831298828125,-0.9433441162109375
362,14.48,53,773.85546875,310.80316162109375,798.6500244140625,377.2025146484375,0.3633090853691101,person,0.0,0.0
363,14.52,4,2.8707275390625,592.44921875,1265.152099609375,713.1826171875,0.4878309369087219,car,-0.43402099609375,0.3795166015625
363,14.52,23,800.8655395507812,303.355712890625,897.3229370117188,372.6617431640625,0.7472084760665894,car,-0.16094970703125,0.1036376953125
363,14.52,46,481.8803405761719,314.16033935546875,546.40625,449.4478759765625,0.7387815117835999,person,-0.563751220703125,1.435272216796875
363,14.52,52,399.20654296875,358.97039794921875,512.8515014648438,445.61846923828125,0.30619505047798157,motorcycle,-2.695831298828125,-0.9433441162109375
364,14.56,4,2.7022705078125,592.7384033203125,1265.46240234375,713.1334228515625,0.4571315050125122,car,0.0709228515625,0.1199951171875
364,14.56,23,800.8193969726562,303.3921813964844,897.1804809570312,372.6808166503906,0.7240025997161865,car,-0.09429931640625,0.02777099609375
364,14.56,46,481.26715087890625,314.78558349609375,543.4059448242188,450.0115966796875,0.7437503337860107,person,-1.8067474365234375,0.594482421875
364,14.56,52,399.20654296875,358.97039794921875,512.8515014648438,445.61846923828125,0.30619505047798157,motorcycle,-2.695831298828125,-0.9433441162109375
365,14.6,4,3.053466796875,591.9608154296875,1266.2255859375,713.179443359375,0.44613566994667053,car,0.55718994140625,-0.36578369140625
365,14.6,23,800.6549072265625,303.459716796875,896.9990234375,372.6407470703125,0.7125564217567444,car,-0.1729736328125,0.01373291015625
365,14.6,46,480.887451171875,317.04931640625,541.1923828125,450.7938232421875,0.7682491540908813,person,-1.296630859375,1.522979736328125
365,14.6,52,399.20654296875,358.97039794921875,512.8515014648438,445.61846923828125,0.30619505047798157,motorcycle,-2.695831298828125,-0.9433441162109375
366,14.64,4,2.8463134765625,592.4415283203125,1266.927734375,713.2098388671875,0.46723800897598267,car,0.24749755859375,0.25555419921875
366,14.64,23,800.7437133789062,303.43267822265625,897.0547485351562,372.74542236328125,0.7210129499435425,car,0.072265625,0.038818359375
366,14.64,46,479.54791259765625,318.3616638183594,540.7095947265625,451.1757507324219,0.7852985858917236,person,-0.911163330078125,0.847137451171875
366,14.64,52,399.20654296875,358.97039794921875,512.8515014648438,445.61846923828125,0.30619505047798157,motorcycle,-2.695831298828125,-0.9433441162109375
367,14.68,4,2.8138427734375,592.153076171875,1267.541748046875,713.259033203125,0.46649596095085144,car,0.290771484375,-0.11962890625
367,14.68,23,800.831787109375,303.5498046875,897.0244140625,372.679443359375,0.6898896098136902,car,0.02886962890625,0.02557373046875
367,14.68,46,477.67327880859375,320.36016845703125,541.1228637695312,451.35516357421875,0.7887948751449585,person,-0.730682373046875,1.088958740234375
367,14.68,52,399.20654296875,358.97039794921875,512.8515014648438,445.61846923828125,0.30619505047798157,motorcycle,-2.695831298828125,-0.9433441162109375
368,14.72,4,2.7052001953125,592.1378173828125,1266.7210693359375,713.0648193359375,0.45415982604026794,car,-0.46466064453125,-0.104736328125
368,14.72,23,801.081298828125,303.66485595703125,897.195556640625,372.89947509765625,0.7188878655433655,car,0.2103271484375,0.16754150390625
368,14.72,46,476.8460693359375,321.982666015625,540.3446655273438,451.341552734375,0.790664792060852,person,-0.802703857421875,0.804443359375
368,14.72,52,399.20654296875,358.97039794921875,512.8515014648438,445.61846923828125,0.30619505047798157,motorcycle,-2.695831298828125,-0.9433441162109375
369,14.76,4,3.1334228515625,592.3771362304688,1266.9349365234375,713.2326049804688,0.49560821056365967,car,0.321044921875,0.20355224609375
369,14.76,23,801.11865234375,303.86749267578125,897.276123046875,373.06622314453125,0.7502080202102661,car,0.0589599609375,0.1846923828125
369,14.76,46,477.1014404296875,323.3586120605469,539.6537475585938,451.3114318847656,0.7806670665740967,person,-0.2177734375,0.67291259765625
369,14.76,52,399.20654296875,358.97039794921875,512.8515014648438,445.61846923828125,0.30619505047798157,motorcycle,-2.695831298828125,-0.9433441162109375
370,14.8,4,2.904296875,592.82958984375,1266.0738525390625,713.4180908203125,0.47415629029273987,car,-0.54510498046875,0.3189697265625
370,14.8,23,801.2476806640625,303.884521484375,897.2120361328125,373.1204833984375,0.7324579358100891,car,0.032470703125,0.03564453125
370,14.8,46,476.8570556640625,323.390625,539.03076171875,451.51953125,0.7693508863449097,person,-0.433685302734375,0.12005615234375
370,14.8,52,399.20654296875,358.97039794921875,512.8515014648438,445.61846923828125,0.30619505047798157,motorcycle,-2.695831298828125,-0.9433441162109375
371,14.84,4,3.4609375,592.55419921875,1266.2919921875,713.629638671875,0.48115360736846924,car,0.38739013671875,-0.03192138671875
371,14.84,23,801.3407592773438,303.8896484375,897.2766723632812,373.182861328125,0.7358499765396118,car,0.078857421875,0.03375244140625
371,14.84,46,475.399658203125,324.20013427734375,538.5493774414062,451.24737548828125,0.7739337682723999,person,-0.969390869140625,0.2686767578125
371,14.84,52,399.20654296875,358.97039794921875,512.8515014648438,445.61846923828125,0.30619505047798157,motorcycle,-2.695831298828125,-0.9433441162109375
372,14.88,4,3.927734375,592.53857421875,1264.957763671875,713.682861328125,0.4967263340950012,car,-0.4337158203125,0.018798828125
372,14.88,23,801.37841796875,303.91082763671875,897.275146484375,373.24285888671875,0.7425757050514221,car,0.01806640625,0.04058837890625
372,14.88,46,474.21295166015625,324.9132080078125,538.4029541015625,451.5479736328125,0.7771231532096863,person,-0.66656494140625,0.5068359375
372,14.88,52,399.20654296875,358.97039794921875,512.8515014648438,445.61846923828125,0.30619505047798157,motorcycle,-2.695831298828125,-0.9433441162109375
373,14.92,4,4.37109375,592.1800537109375,1266.02294921875,713.6700439453125,0.4957800805568695,car,0.7542724609375,-0.1856689453125
373,14.92,23,801.4873657226562,303.8943176269531,897.1913452148438,373.2711486816406,0.7480591535568237,car,0.0125732421875,0.005889892578125
373,14.92,46,472.6761474609375,325.51434326171875,538.4755249023438,452.73284912109375,0.7801657915115356,person,-0.73211669921875,0.89300537109375
373,14.92,52,399.20654296875,358.97039794921875,512.8515014648438,445.61846923828125,0.30619505047798157,motorcycle,-2.695831298828125,-0.9433441162109375
374,14.96,4,4.7025146484375,592.6990966796875,1266.823486328125,713.5697021484375,0.48544079065322876,car,0.56597900390625,0.2093505859375
374,14.96,23,801.5999755859375,304.07452392578125,897.1820068359375,373.18157958984375,0.7076177000999451,car,0.0516357421875,0.045318603515625
374,14.96,46,471.1077880859375,325.0683288574219,538.9734497070312,452.6750183105469,0.7728398442268372,person,-0.53521728515625,-0.251922607421875
374,14.96,52,399.20654296875,358.97039794921875,512.8515014648438,445.61846923828125,0.30619505047798157,motorcycle,-2.695831298828125,-0.9433441162109375
375,15.0,4,4.9547119140625,592.7344970703125,1267.677490234375,713.7884521484375,0.49070775508880615,car,0.5531005859375,0.1270751953125
375,15.0,23,801.62109375,304.2193908691406,897.163818359375,373.1952209472656,0.6945676207542419,car,0.00146484375,0.079254150390625
375,15.0,46,470.716796875,324.17962646484375,538.9212036132812,452.5743408203125,0.7533797025680542,person,-0.22161865234375,-0.49468994140625
375,15.0,52,399.20654296875,358.97039794921875,512.8515014648438,445.61846923828125,0.30619505047798157,motorcycle,-2.695831298828125,-0.9433441162109375
376,15.04,4,0.673828125,590.4727783203125,1269.336669921875,714.4337158203125,0.4929368495941162,car,-1.31085205078125,-0.8082275390625
376,15.04,23,801.469970703125,304.25506591796875,897.151611328125,373.29840087890625,0.6922263503074646,car,-0.0816650390625,0.069427490234375
376,15.04,46,470.93048095703125,324.15765380859375,537.7697143554688,452.711181640625,0.7435966730117798,person,-0.468902587890625,0.05743408203125
376,15.04,52,399.20654296875,358.97039794921875,512.8515014648438,445.61846923828125,0.30619505047798157,motorcycle,-2.695831298828125,-0.9433441162109375
377,15.08,4,4.6524658203125,592.086669921875,1266.8035888671875,713.75390625,0.4826717972755432,car,0.7227783203125,0.467041015625
377,15.08,23,801.0926513671875,304.3138427734375,897.1121826171875,373.333740234375,0.7005029320716858,car,-0.2083740234375,0.04705810546875
377,15.08,46,471.121826171875,323.72454833984375,536.5546264648438,452.97467041015625,0.7615182399749756,person,-0.511871337890625,-0.084808349609375
377,15.08,52,399.20654296875,358.97039794921875,512.8515014648438,445.61846923828125,0.30619505047798157,motorcycle,-2.695831298828125,-0.9433441162109375
378,15.12,4,4.118896484375,592.4615478515625,1266.6201171875,713.9410400390625,0.4906091094017029,car,-0.3585205078125,0.281005859375
378,15.12,23,800.7747802734375,304.420654296875,896.8702392578125,373.28228759765625,0.7000768184661865,car,-0.2799072265625,0.027679443359375
378,15.12,46,469.71844482421875,324.09295654296875,534.8621215820312,452.53814697265625,0.7691378593444824,person,-1.547943115234375,-0.0340576171875
378,15.12,52,399.20654296875,358.97039794921875,512.8515014648438,445.61846923828125,0.30619505047798157,motorcycle,-2.695831298828125,-0.9433441162109375
379,15.16,4,3.6767578125,592.440673828125,1268.5966796875,714.2464599609375,0.49435877799987793,car,0.7672119140625,0.14227294921875
379,15.16,23,800.5364990234375,304.43194580078125,896.9439697265625,373.32977294921875,0.7028514742851257,car,-0.082275390625,0.029388427734375
379,15.16,46,468.641357421875,322.8858642578125,533.1195068359375,453.36871337890625,0.7203567624092102,person,-1.40985107421875,-0.188262939453125
379,15.16,52,399.20654296875,358.97039794921875,512.8515014648438,445.61846923828125,0.30619505047798157,motorcycle,-2.695831298828125,-0.9433441162109375
380,15.2,4,3.53466796875,592.4447021484375,1268.762451171875,714.470947265625,0.512152910232544,car,0.0118408203125,0.1142578125
380,15.2,23,800.4501953125,304.3968811035156,896.9644775390625,373.3655700683594,0.7200130224227905,car,-0.03289794921875,0.0003662109375
380,15.2,46,467.20703125,321.3048095703125,532.262939453125,453.56805419921875,0.698430061340332,person,-1.14544677734375,-0.69085693359375
380,15.2,52,399.20654296875,358.97039794921875,512.8515014648438,445.61846923828125,0.30619505047798157,motorcycle,-2.695831298828125,-0.9433441162109375
381,15.24,4,3.5062255859375,592.670654296875,1268.160400390625,714.62548828125,0.5368592739105225,car,-0.31524658203125,0.19024658203125
381,15.24,23,800.2802124023438,304.4722900390625,897.0614624023438,373.3839111328125,0.7258365750312805,car,-0.0364990234375,0.046875
381,15.24,46,465.7325439453125,319.81976318359375,532.5618896484375,453.59552001953125,0.6745863556861877,person,-0.5877685546875,-0.728790283203125
381,15.24,52,399.20654296875,358.97039794921875,512.8515014648438,445.61846923828125,0.30619505047798157,motorcycle,-2.695831298828125,-0.9433441162109375
382,15.28,4,3.316162109375,593.1478271484375,1267.094970703125,714.3758544921875,0.502701997756958,car,-0.62774658203125,0.11376953125
382,15.28,23,800.7926025390625,304.4970703125,897.0186767578125,373.37939453125,0.7213377356529236,car,0.23480224609375,0.0101318359375
382,15.28,46,464.8465576171875,317.68902587890625,535.46435546875,453.86053466796875,0.655764102935791,person,1.00823974609375,-0.932861328125
382,15.28,52,399.20654296875,358.97039794921875,512.8515014648438,445.61846923828125,0.30619505047798157,motorcycle,-2.695831298828125,-0.9433441162109375
383,15.32,4,3.6810302734375,593.400146484375,1266.4423828125,714.4794921875,0.5167421698570251,car,-0.14385986328125,0.177978515625
383,15.32,23,800.8363037109375,304.4855651855469,897.09228515625,373.4058532714844,0.7302271127700806,car,0.05865478515625,0.007476806640625
383,15.32,46,463.8082275390625,315.24560546875,531.0032958984375,454.06805419921875,0.676476776599884,person,-2.74969482421875,-1.117950439453125
383,15.32,52,399.20654296875,358.97039794921875,512.8515014648438,445.61846923828125,0.30619505047798157,motorcycle,-2.695831298828125,-0.9433441162109375
383,15.32,53,775.9257202148438,309.8038330078125,803.8306274414062,378.8504638671875,0.3687736988067627,person,0.17263939267113096,0.015443347749255952
384,15.36,4,3.33447265625,593.4744873046875,1265.404541015625,714.2110595703125,0.4952003061771393,car,-0.69219970703125,-0.0970458984375
384,15.36,23,801.1725463867188,304.8475036621094,897.0429077148438,373.3544616699219,0.7218596339225769,car,0.1434326171875,0.1552734375
384,15.36,46,461.40985107421875,313.88739013671875,529.9741821289062,454.83990478515625,0.7092060446739197,person,-1.7137451171875,-0.293182373046875
384,15.36,52,399.20654296875,358.97039794921875,512.8515014648438,445.61846923828125,0.30619505047798157,motorcycle,-2.695831298828125,-0.9433441162109375
384,15.36,53,775.8055419921875,308.7849426269531,803.7415771484375,378.8523254394531,0.38929978013038635,person,-0.1046142578125,-0.508514404296875
385,15.4,4,28.060791015625,591.6025390625,1277.5853271484375,714.444091796875,0.4826453626155853,car,18.45355224609375,-0.8194580078125
385,15.4,23,801.5291748046875,305.1220703125,897.2237548828125,373.284423828125,0.7225666046142578,car,0.26873779296875,0.102264404296875
385,15.4,46,460.24627685546875,313.8529052734375,528.5883178710938,455.188720703125,0.7232274413108826,person,-1.27471923828125,0.15716552734375
385,15.4,52,399.20654296875,358.97039794921875,512.8515014648438,445.61846923828125,0.30619505047798157,motorcycle,-2.695831298828125,-0.9433441162109375
385,15.4,53,776.13330078125,310.5250244140625,804.11865234375,379.004638671875,0.30814310908317566,person,0.3524169921875,0.946197509765625
386,15.44,4,23.861083984375,592.1885986328125,1277.670166015625,714.333740234375,0.48371338844299316,car,-2.05743408203125,0.23785400390625
386,15.44,23,801.6256103515625,305.05914306640625,897.3131103515625,373.20941162109375,0.717254102230072,car,0.0928955078125,-0.0689697265625
386,15.44,46,459.20257568359375,313.3180847167969,529.0991821289062,455.1802062988281,0.7182477712631226,person,-0.26641845703125,-0.27166748046875
386,15.44,52,399.20654296875,358.97039794921875,512.8515014648438,445.61846923828125,0.30619505047798157,motorcycle,-2.695831298828125,-0.9433441162109375
386,15.44,53,776.13330078125,310.5250244140625,804.11865234375,379.004638671875,0.30814310908317566,person,0.3524169921875,0.946197509765625
387,15.48,4,23.169189453125,591.8114013671875,1277.449462890625,714.5032958984375,0.47078937292099,car,-0.456298828125,-0.10382080078125
387,15.48,23,801.6109619140625,305.01507568359375,897.2010498046875,373.03350830078125,0.7181259989738464,car,-0.0633544921875,-0.1099853515625
387,15.48,46,456.570068359375,312.35308837890625,527.2208251953125,455.26934814453125,0.728201687335968,person,-2.25543212890625,-0.43792724609375
387,15.48,52,399.20654296875,358.97039794921875,512.8515014648438,445.61846923828125,0.30619505047798157,motorcycle,-2.695831298828125,-0.9433441162109375
387,15.48,53,776.13330078125,310.5250244140625,804.11865234375,379.004638671875,0.30814310908317566,person,0.3524169921875,0.946197509765625
388,15.52,4,22.471435546875,592.6195068359375,1277.195556640625,714.3968505859375,0.45386436581611633,car,-0.475830078125,0.350830078125
388,15.52,23,801.872802734375,305.448974609375,897.092529296875,372.9859619140625,0.6983919143676758,car,0.07666015625,0.19317626953125
388,15.52,46,454.7415771484375,310.98321533203125,525.4986572265625,455.115966796875,0.7172232866287231,person,-1.77532958984375,-0.761627197265625
388,15.52,52,399.20654296875,358.97039794921875,512.8515014648438,445.61846923828125,0.30619505047798157,motorcycle,-2.695831298828125,-0.9433441162109375
388,15.52,53,776.13330078125,310.5250244140625,804.11865234375,379.004638671875,0.30814310908317566,person,0.3524169921875,0.946197509765625
389,15.56,4,3.6104736328125,593.8822021484375,1263.8377685546875,713.9720458984375,0.44523128867149353,car,-16.109375,0.4189453125
389,15.56,23,802.1922607421875,305.359375,897.0972900390625,372.90771484375,0.7137364149093628,car,0.162109375,-0.08392333984375
389,15.56,46,451.91387939453125,309.4453125,524.6864013671875,456.2047119140625,0.7265055179595947,person,-1.819976806640625,-0.224578857421875
389,15.56,52,384.5269775390625,384.85205078125,482.8992919921875,442.5709228515625,0.3300442397594452,bicycle,-0.7438629150390625,0.38056844075520835
389,15.56,53,776.13330078125,310.5250244140625,804.11865234375,379.004638671875,0.30814310908317566,person,0.3524169921875,0.946197509765625
390,15.6,4,3.53369140625,593.55322265625,1264.632080078125,714.486328125,0.4992351233959198,car,0.3587646484375,0.0926513671875
390,15.6,23,802.4139404296875,307.1905517578125,897.3302001953125,373.3521728515625,0.6659850478172302,car,0.227294921875,1.1378173828125
390,15.6,46,450.30487060546875,307.12799072265625,524.5369262695312,456.18609619140625,0.7229042649269104,person,-0.879241943359375,-1.16796875
390,15.6,52,385.15838623046875,383.37109375,479.87261962890625,444.97900390625,0.42302340269088745,bicycle,-1.1976318359375,0.46356201171875
390,15.6,53,776.13330078125,310.5250244140625,804.11865234375,379.004638671875,0.30814310908317566,person,0.3524169921875,0.946197509765625
391,15.64,4,4.219970703125,592.0953979492188,1263.850341796875,714.7648315429688,0.521263599395752,car,-0.0477294921875,-0.58966064453125
391,15.64,23,801.8544311523438,307.5500183105469,897.0673217773438,373.6678161621094,0.6742151975631714,car,-0.41119384765625,0.337554931640625
391,15.64,46,448.63250732421875,308.2878723144531,520.3142700195312,457.4494323730469,0.7425360083580017,person,-2.947509765625,1.21160888671875
391,15.64,52,383.9267578125,381.17706298828125,474.3868408203125,443.62359619140625,0.4958304464817047,bicycle,-3.35870361328125,-1.77471923828125
391,15.64,53,776.13330078125,310.5250244140625,804.11865234375,379.004638671875,0.30814310908317566,person,0.3524169921875,0.946197509765625
392,15.68,4,4.22900390625,592.9052734375,1263.44287109375,714.685302734375,0.49927306175231934,car,-0.19921875,0.36517333984375
392,15.68,23,801.29296875,307.1119384765625,896.93701171875,374.092041015625,0.7253308296203613,car,-0.34588623046875,-0.006927490234375
392,15.68,46,449.98455810546875,309.77581787109375,519.4308471679688,456.54327392578125,0.7402315139770508,person,0.23431396484375,0.2908935546875
392,15.68,52,383.5860595703125,380.34832763671875,473.1915283203125,444.26220703125,0.36369842290878296,bicycle,-0.76800537109375,-0.095062255859375
392,15.68,53,776.13330078125,310.5250244140625,804.11865234375,379.004638671875,0.30814310908317566,person,0.3524169921875,0.946197509765625
393,15.72,4,4.655517578125,592.9830322265625,1262.921875,714.1722412109375,0.46303945779800415,car,-0.0472412109375,-0.2176513671875
393,15.72,23,800.9102172851562,307.98406982421875,895.8413696289062,374.24200439453125,0.7187157869338989,car,-0.73919677734375,0.51104736328125
393,15.72,46,450.75836181640625,310.8768615722656,516.0999145507812,457.3904724121094,0.7206680178642273,person,-1.278564453125,0.97412109375
393,15.72,52,383.5860595703125,380.34832763671875,473.1915283203125,444.26220703125,0.36369842290878296,bicycle,-0.76800537109375,-0.095062255859375
393,15.72,53,776.13330078125,310.5250244140625,804.11865234375,379.004638671875,0.30814310908317566,person,0.3524169921875,0.946197509765625
394,15.76,4,4.8056640625,591.9029541015625,1259.2001953125,714.1541748046875,0.4524998068809509,car,-1.7857666015625,-0.549072265625
394,15.76,23,799.8751220703125,309.159423828125,895.1663818359375,374.692626953125,0.7010864019393921,car,-0.85504150390625,0.81298828125
394,15.76,46,451.61376953125,310.445068359375,513.7115478515625,453.9405517578125,0.7205560803413391,person,-0.7664794921875,-1.94085693359375
394,15.76,52,383.5860595703125,380.34832763671875,473.1915283203125,444.26220703125,0.36369842290878296,bicycle,-0.76800537109375,-0.095062255859375
394,15.76,53,776.13330078125,310.5250244140625,804.11865234375,379.004638671875,0.30814310908317566,person,0.3524169921875,0.946197509765625
395,15.8,4,5.5699462890625,591.3501586914062,1258.3179931640625,713.8225708007812,0.4144313633441925,car,-0.0589599609375,-0.44219970703125
395,15.8,23,799.5977783203125,309.88623046875,894.3729248046875,375.0386962890625,0.6823989152908325,car,-0.535400390625,0.53643798828125
395,15.8,46,447.91845703125,310.85028076171875,511.68096923828125,454.46990966796875,0.6964417099952698,person,-2.862945556640625,0.46728515625
395,15.8,52,383.5860595703125,380.34832763671875,473.1915283203125,444.26220703125,0.36369842290878296,bicycle,-0.76800537109375,-0.095062255859375
395,15.8,53,776.13330078125,310.5250244140625,804.11865234375,379.004638671875,0.30814310908317566,person,0.3524169921875,0.946197509765625
396,15.84,4,18.128173828125,586.3206787109375,1277.4078369140625,714.8626708984375,0.42343029379844666,car,15.82403564453125,-1.99468994140625
396,15.84,23,799.0531005859375,309.2295227050781,893.3726806640625,375.2196960449219,0.7209372520446777,car,-0.7724609375,-0.23785400390625
396,15.84,46,443.76458740234375,311.74169921875,509.20660400390625,454.3692626953125,0.7519777417182922,person,-3.314117431640625,0.3953857421875
396,15.84,52,383.5860595703125,380.34832763671875,473.1915283203125,444.26220703125,0.36369842290878296,bicycle,-0.76800537109375,-0.095062255859375
396,15.84,53,776.13330078125,310.5250244140625,804.11865234375,379.004638671875,0.30814310908317566,person,0.3524169921875,0.946197509765625
397,15.88,4,21.6419677734375,584.497314453125,1278.0982666015625,714.9296875,0.45012158155441284,car,2.10211181640625,-0.878173828125
397,15.88,23,796.8441162109375,308.328125,893.111328125,375.1529541015625,0.73015958070755,car,-1.23516845703125,-0.48406982421875
397,15.88,46,438.47991943359375,311.84515380859375,511.30853271484375,455.28656005859375,0.7764419913291931,person,-1.59136962890625,0.5103759765625
397,15.88,52,383.5860595703125,380.34832763671875,473.1915283203125,444.26220703125,0.36369842290878296,bicycle,-0.76800537109375,-0.095062255859375
397,15.88,53,776.13330078125,310.5250244140625,804.11865234375,379.004638671875,0.30814310908317566,person,0.3524169921875,0.946197509765625
398,15.92,4,21.99951171875,579.8494873046875,1278.061767578125,714.9737548828125,0.4428401589393616,car,0.1605224609375,-2.3018798828125
398,15.92,23,795.8695068359375,308.4425048828125,891.8209228515625,375.1417236328125,0.7394252419471741,car,-1.13250732421875,0.05157470703125
398,15.92,46,434.9015808105469,312.8626708984375,508.4328308105469,456.1705322265625,0.7790451049804688,person,-3.227020263671875,0.95074462890625
398,15.92,52,383.5860595703125,380.34832763671875,473.1915283203125,444.26220703125,0.36369842290878296,bicycle,-0.76800537109375,-0.095062255859375
398,15.92,53,776.13330078125,310.5250244140625,804.11865234375,379.004638671875,0.30814310908317566,person,0.3524169921875,0.946197509765625
399,15.96,4,23.65673828125,578.2879638671875,1278.169677734375,714.6788330078125,0.43918365240097046,car,0.882568359375,-0.92822265625
399,15.96,23,796.7183227539062,307.5404052734375,891.2817993164062,375.137451171875,0.7450000047683716,car,0.15484619140625,-0.45318603515625
399,15.96,46,432.8369140625,312.3125,507.63763427734375,457.17694091796875,0.806809663772583,person,-1.429931640625,0.228118896484375
399,15.96,52,383.5860595703125,380.34832763671875,473.1915283203125,444.26220703125,0.36369842290878296,bicycle,-0.76800537109375,-0.095062255859375
399,15.96,53,776.13330078125,310.5250244140625,804.11865234375,379.004638671875,0.30814310908317566,person,0.3524169921875,0.946197509765625
400,16.0,4,19.185791015625,584.3818359375,1277.9466552734375,714.427490234375,0.4404505491256714,car,-2.34698486328125,2.9212646484375
400,16.0,23,796.8390502929688,306.5494384765625,890.6924438476562,375.014404296875,0.7894851565361023,car,-0.23431396484375,-0.5570068359375
400,16.0,46,432.44970703125,311.73345947265625,510.2705078125,458.45013427734375,0.794182538986206,person,1.122833251953125,0.347076416015625
400,16.0,52,383.5860595703125,380.34832763671875,473.1915283203125,444.26220703125,0.36369842290878296,bicycle,-0.76800537109375,-0.095062255859375
400,16.0,53,776.13330078125,310.5250244140625,804.11865234375,379.004638671875,0.30814310908317566,person,0.3524169921875,0.946197509765625
400,16.0,54,224.72207641601562,457.33599853515625,276.7276916503906,580.3899536132812,0.425567090511322,fire hydrant,0.0,0.0
401,16.04,4,19.325927734375,585.8777465820312,1277.99462890625,714.7731323242188,0.5074933767318726,car,0.09405517578125,0.9207763671875
401,16.04,23,796.1243896484375,305.539794921875,890.2083740234375,374.6973876953125,0.785875141620636,car,-0.599365234375,-0.663330078125
401,16.04,46,434.3274841308594,313.025634765625,506.0383605957031,458.391845703125,0.7516670227050781,person,-1.17718505859375,0.616943359375
401,16.04,52,374.004638671875,389.25982666015625,436.685791015625,449.13568115234375,0.304720401763916,motorcycle,-2.560397677951389,0.7658318413628472
401,16.04,53,776.13330078125,310.5250244140625,804.11865234375,379.004638671875,0.30814310908317566,person,0.3524169921875,0.946197509765625
402,16.08,4,3.6688232421875,591.8040771484375,1257.7265625,715.0577392578125,0.47467872500419617,car,-17.96258544921875,3.10546875
402,16.08,23,796.599365234375,304.9395751953125,890.0235595703125,374.3504638671875,0.7680361866950989,car,0.14508056640625,-0.47357177734375
402,16.08,46,434.77001953125,313.9516296386719,508.390380859375,459.4278259277344,0.7239882946014404,person,1.39727783203125,0.980987548828125
402,16.08,52,372.5604248046875,385.02752685546875,434.4649658203125,449.23956298828125,0.3313489258289337,motorcycle,-1.83251953125,-2.064208984375
402,16.08,53,776.13330078125,310.5250244140625,804.11865234375,379.004638671875,0.30814310908317566,person,0.3524169921875,0.946197509765625
403,16.12,4,2.7103271484375,590.5254516601562,1258.9368896484375,714.8607788085938,0.4675907492637634,car,0.12591552734375,-0.73779296875
403,16.12,23,795.3778076171875,304.52349853515625,889.689208984375,373.93853759765625,0.7675222754478455,car,-0.7779541015625,-0.41400146484375
403,16.12,46,433.2479248046875,313.4416198730469,507.3826904296875,460.4529113769531,0.7487596273422241,person,-1.264892578125,0.257537841796875
403,16.12,52,370.57965087890625,382.9457702636719,435.21307373046875,449.5176696777344,0.47360023856163025,motorcycle,-0.6163330078125,-0.901824951171875
403,16.12,53,776.13330078125,310.5250244140625,804.11865234375,379.004638671875,0.30814310908317566,person,0.3524169921875,0.946197509765625
404,16.16,4,3.1309814453125,589.8890380859375,1259.6995849609375,714.8958740234375,0.5207712054252625,car,0.5916748046875,-0.3006591796875
404,16.16,23,795.2218017578125,304.782958984375,888.8385009765625,373.7054443359375,0.7720070481300354,car,-0.50335693359375,0.01318359375
404,16.16,46,430.06134033203125,315.13006591796875,506.13702392578125,459.73614501953125,0.7118558883666992,person,-2.21612548828125,0.48583984375
404,16.16,52,369.348876953125,382.384033203125,434.7884521484375,449.427978515625,0.45674043893814087,motorcycle,-0.82769775390625,-0.325714111328125
404,16.16,53,776.13330078125,310.5250244140625,804.11865234375,379.004638671875,0.30814310908317566,person,0.3524169921875,0.946197509765625
405,16.2,4,3.418701171875,589.6505126953125,1262.755859375,714.7867431640625,0.5422230362892151,car,1.6719970703125,-0.173828125
405,16.2,23,795.4359130859375,304.42596435546875,888.6710205078125,373.78826904296875,0.7883906960487366,car,0.0233154296875,-0.1370849609375
405,16.2,46,426.15606689453125,309.66058349609375,505.22418212890625,459.47247314453125,0.7755404114723206,person,-2.4090576171875,-2.8665771484375
405,16.2,52,368.5477294921875,388.185791015625,432.705078125,449.49737548828125,0.3565155267715454,motorcycle,-1.4422607421875,2.935577392578125
405,16.2,53,776.13330078125,310.5250244140625,804.11865234375,379.004638671875,0.30814310908317566,person,0.3524169921875,0.946197509765625
406,16.24,4,3.94189453125,590.0533447265625,1262.80322265625,714.9693603515625,0.5882819890975952,car,0.2852783203125,0.292724609375
406,16.24,23,796.8216552734375,304.29638671875,888.6524658203125,373.8658447265625,0.7870216369628906,car,0.68359375,-0.0260009765625
406,16.24,46,423.7751770019531,309.52093505859375,503.5809020996094,459.81402587890625,0.8090096116065979,person,-2.0120849609375,0.1009521484375
406,16.24,52,368.5477294921875,388.185791015625,432.705078125,449.49737548828125,0.3565155267715454,motorcycle,-1.4422607421875,2.935577392578125
406,16.24,53,776.13330078125,310.5250244140625,804.11865234375,379.004638671875,0.30814310908317566,person,0.3524169921875,0.946197509765625
407,16.28,4,5.7611083984375,589.6324462890625,1261.5750732421875,715.1470947265625,0.6325479745864868,car,0.2955322265625,-0.12158203125
407,16.28,23,797.6822509765625,304.25323486328125,888.6519775390625,373.87457275390625,0.7979221940040588,car,0.4300537109375,-0.0172119140625
407,16.28,46,419.47711181640625,306.87213134765625,501.20867919921875,461.61309814453125,0.7772167325019836,person,-3.33514404296875,-0.42486572265625
407,16.28,52,368.5477294921875,388.185791015625,432.705078125,449.49737548828125,0.3565155267715454,motorcycle,-1.4422607421875,2.935577392578125
407,16.28,53,772.3211059570312,309.8843994140625,800.4402465820312,383.13079833984375,0.37611159682273865,person,-0.17024092240767044,0.07921669699928978
408,16.32,4,4.9237060546875,590.1014404296875,1261.3404541015625,715.0650634765625,0.6100653409957886,car,-0.5360107421875,0.1934814453125
408,16.32,23,798.545166015625,304.16888427734375,888.669921875,373.60455322265625,0.8049538135528564,car,0.4404296875,-0.17718505859375
408,16.32,46,416.640625,307.71038818359375,504.62158203125,459.67218017578125,0.7464128732681274,person,0.2882080078125,-0.55133056640625
408,16.32,52,368.5477294921875,388.185791015625,432.705078125,449.49737548828125,0.3565155267715454,motorcycle,-1.4422607421875,2.935577392578125
408,16.32,53,771.719970703125,311.07830810546875,801.748046875,384.423583984375,0.4490879774093628,person,0.35333251953125,1.24334716796875
409,16.36,4,5.30224609375,590.7305908203125,1259.657470703125,715.2008056640625,0.6047794818878174,car,-0.6522216796875,0.3824462890625
409,16.36,23,799.0543823242188,304.08673095703125,888.7300415039062,373.55694580078125,0.8107528686523438,car,0.28466796875,-0.06488037109375
409,16.36,46,414.6143798828125,307.8272705078125,490.47479248046875,459.8184814453125,0.7162516117095947,person,-8.086517333984375,0.131591796875
409,16.36,52,368.5477294921875,388.185791015625,432.705078125,449.49737548828125,0.3565155267715454,motorcycle,-1.4422607421875,2.935577392578125
409,16.36,53,771.2402954101562,310.237060546875,802.3953247070312,385.4169921875,0.48580804467201233,person,0.08380126953125,0.076080322265625
410,16.4,4,4.9365234375,589.962890625,1257.9803466796875,714.8697509765625,0.5949183702468872,car,-1.02142333984375,-0.54937744140625
410,16.4,23,799.3338623046875,304.06640625,888.7200927734375,373.345947265625,0.8120104670524597,car,0.134765625,-0.11566162109375
410,16.4,46,413.0228576660156,306.8963928222656,473.6724548339844,460.3744812011719,0.6510615348815918,person,-9.196929931640625,-0.18743896484375
410,16.4,52,364.6840515136719,375.142578125,511.9255676269531,457.78778076171875,0.4781855344772339,motorcycle,7.53568115234375,-0.47528076171875
410,16.4,53,772.097412109375,310.80389404296875,802.852294921875,385.90765380859375,0.4972706735134125,person,0.65704345703125,0.52874755859375
410,16.4,55,361.96075439453125,344.35296630859375,518.9620971679688,459.20306396484375,0.36792874336242676,motorcycle,0.0,0.0
411,16.44,4,6.014404296875,589.845703125,1259.261962890625,714.558349609375,0.6050770878791809,car,1.17974853515625,-0.21429443359375
411,16.44,23,799.342041015625,304.0788269042969,888.989013671875,373.2066955566406,0.8129125237464905,car,0.1385498046875,-0.06341552734375
411,16.44,46,408.1807861328125,304.51019287109375,470.0841064453125,460.81414794921875,0.7003065943717957,person,-4.2152099609375,-0.9732666015625
411,16.44,52,363.72314453125,375.75347900390625,510.66485595703125,458.62371826171875,0.45960673689842224,motorcycle,-1.110809326171875,0.723419189453125
411,16.44,53,771.8419189453125,311.57025146484375,804.6427001953125,385.99090576171875,0.4241347312927246,person,0.7674560546875,0.4248046875
412,16.48,4,4.232666015625,591.0551147460938,1257.5546875,714.7367553710938,0.5684882998466492,car,-1.7445068359375,0.69390869140625
412,16.48,23,799.8427124023438,304.031494140625,889.4777221679688,373.379638671875,0.807665228843689,car,0.49468994140625,0.06280517578125
412,16.48,46,406.52642822265625,300.88336181640625,470.51446533203125,461.70623779296875,0.688278317451477,person,-0.61199951171875,-1.36737060546875
412,16.48,52,363.404052734375,377.7189025878906,509.43841552734375,459.2654724121094,0.36709874868392944,motorcycle,-0.77276611328125,1.3035888671875
412,16.48,53,772.352783203125,310.7593994140625,806.070556640625,385.2440185546875,0.3844558596611023,person,0.9693603515625,-0.77886962890625
413,16.52,4,3.8966064453125,591.1971435546875,1260.2291259765625,714.8310546875,0.5781639814376831,car,1.169189453125,0.1181640625
413,16.52,23,800.499755859375,303.8525390625,889.8388671875,373.5960693359375,0.7984701991081238,car,0.50909423828125,0.01873779296875
413,16.52,46,403.9967041015625,309.5437927246094,478.27734375,461.1722106933594,0.6715060472488403,person,2.6165771484375,4.063201904296875
413,16.52,52,362.33319091796875,375.86865234375,503.99395751953125,461.0924072265625,0.31834712624549866,motorcycle,-3.257659912109375,-0.01165771484375
413,16.52,53,771.9744873046875,310.1447448730469,805.8453369140625,381.8221130371094,0.410013347864151,person,-0.3017578125,-2.018280029296875
413,16.52,55,362.3392333984375,377.9692687988281,502.35333251953125,463.2885437011719,0.38582614064216614,bicycle,-2.705047607421875,6.28363037109375
414,16.56,4,4.02001953125,592.1494140625,1262.23876953125,714.73291015625,0.5639774799346924,car,1.0665283203125,0.42706298828125
414,16.56,23,800.4835205078125,303.131103515625,891.1995849609375,373.5994873046875,0.7945237755775452,car,0.6722412109375,-0.3590087890625
414,16.56,46,402.9173889160156,299.9757080078125,467.7381896972656,460.5794677734375,0.64337158203125,person,-5.809234619140625,-5.080413818359375
414,16.56,52,361.98504638671875,371.5547790527344,504.394775390625,462.3388366699219,0.4215058982372284,motorcycle,0.026336669921875,-1.533721923828125
414,16.56,53,774.2957153320312,309.52996826171875,812.7406616210938,388.00152587890625,0.34261971712112427,person,4.6082763671875,2.782318115234375
415,16.6,4,3.957275390625,592.8980102539062,1262.921630859375,714.4141235351562,0.5448023080825806,car,0.31005859375,0.21490478515625
415,16.6,23,802.5716552734375,303.19696044921875,891.0350341796875,373.3387451171875,0.7948911786079407,car,0.9617919921875,-0.097442626953125
415,16.6,46,400.9615783691406,305.45263671875,468.9156188964844,460.7677001953125,0.5503284931182861,person,-0.389190673828125,2.83258056640625
415,16.6,52,361.833251953125,373.45501708984375,502.1343994140625,464.15130615234375,0.3125532567501068,bicycle,-1.206085205078125,1.856353759765625
415,16.6,53,772.7997436523438,310.7273864746094,807.9055786132812,387.1292419433594,0.3732149600982666,person,-3.16552734375,0.162567138671875
415,16.6,55,361.58392333984375,377.3433837890625,503.51055908203125,463.06689453125,0.4035799503326416,motorcycle,0.1004791259765625,-0.211883544921875
416,16.64,4,13.783203125,592.4768676757812,1267.745849609375,714.3257446289062,0.5141370892524719,car,7.3250732421875,-0.2547607421875
416,16.64,23,804.0272827148438,303.1246337890625,891.1155395507812,373.4825439453125,0.7949280738830566,car,0.76806640625,0.035736083984375
416,16.64,46,399.46917724609375,312.63946533203125,471.21759033203125,450.90765380859375,0.5755910873413086,person,0.40478515625,-1.33660888671875
416,16.64,52,361.22662353515625,371.91558837890625,503.12078857421875,465.01202392578125,0.38561341166496277,bicycle,0.18988037109375,-0.33935546875
416,16.64,53,772.7997436523438,310.7273864746094,807.9055786132812,387.1292419433594,0.3732149600982666,person,-3.16552734375,0.162567138671875
416,16.64,55,360.7871398925781,375.99041748046875,504.3067321777344,464.48858642578125,0.41307443380355835,motorcycle,-0.00030517578125,0.03436279296875
417,16.68,4,15.310791015625,589.6792602539062,1271.2275390625,714.4231567382812,0.4906714856624603,car,2.504638671875,-1.35009765625
417,16.68,23,806.5577392578125,303.23699951171875,891.4210205078125,373.92950439453125,0.8069621324539185,car,1.41796875,0.2796630859375
417,16.68,46,398.45953369140625,310.59356689453125,470.20440673828125,464.13006591796875,0.615773618221283,person,-1.01141357421875,5.5882568359375
417,16.68,52,361.22662353515625,371.91558837890625,503.12078857421875,465.01202392578125,0.38561341166496277,bicycle,0.18988037109375,-0.33935546875
417,16.68,53,772.7997436523438,310.7273864746094,807.9055786132812,387.1292419433594,0.3732149600982666,person,-3.16552734375,0.162567138671875
417,16.68,55,360.65496826171875,383.08831787109375,504.00701904296875,464.12103271484375,0.36804795265197754,motorcycle,-0.2159423828125,3.36517333984375
418,16.72,4,17.4697265625,591.2288818359375,1272.440185546875,713.8426513671875,0.5306904315948486,car,1.685791015625,0.48455810546875
418,16.72,23,807.6903076171875,303.4687805175781,891.2742919921875,373.8884582519531,0.7978095412254333,car,0.492919921875,0.095367431640625
418,16.72,46,396.479248046875,310.615234375,469.6263427734375,465.873291015625,0.5738399028778076,person,-1.2791748046875,0.8824462890625
418,16.72,52,358.2373046875,361.005859375,502.0487060546875,465.967529296875,0.37454283237457275,bicycle,-1.015350341796875,-2.488555908203125
418,16.72,53,772.7997436523438,310.7273864746094,807.9055786132812,387.1292419433594,0.3732149600982666,person,-3.16552734375,0.162567138671875
418,16.72,55,359.5063781738281,378.4559326171875,503.9219665527344,465.8939208984375,0.39297574758529663,motorcycle,-0.6168212890625,-1.42974853515625
419,16.76,4,17.58447265625,591.446044921875,1274.7947998046875,713.4556884765625,0.5441504716873169,car,1.23468017578125,-0.08489990234375
419,16.76,23,809.01953125,303.1631164550781,891.8740234375,374.0148010253906,0.7668002843856812,car,0.9644775390625,-0.08966064453125
419,16.76,46,389.56927490234375,314.61395263671875,468.93585205078125,464.67449951171875,0.511920154094696,person,-3.80023193359375,1.39996337890625
419,16.76,52,353.5994873046875,363.55535888671875,501.2049560546875,465.91790771484375,0.5587030053138733,bicycle,-2.74078369140625,1.24993896484375
419,16.76,53,783.2591552734375,310.456787109375,818.0887451171875,393.528076171875,0.33981791138648987,person,2.580322265625,0.7660293579101562
419,16.76,55,358.27337646484375,376.9417724609375,503.55975341796875,466.2962646484375,0.3092944025993347,motorcycle,-0.797607421875,-0.555908203125
420,16.8,4,17.6748046875,590.542724609375,1276.6136474609375,713.080810546875,0.4541224539279938,car,0.95458984375,-0.63909912109375
420,16.8,23,811.276123046875,303.34820556640625,892.5594482421875,372.87811279296875,0.7264575958251953,car,1.47100830078125,-0.475799560546875
420,16.8,46,390.6279296875,318.6903076171875,468.442626953125,467.090576171875,0.5440675616264343,person,0.28271484375,3.2462158203125
420,16.8,52,351.9910583496094,360.5936279296875,501.4177551269531,466.3831787109375,0.45821595191955566,bicycle,-0.69781494140625,-1.24822998046875
420,16.8,53,784.94970703125,310.8460693359375,819.276611328125,393.87890625,0.5098916888237,person,1.439208984375,0.37005615234375
420,16.8,55,357.46514892578125,375.86090087890625,503.234375,467.88104248046875,0.33602896332740784,motorcycle,-0.566802978515625,0.251953125
421,16.84,4,18.936767578125,591.291015625,1276.71728515625,713.258544921875,0.47310683131217957,car,0.68280029296875,0.4630126953125
421,16.84,23,813.1177978515625,303.3652038574219,893.2550048828125,374.5440368652344,0.7613826394081116,car,1.26861572265625,0.841461181640625
421,16.84,46,390.1712646484375,319.919189453125,468.6351318359375,467.470703125,0.5270969867706299,person,-0.132080078125,0.80450439453125
421,16.84,52,351.8609619140625,358.2786865234375,501.6033935546875,466.9132080078125,0.46725085377693176,bicycle,0.02777099609375,-0.8924560546875
421,16.84,53,785.8238525390625,311.356201171875,820.3292236328125,394.82421875,0.5017063021659851,person,0.96337890625,0.72772216796875
421,16.84,55,355.881591796875,371.4962463378906,503.07440185546875,468.2986755371094,0.30162522196769714,motorcycle,-0.87176513671875,-1.9735107421875
422,16.88,4,6.957275390625,591.1278076171875,1261.478271484375,712.9075927734375,0.45520052313804626,car,-13.6092529296875,-0.257080078125
422,16.88,23,813.6688842773438,303.8905029296875,893.8273315429688,373.869873046875,0.7196086645126343,car,0.56170654296875,-0.074432373046875
422,16.88,46,389.660888671875,324.85589599609375,461.785888671875,465.75201416015625,0.5479995608329773,person,-3.6798095703125,1.6090087890625
422,16.88,52,355.87469482421875,352.7525634765625,499.73760986328125,466.7491455078125,0.41097500920295715,bicycle,1.073974609375,-2.8450927734375
422,16.88,53,787.9714965820312,313.9429931640625,821.7951049804688,394.910888671875,0.4766002595424652,person,1.8067626953125,1.33673095703125
422,16.88,55,356.028564453125,373.62799072265625,498.302978515625,468.73553466796875,0.3329779803752899,motorcycle,-2.312225341796875,1.2843017578125
422,16.88,56,145.8992462158203,481.03863525390625,184.45277404785156,599.5521850585938,0.36833399534225464,bottle,0.0,0.0
422,16.88,57,4.1790771484375,474.2604675292969,1240.4466552734375,716.380126953125,0.31797730922698975,car,0.0,0.0
423,16.92,4,11.50830078125,591.4947509765625,1248.181396484375,713.024658203125,0.4880174398422241,car,-4.3729248046875,0.24200439453125
423,16.92,23,814.7101440429688,303.9171142578125,894.9379272460938,373.90643310546875,0.700528085231781,car,1.075927734375,0.031585693359375
423,16.92,46,386.73388671875,326.88238525390625,461.38275146484375,466.32769775390625,0.5609109997749329,person,-1.665069580078125,1.30108642578125
423,16.92,52,355.6471252441406,352.8799743652344,499.4712219238281,466.3620300292969,0.43690967559814453,bicycle,-0.246978759765625,-0.129852294921875
423,16.92,53,787.662109375,313.08148193359375,822.0162353515625,395.26568603515625,0.49083054065704346,person,-0.04412841796875,-0.25335693359375
423,16.92,55,355.3180847167969,374.81060791015625,499.4978942871094,469.21221923828125,0.39579105377197266,motorcycle,0.242218017578125,0.82965087890625
424,16.96,4,16.113037109375,590.5557861328125,1256.411376953125,712.5477294921875,0.4561660885810852,car,6.4173583984375,-0.70794677734375
424,16.96,23,814.72607421875,303.14837646484375,896.0208740234375,374.54632568359375,0.6842248439788818,car,0.5494384765625,-0.064422607421875
424,16.96,46,384.921142578125,329.443359375,459.3358154296875,466.00335693359375,0.5562759041786194,person,-1.929840087890625,1.118316650390625
424,16.96,52,355.81439208984375,353.26373291015625,499.2667236328125,465.45098876953125,0.4275554418563843,bicycle,-0.01861572265625,-0.263641357421875
424,16.96,53,790.548828125,316.95831298828125,821.270263671875,397.12884521484375,0.4367668032646179,person,1.07037353515625,2.8699951171875
424,16.96,55,354.4932556152344,374.3279724121094,497.3913879394531,469.4864807128906,0.34167778491973877,motorcycle,-1.465667724609375,-0.10418701171875
425,17.0,4,17.760986328125,588.6707153320312,1255.993896484375,712.7683715820312,0.464771568775177,car,0.615234375,-0.83221435546875
425,17.0,23,814.8749389648438,302.82501220703125,896.9019165039062,375.20074462890625,0.7231768369674683,car,0.51495361328125,0.16552734375
425,17.0,46,383.58892822265625,331.98883056640625,450.86236572265625,464.4329833984375,0.5313397645950317,person,-4.90283203125,0.487548828125
425,17.0,52,356.7735595703125,353.1527099609375,499.8804931640625,468.2794189453125,0.40438026189804077,bicycle,0.786468505859375,1.35870361328125
425,17.0,53,790.548828125,316.95831298828125,821.270263671875,397.12884521484375,0.4367668032646179,person,1.07037353515625,2.8699951171875
425,17.0,55,354.4932556152344,374.3279724121094,497.3913879394531,469.4864807128906,0.34167778491973877,motorcycle,-1.465667724609375,-0.10418701171875
426,17.04,4,8.297119140625,589.2117919921875,1253.765869140625,712.7984619140625,0.47273218631744385,car,-5.845947265625,0.28558349609375
426,17.04,23,815.7471923828125,303.13226318359375,897.0186767578125,375.4696044921875,0.6948269009590149,car,0.4945068359375,0.288055419921875
426,17.04,46,383.88037109375,331.90826416015625,453.19384765625,465.27764892578125,0.46010133624076843,person,1.31146240234375,0.382049560546875
426,17.04,52,442.86920166015625,354.70953369140625,500.13287353515625,452.84039306640625,0.3007810115814209,bicycle,43.17401123046875,-6.94110107421875
426,17.04,53,790.548828125,316.95831298828125,821.270263671875,397.12884521484375,0.4367668032646179,person,1.07037353515625,2.8699951171875
426,17.04,55,354.4932556152344,374.3279724121094,497.3913879394531,469.4864807128906,0.34167778491973877,motorcycle,-1.465667724609375,-0.10418701171875
427,17.08,4,10.61962890625,590.0091552734375,1249.68603515625,712.7198486328125,0.4644432067871094,car,-0.878662109375,0.359375
427,17.08,23,813.90380859375,302.19854736328125,897.8656005859375,374.52197265625,0.6051144003868103,car,-0.49822998046875,-0.940673828125
427,17.08,46,383.0555419921875,329.39923095703125,456.228759765625,465.4739990234375,0.44354307651519775,person,1.10504150390625,-1.156341552734375
427,17.08,52,441.21221923828125,354.72509765625,500.17388916015625,453.50341796875,0.30450156331062317,bicycle,-0.8079833984375,0.33929443359375
427,17.08,53,792.4398193359375,313.5030517578125,825.34716796875,398.71881103515625,0.33589398860931396,person,0.9946492513020834,-0.310882568359375
427,17.08,55,354.4932556152344,374.3279724121094,497.3913879394531,469.4864807128906,0.34167778491973877,motorcycle,-1.465667724609375,-0.10418701171875
428,17.12,4,6.773193359375,589.4864501953125,1254.865478515625,712.8848876953125,0.4073919951915741,car,0.66650390625,-0.1788330078125
428,17.12,23,814.5120849609375,302.072509765625,898.2650146484375,374.59521484375,0.6115896701812744,car,0.50384521484375,-0.026397705078125
428,17.12,46,382.557861328125,334.02532958984375,449.844482421875,466.24945068359375,0.3995554745197296,person,-3.44097900390625,2.700775146484375
428,17.12,52,440.72723388671875,355.16436767578125,500.2919921875,454.21624755859375,0.31326666474342346,bicycle,-0.183441162109375,0.5760498046875
428,17.12,53,792.4398193359375,313.5030517578125,825.34716796875,398.71881103515625,0.33589398860931396,person,0.9946492513020834,-0.310882568359375
428,17.12,55,354.4932556152344,374.3279724121094,497.3913879394531,469.4864807128906,0.34167778491973877,motorcycle,-1.465667724609375,-0.10418701171875
428,17.12,57,1.2032470703125,522.3987426757812,1263.324462890625,715.6531372070312,0.35950303077697754,car,1.6584981282552083,3.9509404500325522
429,17.16,4,6.773193359375,589.4864501953125,1254.865478515625,712.8848876953125,0.4073919951915741,car,0.66650390625,-0.1788330078125
429,17.16,23,816.143798828125,302.32440185546875,899.529296875,374.62457275390625,0.6084665656089783,car,1.447998046875,0.140625
429,17.16,46,381.0737609863281,340.8624267578125,449.8152160644531,465.0169677734375,0.3211396038532257,person,-0.756683349609375,2.80230712890625
429,17.16,52,440.72723388671875,355.16436767578125,500.2919921875,454.21624755859375,0.31326666474342346,bicycle,-0.183441162109375,0.5760498046875
429,17.16,53,792.4398193359375,313.5030517578125,825.34716796875,398.71881103515625,0.33589398860931396,person,0.9946492513020834,-0.310882568359375
429,17.16,55,354.4932556152344,374.3279724121094,497.3913879394531,469.4864807128906,0.34167778491973877,motorcycle,-1.465667724609375,-0.10418701171875
429,17.16,57,0.0,541.82470703125,1247.088623046875,714.7161865234375,0.3910670578479767,car,-8.71954345703125,9.2445068359375
430,17.2,4,1.5474853515625,494.88427734375,1243.3648681640625,716.07666015625,0.4467603266239166,car,-4.18157958984375,-22.85260009765625
430,17.2,23,817.5782470703125,302.6405334472656,900.1419677734375,374.4410705566406,0.5817750692367554,car,1.0235595703125,0.066314697265625
430,17.2,46,381.851318359375,347.14788818359375,447.38775634765625,469.62408447265625,0.3053113520145416,person,-0.824951171875,5.4462890625
430,17.2,52,440.72723388671875,355.16436767578125,500.2919921875,454.21624755859375,0.31326666474342346,bicycle,-0.183441162109375,0.5760498046875
430,17.2,53,792.4398193359375,313.5030517578125,825.34716796875,398.71881103515625,0.33589398860931396,person,0.9946492513020834,-0.310882568359375
430,17.2,55,352.2070007324219,388.45068359375,474.9270324707031,472.363525390625,0.36855483055114746,motorcycle,-2.0625508626302085,1.4166463216145833
430,17.2,57,3.9503173828125,559.2232666015625,1242.5223388671875,713.9359130859375,0.4533892571926117,car,-0.3079833984375,8.30914306640625
431,17.24,4,1.5474853515625,494.88427734375,1243.3648681640625,716.07666015625,0.4467603266239166,car,-4.18157958984375,-22.85260009765625
431,17.24,23,822.7854614257812,303.12908935546875,901.3738403320312,374.98016357421875,0.5596005916595459,car,3.21954345703125,0.513824462890625
431,17.24,46,380.1106872558594,344.4638671875,450.6643981933594,465.1214599609375,0.3000248074531555,person,0.76800537109375,-3.59332275390625
431,17.24,52,440.72723388671875,355.16436767578125,500.2919921875,454.21624755859375,0.31326666474342346,bicycle,-0.183441162109375,0.5760498046875
431,17.24,53,792.4398193359375,313.5030517578125,825.34716796875,398.71881103515625,0.33589398860931396,person,0.9946492513020834,-0.310882568359375
431,17.24,55,353.856201171875,388.5594177246094,477.795166015625,473.4394836425781,0.37006694078445435,motorcycle,2.2586669921875,0.59234619140625
431,17.24,57,4.5604248046875,571.2093505859375,1248.972412109375,714.1483154296875,0.4911205470561981,car,3.53009033203125,6.0992431640625
432,17.28,4,1.5474853515625,494.88427734375,1243.3648681640625,716.07666015625,0.4467603266239166,car,-4.18157958984375,-22.85260009765625
432,17.28,23,823.3538208007812,303.3715515136719,901.8496704101562,374.9374084472656,0.5363933444023132,car,0.5220947265625,0.099853515625
432,17.28,46,380.8955078125,346.84552001953125,447.17950439453125,466.00372314453125,0.3363017737865448,person,-1.35003662109375,1.6319580078125
432,17.28,52,440.72723388671875,355.16436767578125,500.2919921875,454.21624755859375,0.31326666474342346,bicycle,-0.183441162109375,0.5760498046875
432,17.28,53,792.4398193359375,313.5030517578125,825.34716796875,398.71881103515625,0.33589398860931396,person,0.9946492513020834,-0.310882568359375
432,17.28,55,347.8924560546875,386.6038818359375,491.5152587890625,472.7435302734375,0.3226419985294342,motorcycle,3.878173828125,-1.32574462890625
432,17.28,57,3.4605712890625,569.370849609375,1256.20654296875,714.4326171875,0.4958218038082123,car,3.067138671875,-0.777099609375
433,17.32,4,1.5474853515625,494.88427734375,1243.3648681640625,716.07666015625,0.4467603266239166,car,-4.18157958984375,-22.85260009765625
433,17.32,23,824.0903930664062,303.16595458984375,902.3336791992188,374.47833251953125,0.5748540163040161,car,0.61029052734375,-0.33233642578125
433,17.32,46,380.8955078125,346.84552001953125,447.17950439453125,466.00372314453125,0.3363017737865448,person,-1.35003662109375,1.6319580078125
433,17.32,52,440.72723388671875,355.16436767578125,500.2919921875,454.21624755859375,0.31326666474342346,bicycle,-0.183441162109375,0.5760498046875
433,17.32,53,792.4398193359375,313.5030517578125,825.34716796875,398.71881103515625,0.33589398860931396,person,0.9946492513020834,-0.310882568359375
433,17.32,55,351.42523193359375,384.63604736328125,494.53814697265625,474.087158203125,0.3414175808429718,bicycle,3.27783203125,-0.312103271484375
433,17.32,57,3.94677734375,564.70068359375,1256.849609375,714.1871337890625,0.48821622133255005,car,0.56463623046875,-2.45782470703125
434,17.36,4,1.5474853515625,494.88427734375,1243.3648681640625,716.07666015625,0.4467603266239166,car,-4.18157958984375,-22.85260009765625
434,17.36,23,825.2135620117188,303.03472900390625,902.5291137695312,374.7041015625,0.5595828294754028,car,0.6593017578125,0.047271728515625
434,17.36,46,380.8955078125,346.84552001953125,447.17950439453125,466.00372314453125,0.3363017737865448,person,-1.35003662109375,1.6319580078125
434,17.36,52,440.72723388671875,355.16436767578125,500.2919921875,454.21624755859375,0.31326666474342346,bicycle,-0.183441162109375,0.5760498046875
434,17.36,53,792.4398193359375,313.5030517578125,825.34716796875,398.71881103515625,0.33589398860931396,person,0.9946492513020834,-0.310882568359375
434,17.36,55,351.42523193359375,384.63604736328125,494.53814697265625,474.087158203125,0.3414175808429718,bicycle,3.27783203125,-0.312103271484375
434,17.36,57,0.0,541.3117065429688,1262.20849609375,715.2752075195312,0.5205936431884766,car,0.7060546875,-11.15045166015625
435,17.4,4,1.5474853515625,494.88427734375,1243.3648681640625,716.07666015625,0.4467603266239166,car,-4.18157958984375,-22.85260009765625
435,17.4,23,826.870849609375,302.8888854980469,902.781005859375,375.5349426269531,0.5626782178878784,car,0.95458984375,0.342498779296875
435,17.4,46,380.8955078125,346.84552001953125,447.17950439453125,466.00372314453125,0.3363017737865448,person,-1.35003662109375,1.6319580078125
435,17.4,52,440.72723388671875,355.16436767578125,500.2919921875,454.21624755859375,0.31326666474342346,bicycle,-0.183441162109375,0.5760498046875
435,17.4,53,792.4398193359375,313.5030517578125,825.34716796875,398.71881103515625,0.33589398860931396,person,0.9946492513020834,-0.310882568359375
435,17.4,55,351.42523193359375,384.63604736328125,494.53814697265625,474.087158203125,0.3414175808429718,bicycle,3.27783203125,-0.312103271484375
435,17.4,57,6.9287109375,563.4252319335938,1253.927001953125,714.7854614257812,0.5298336148262024,car,-0.6763916015625,10.8118896484375
436,17.44,4,1.5474853515625,494.88427734375,1243.3648681640625,716.07666015625,0.4467603266239166,car,-4.18157958984375,-22.85260009765625
436,17.44,23,823.6920166015625,302.689697265625,903.623291015625,375.134765625,0.5404292941093445,car,-1.16827392578125,-0.2996826171875
436,17.44,46,380.8955078125,346.84552001953125,447.17950439453125,466.00372314453125,0.3363017737865448,person,-1.35003662109375,1.6319580078125
436,17.44,52,440.72723388671875,355.16436767578125,500.2919921875,454.21624755859375,0.31326666474342346,bicycle,-0.183441162109375,0.5760498046875
436,17.44,53,792.4398193359375,313.5030517578125,825.34716796875,398.71881103515625,0.33589398860931396,person,0.9946492513020834,-0.310882568359375
436,17.44,55,341.90362548828125,390.1833190917969,495.16400146484375,476.3494567871094,0.399190217256546,motorcycle,-1.4826253255208333,1.3015950520833333
436,17.44,57,14.078857421875,564.545654296875,1254.042724609375,714.6240234375,0.5401896238327026,car,3.6329345703125,0.4794921875
437,17.48,4,1.5474853515625,494.88427734375,1243.3648681640625,716.07666015625,0.4467603266239166,car,-4.18157958984375,-22.85260009765625
437,17.48,23,821.2395629882812,302.8032531738281,904.5687866210938,374.8212585449219,0.5445235371589661,car,-0.75347900390625,-0.0999755859375
437,17.48,46,380.8955078125,346.84552001953125,447.17950439453125,466.00372314453125,0.3363017737865448,person,-1.35003662109375,1.6319580078125
437,17.48,52,440.72723388671875,355.16436767578125,500.2919921875,454.21624755859375,0.31326666474342346,bicycle,-0.183441162109375,0.5760498046875
437,17.48,53,792.4398193359375,313.5030517578125,825.34716796875,398.71881103515625,0.33589398860931396,person,0.9946492513020834,-0.310882568359375
437,17.48,55,341.465087890625,389.215576171875,495.7401123046875,476.824951171875,0.40093740820884705,motorcycle,0.06878662109375,-0.246124267578125
437,17.48,57,7.96435546875,560.82763671875,1255.10009765625,714.826171875,0.4778456389904022,car,-2.528564453125,-1.7579345703125
438,17.52,4,1.5474853515625,494.88427734375,1243.3648681640625,716.07666015625,0.4467603266239166,car,-4.18157958984375,-22.85260009765625
438,17.52,23,812.6671752929688,303.171142578125,905.0473022460938,375.20635986328125,0.5106621980667114,car,-4.04693603515625,0.376495361328125
438,17.52,46,380.8955078125,346.84552001953125,447.17950439453125,466.00372314453125,0.3363017737865448,person,-1.35003662109375,1.6319580078125
438,17.52,52,440.72723388671875,355.16436767578125,500.2919921875,454.21624755859375,0.31326666474342346,bicycle,-0.183441162109375,0.5760498046875
438,17.52,53,792.4398193359375,313.5030517578125,825.34716796875,398.71881103515625,0.33589398860931396,person,0.9946492513020834,-0.310882568359375
438,17.52,55,342.139892578125,389.3598937988281,496.94580078125,477.0318908691406,0.44874146580696106,motorcycle,0.94024658203125,0.175628662109375
438,17.52,57,18.374755859375,564.813232421875,1257.2998046875,714.912353515625,0.4471752643585205,car,6.3050537109375,2.035888671875
439,17.56,4,1.5474853515625,494.88427734375,1243.3648681640625,716.07666015625,0.4467603266239166,car,-4.18157958984375,-22.85260009765625
439,17.56,23,800.0956420898438,303.80072021484375,905.7687377929688,375.35211181640625,0.400978147983551,car,-5.925048828125,0.387664794921875
439,17.56,46,345.518798828125,383.8126220703125,496.971435546875,478.2379150390625,0.39500319957733154,bicycle,1.0296587262834822,3.514378138950893
439,17.56,52,440.72723388671875,355.16436767578125,500.2919921875,454.21624755859375,0.31326666474342346,bicycle,-0.183441162109375,0.5760498046875
439,17.56,53,799.4029541015625,307.6529541015625,847.8548583984375,399.9066162109375,0.3674246668815613,person,1.2279510498046875,-0.1942621866861979
439,17.56,55,343.51806640625,390.5654296875,497.3988037109375,478.201416015625,0.36883825063705444,motorcycle,0.91558837890625,1.187530517578125
439,17.56,57,6.710693359375,575.538330078125,1259.1046142578125,714.54052734375,0.4829232096672058,car,-4.92962646484375,5.1766357421875
440,17.6,4,1.5474853515625,494.88427734375,1243.3648681640625,716.07666015625,0.4467603266239166,car,-4.18157958984375,-22.85260009765625
440,17.6,23,797.9718627929688,303.5609130859375,906.7553100585938,375.20635986328125,0.36190900206565857,car,-0.568603515625,-0.192779541015625
440,17.6,46,346.8148193359375,383.66375732421875,497.155029296875,478.78033447265625,0.40177181363105774,bicycle,0.73980712890625,0.19677734375
440,17.6,52,440.72723388671875,355.16436767578125,500.2919921875,454.21624755859375,0.31326666474342346,bicycle,-0.183441162109375,0.5760498046875
440,17.6,53,800.94677734375,306.78515625,849.005859375,399.84002685546875,0.41215357184410095,person,1.347412109375,-0.467193603515625
440,17.6,55,345.31976318359375,391.17498779296875,497.45892333984375,478.52020263671875,0.4114672839641571,motorcycle,0.930908203125,0.46417236328125
440,17.6,57,15.3824462890625,562.0235595703125,1262.15087890625,715.3709716796875,0.4446503520011902,car,5.8590087890625,-6.3421630859375
441,17.64,4,1.5474853515625,494.88427734375,1243.3648681640625,716.07666015625,0.4467603266239166,car,-4.18157958984375,-22.85260009765625
441,17.64,23,796.615234375,303.43768310546875,907.187255859375,373.19390869140625,0.4039776027202606,car,-0.46234130859375,-1.067840576171875
441,17.64,46,346.8148193359375,383.66375732421875,497.155029296875,478.78033447265625,0.40177181363105774,bicycle,0.73980712890625,0.19677734375
441,17.64,52,440.72723388671875,355.16436767578125,500.2919921875,454.21624755859375,0.31326666474342346,bicycle,-0.183441162109375,0.5760498046875
441,17.64,53,800.1937866210938,308.40252685546875,851.4219360351562,398.87518310546875,0.3439987301826477,person,0.83154296875,0.326263427734375
441,17.64,55,344.38836669921875,389.333984375,498.40093994140625,478.4119873046875,0.4887136220932007,motorcycle,0.00531005859375,-0.974609375
441,17.64,57,14.935791015625,561.01171875,1261.1881103515625,715.497314453125,0.42911088466644287,car,-0.7047119140625,-0.4427490234375
441,17.64,58,797.86865234375,315.5762939453125,851.730224609375,398.3797607421875,0.3020262122154236,motorcycle,0.0,0.0
442,17.68,4,1.5474853515625,494.88427734375,1243.3648681640625,716.07666015625,0.4467603266239166,car,-4.18157958984375,-22.85260009765625
442,17.68,23,796.1813354492188,303.4852294921875,907.4978637695312,374.77276611328125,0.39621129631996155,car,-0.0616455078125,0.813201904296875
442,17.68,46,347.8042297363281,381.45733642578125,497.9814147949219,480.853759765625,0.44756630063056946,motorcycle,0.453948974609375,-0.0332489013671875
442,17.68,52,440.72723388671875,355.16436767578125,500.2919921875,454.21624755859375,0.31326666474342346,bicycle,-0.183441162109375,0.5760498046875
442,17.68,53,806.026611328125,308.026611328125,852.735107421875,398.789306640625,0.37888291478157043,person,3.572998046875,-0.23089599609375
442,17.68,55,344.38836669921875,389.333984375,498.40093994140625,478.4119873046875,0.4887136220932007,motorcycle,0.00531005859375,-0.974609375
442,17.68,57,4.3621826171875,568.112548828125,1261.939453125,714.92138671875,0.4771967828273773,car,-4.9111328125,3.262451171875
443,17.72,4,5.2432861328125,507.72265625,1203.925048828125,714.583251953125,0.43311935663223267,car,-1.3747699444110577,0.4363450270432692
443,17.72,23,795.87890625,303.29498291015625,907.04638671875,375.6187744140625,0.4690730571746826,car,-0.376953125,0.327880859375
443,17.72,46,349.2073974609375,385.0951843261719,497.43536376953125,482.4125061035156,0.46112149953842163,motorcycle,0.428558349609375,2.598297119140625
443,17.72,52,440.72723388671875,355.16436767578125,500.2919921875,454.21624755859375,0.31326666474342346,bicycle,-0.183441162109375,0.5760498046875
443,17.72,53,805.8792114257812,310.53875732421875,854.5770874023438,401.66717529296875,0.38600805401802063,person,0.8472900390625,2.69500732421875
443,17.72,55,349.12628173828125,363.9473876953125,498.79058837890625,481.83868408203125,0.3152443468570709,bicycle,1.281890869140625,-5.4899749755859375
443,17.72,57,3.18359375,568.7261962890625,1260.573974609375,714.6180419921875,0.4372256100177765,car,-1.27203369140625,0.1551513671875
444,17.76,4,5.61767578125,506.75146484375,1208.67041015625,714.3858642578125,0.44654738903045654,car,2.55987548828125,-0.58428955078125
444,17.76,23,796.4598388671875,303.1418762207031,907.1285400390625,375.1520690917969,0.57395339012146,car,0.33154296875,-0.309906005859375
444,17.76,46,349.8452453613281,378.41961669921875,497.9059753417969,483.86785888671875,0.4702044427394867,motorcycle,0.554229736328125,-2.610107421875
444,17.76,52,440.72723388671875,355.16436767578125,500.2919921875,454.21624755859375,0.31326666474342346,bicycle,-0.183441162109375,0.5760498046875
444,17.76,53,804.48486328125,309.26580810546875,856.8701171875,403.09454345703125,0.4796520471572876,person,0.4493408203125,0.07720947265625
444,17.76,55,349.51080322265625,360.82891845703125,499.01898193359375,483.44537353515625,0.3540322184562683,bicycle,0.30645751953125,-0.755889892578125
444,17.76,57,2.796630859375,574.369140625,1247.7550048828125,714.0411376953125,0.47119927406311035,car,-6.60296630859375,2.53302001953125
445,17.8,4,5.1119384765625,508.14251708984375,1207.888427734375,714.3367309570312,0.481220006942749,car,-0.64385986328125,0.67095947265625
445,17.8,23,796.618896484375,303.44378662109375,907.23388671875,374.57598876953125,0.6237983703613281,car,0.1322021484375,-0.1370849609375
445,17.8,46,348.8357849121094,377.7988586425781,498.6211242675781,483.2455749511719,0.4890337884426117,bicycle,-0.14715576171875,-0.62152099609375
445,17.8,52,440.72723388671875,355.16436767578125,500.2919921875,454.21624755859375,0.31326666474342346,bicycle,-0.183441162109375,0.5760498046875
445,17.8,53,814.8068237304688,311.8172607421875,856.3450317382812,403.7432861328125,0.5314409136772156,person,4.8984375,1.60009765625
445,17.8,55,349.51080322265625,360.82891845703125,499.01898193359375,483.44537353515625,0.3540322184562683,bicycle,0.30645751953125,-0.755889892578125
445,17.8,57,2.7396240234375,573.2445068359375,1257.4776611328125,713.9285888671875,0.475249707698822,car,4.83282470703125,-0.61859130859375
446,17.84,4,3.6929931640625,505.4822998046875,1212.75390625,714.2296142578125,0.4348810315132141,car,1.7232666015625,-1.3836669921875
446,17.84,23,797.0776977539062,303.30841064453125,907.1365356445312,374.4581298828125,0.5407799482345581,car,0.18072509765625,-0.126617431640625
446,17.84,46,348.8357849121094,377.7988586425781,498.6211242675781,483.2455749511719,0.4890337884426117,bicycle,-0.14715576171875,-0.62152099609375
446,17.84,52,440.72723388671875,355.16436767578125,500.2919921875,454.21624755859375,0.31326666474342346,bicycle,-0.183441162109375,0.5760498046875
446,17.84,53,817.7647705078125,314.26849365234375,856.4779052734375,404.9891357421875,0.49285078048706055,person,1.54541015625,1.848541259765625
446,17.84,55,348.97198486328125,369.33489990234375,498.11187744140625,483.89459228515625,0.6069344282150269,bicycle,-0.361480712890625,2.238800048828125
446,17.84,57,2.977294921875,580.6798095703125,1257.69775390625,714.4093017578125,0.5182254910469055,car,0.2288818359375,3.9580078125
447,17.88,4,3.8865966796875,527.083740234375,1221.14892578125,715.773681640625,0.3714773654937744,car,4.2943115234375,11.57275390625
447,17.88,23,797.0081787109375,303.2049560546875,907.8856201171875,375.92578125,0.5071760416030884,car,0.33978271484375,0.682098388671875
447,17.88,46,348.8357849121094,377.7988586425781,498.6211242675781,483.2455749511719,0.4890337884426117,bicycle,-0.14715576171875,-0.62152099609375
447,17.88,52,440.72723388671875,355.16436767578125,500.2919921875,454.21624755859375,0.31326666474342346,bicycle,-0.183441162109375,0.5760498046875
447,17.88,53,819.67041015625,314.5535888671875,857.832763671875,405.08270263671875,0.5865650773048401,person,1.6302490234375,0.1893310546875
447,17.88,55,348.42791748046875,369.433349609375,497.83453369140625,485.18505859375,0.5842427611351013,bicycle,-0.41070556640625,0.6944580078125
447,17.88,57,2.515625,582.3475341796875,1245.0975341796875,714.6290283203125,0.5627791881561279,car,-6.53094482421875,0.9437255859375
448,17.92,4,4.2093505859375,518.386474609375,1211.8421630859375,715.55078125,0.35827356576919556,car,-4.49200439453125,-4.4600830078125
448,17.92,23,797.932861328125,303.3918762207031,909.4228515625,375.1597595214844,0.34758204221725464,truck,1.23095703125,-0.28955078125
448,17.92,46,348.8357849121094,377.7988586425781,498.6211242675781,483.2455749511719,0.4890337884426117,bicycle,-0.14715576171875,-0.62152099609375
448,17.92,52,440.72723388671875,355.16436767578125,500.2919921875,454.21624755859375,0.31326666474342346,bicycle,-0.183441162109375,0.5760498046875
448,17.92,53,823.5205688476562,318.94287109375,859.1001586914062,405.0047607421875,0.6467466354370117,person,2.55877685546875,2.155670166015625
448,17.92,55,348.41107177734375,365.18951416015625,497.955322265625,485.34405517578125,0.5743249654769897,bicycle,0.051971435546875,-2.04241943359375
448,17.92,57,1.108154296875,582.44921875,1222.029541015625,714.2406005859375,0.5567684173583984,car,-12.23773193359375,-0.14337158203125
448,17.92,58,798.2481689453125,306.4267883300781,909.3555908203125,376.1756286621094,0.4688031077384949,car,4.143205915178571,-2.2395455496651784
449,17.96,4,5.1802978515625,527.7037353515625,1214.3154296875,715.3468017578125,0.32797059416770935,car,1.72210693359375,4.556640625
449,17.96,23,797.932861328125,303.3918762207031,909.4228515625,375.1597595214844,0.34758204221725464,truck,1.23095703125,-0.28955078125
449,17.96,46,348.8357849121094,377.7988586425781,498.6211242675781,483.2455749511719,0.4890337884426117,bicycle,-0.14715576171875,-0.62152099609375
449,17.96,52,440.72723388671875,355.16436767578125,500.2919921875,454.21624755859375,0.31326666474342346,bicycle,-0.183441162109375,0.5760498046875
449,17.96,53,823.7356567382812,316.6054992675781,860.3475952148438,405.5661926269531,0.6747562289237976,person,0.73126220703125,-0.887969970703125
449,17.96,55,347.39813232421875,361.0874938964844,498.26348876953125,485.9087829589844,0.5137158036231995,bicycle,-0.352386474609375,-1.768646240234375
449,17.96,57,1.41162109375,583.235595703125,1220.343994140625,714.12548828125,0.5538689494132996,car,-0.6910400390625,0.33563232421875
449,17.96,58,798.610595703125,306.57244873046875,909.239013671875,376.22650146484375,0.444635272026062,car,0.1229248046875,0.0982666015625
450,18.0,4,5.1802978515625,527.7037353515625,1214.3154296875,715.3468017578125,0.32797059416770935,car,1.72210693359375,4.556640625
450,18.0,23,797.932861328125,303.3918762207031,909.4228515625,375.1597595214844,0.34758204221725464,truck,1.23095703125,-0.28955078125
450,18.0,46,348.8357849121094,377.7988586425781,498.6211242675781,483.2455749511719,0.4890337884426117,bicycle,-0.14715576171875,-0.62152099609375
450,18.0,52,440.72723388671875,355.16436767578125,500.2919921875,454.21624755859375,0.31326666474342346,bicycle,-0.183441162109375,0.5760498046875
450,18.0,53,825.287841796875,319.0075378417969,860.3623046875,406.3420104980469,0.664167582988739,person,0.783447265625,1.58892822265625
450,18.0,55,347.32489013671875,360.33770751953125,498.27044677734375,486.18267822265625,0.473985880613327,bicycle,-0.03314208984375,-0.237945556640625
450,18.0,57,2.4969482421875,583.08203125,1231.7451171875,714.3134765625,0.5925314426422119,car,6.24322509765625,0.0172119140625
450,18.0,58,798.642822265625,306.07501220703125,911.31787109375,376.92559814453125,0.4917721450328827,car,1.0555419921875,0.100830078125
451,18.04,4,5.1802978515625,527.7037353515625,1214.3154296875,715.3468017578125,0.32797059416770935,car,1.72210693359375,4.556640625
451,18.04,23,798.271484375,302.8428955078125,910.58642578125,375.0526123046875,0.3271840214729309,truck,0.2503662109375,-0.10935465494791667
451,18.04,46,348.8357849121094,377.7988586425781,498.6211242675781,483.2455749511719,0.4890337884426117,bicycle,-0.14715576171875,-0.62152099609375
451,18.04,52,440.72723388671875,355.16436767578125,500.2919921875,454.21624755859375,0.31326666474342346,bicycle,-0.183441162109375,0.5760498046875
451,18.04,53,827.7561645507812,315.6681213378906,863.4094848632812,407.1093444824219,0.6258720755577087,person,2.75775146484375,-1.286041259765625
451,18.04,55,346.1622314453125,355.19183349609375,499.76507568359375,484.76629638671875,0.462613970041275,bicycle,0.165985107421875,-3.2811279296875
451,18.04,57,3.2796630859375,584.0213623046875,1236.3826904296875,714.0592041015625,0.6217156648635864,car,2.71014404296875,0.342529296875
451,18.04,58,798.8341064453125,306.041259765625,910.6463623046875,376.509521484375,0.4323817789554596,car,-0.2401123046875,-0.22491455078125
452,18.08,4,5.1802978515625,527.7037353515625,1214.3154296875,715.3468017578125,0.32797059416770935,car,1.72210693359375,4.556640625
452,18.08,23,828.5040283203125,304.3055419921875,910.135009765625,374.72503662109375,0.3961767256259918,car,14.89056396484375,0.567535400390625
452,18.08,46,346.639404296875,356.02105712890625,498.94677734375,486.88958740234375,0.4462560713291168,motorcycle,-0.13362339564732142,-1.2952706473214286
452,18.08,52,440.72723388671875,355.16436767578125,500.2919921875,454.21624755859375,0.31326666474342346,bicycle,-0.183441162109375,0.5760498046875
452,18.08,53,829.13623046875,313.98651123046875,865.464111328125,408.60675048828125,0.6680299043655396,person,1.71734619140625,-0.09210205078125
452,18.08,55,345.82708740234375,353.5157165527344,499.9688720703125,485.6523132324219,0.36501482129096985,bicycle,-0.065673828125,-0.395050048828125
452,18.08,57,2.9234619140625,587.5526123046875,1237.70361328125,714.3631591796875,0.6110745072364807,car,0.48236083984375,1.9176025390625
452,18.08,58,799.1243896484375,308.501220703125,910.8319091796875,376.197509765625,0.4277227818965912,car,0.2379150390625,1.073974609375
453,18.12,4,5.9490966796875,536.3757934570312,1218.9927978515625,715.2482299804688,0.3448804020881653,car,0.6807708740234375,1.071685791015625
453,18.12,23,831.0260009765625,304.752685546875,910.8466796875,375.75048828125,0.3415977656841278,car,1.6168212890625,0.736297607421875
453,18.12,46,346.88446044921875,356.33209228515625,498.24029541015625,487.26068115234375,0.5101706385612488,motorcycle,-0.230712890625,0.341064453125
453,18.12,52,440.72723388671875,355.16436767578125,500.2919921875,454.21624755859375,0.31326666474342346,bicycle,-0.183441162109375,0.5760498046875
453,18.12,53,829.6613159179688,312.22027587890625,865.9203491210938,408.20574951171875,0.6276413798332214,person,0.49066162109375,-1.0836181640625
453,18.12,55,345.82708740234375,353.5157165527344,499.9688720703125,485.6523132324219,0.36501482129096985,bicycle,-0.065673828125,-0.395050048828125
453,18.12,57,3.55810546875,588.2232666015625,1243.830810546875,714.6783447265625,0.6196841597557068,car,3.38092041015625,0.492919921875
453,18.12,58,799.591552734375,307.1888427734375,911.6845703125,375.93212890625,0.4888431429862976,car,0.659912109375,-0.78887939453125
454,18.16,4,5.0098876953125,536.212890625,1225.3426513671875,715.2603759765625,0.35642412304878235,car,2.705322265625,-0.07537841796875
454,18.16,23,831.0260009765625,304.752685546875,910.8466796875,375.75048828125,0.3415977656841278,car,1.6168212890625,0.736297607421875
454,18.16,46,346.8360595703125,357.69964599609375,498.6094970703125,486.321533203125,0.459939181804657,motorcycle,0.160400390625,0.214202880859375
454,18.16,52,440.72723388671875,355.16436767578125,500.2919921875,454.21624755859375,0.31326666474342346,bicycle,-0.183441162109375,0.5760498046875
454,18.16,53,830.9456787109375,311.0334777832031,866.9683837890625,408.6318664550781,0.5852653980255127,person,1.16619873046875,-0.380340576171875
454,18.16,55,345.82708740234375,353.5157165527344,499.9688720703125,485.6523132324219,0.36501482129096985,bicycle,-0.065673828125,-0.395050048828125
454,18.16,57,3.2340087890625,588.101318359375,1243.3170166015625,714.6962890625,0.5970082879066467,car,-0.4189453125,-0.052001953125
454,18.16,58,799.776611328125,306.7732238769531,912.5518798828125,376.9660949707031,0.5359460711479187,car,0.52618408203125,0.309173583984375
455,18.2,4,5.0098876953125,536.212890625,1225.3426513671875,715.2603759765625,0.35642412304878235,car,2.705322265625,-0.07537841796875
455,18.2,23,831.5732421875,305.0135498046875,912.388671875,376.69171142578125,0.31045296788215637,car,0.522308349609375,0.3005218505859375
455,18.2,46,346.9156494140625,359.69317626953125,498.1151123046875,485.11798095703125,0.39769506454467773,bicycle,-0.2073974609375,0.394989013671875
455,18.2,52,440.72723388671875,355.16436767578125,500.2919921875,454.21624755859375,0.31326666474342346,bicycle,-0.183441162109375,0.5760498046875
455,18.2,53,831.6717529296875,311.3177490234375,867.9156494140625,408.40716552734375,0.5445290207862854,person,0.836669921875,0.02978515625
455,18.2,55,346.51800537109375,361.75921630859375,497.1646728515625,487.65081787109375,0.33989590406417847,motorcycle,-0.3522135416666667,1.707000732421875
455,18.2,57,3.6160888671875,588.6409912109375,1247.5731201171875,714.8231201171875,0.5989270210266113,car,2.319091796875,0.333251953125
455,18.2,58,800.1978759765625,308.337646484375,912.716552734375,376.984375,0.45097658038139343,car,0.29296875,0.791351318359375
456,18.24,4,5.371337890625,525.9024658203125,1233.4180908203125,715.251953125,0.4133261442184448,car,2.109222412109375,-2.5797119140625
456,18.24,23,831.5732421875,305.0135498046875,912.388671875,376.69171142578125,0.31045296788215637,car,0.522308349609375,0.3005218505859375
456,18.24,46,345.90496826171875,360.00347900390625,497.85736083984375,485.37255859375,0.4534605145454407,bicycle,-0.63421630859375,0.282440185546875
456,18.24,52,440.72723388671875,355.16436767578125,500.2919921875,454.21624755859375,0.31326666474342346,bicycle,-0.183441162109375,0.5760498046875
456,18.24,53,833.102294921875,313.4795837402344,868.244384765625,408.5935974121094,0.5151109099388123,person,0.879638671875,1.17413330078125
456,18.24,55,346.51800537109375,361.75921630859375,497.1646728515625,487.65081787109375,0.33989590406417847,motorcycle,-0.3522135416666667,1.707000732421875
456,18.24,57,3.241455078125,589.7159423828125,1245.01416015625,714.96240234375,0.5857927203178406,car,-1.466796875,0.60711669921875
456,18.24,58,800.3380126953125,306.68682861328125,913.1307373046875,377.23602294921875,0.4849942624568939,car,0.27716064453125,-0.6995849609375
457,18.28,4,6.8492431640625,536.146728515625,1261.7635498046875,715.237548828125,0.4617012143135071,car,14.91168212890625,5.11492919921875
457,18.28,23,831.5732421875,305.0135498046875,912.388671875,376.69171142578125,0.31045296788215637,car,0.522308349609375,0.3005218505859375
457,18.28,46,345.1427917480469,359.3525695800781,498.6025085449219,485.3972473144531,0.49246981739997864,bicycle,-0.008514404296875,-0.3131103515625
457,18.28,52,440.72723388671875,355.16436767578125,500.2919921875,454.21624755859375,0.31326666474342346,bicycle,-0.183441162109375,0.5760498046875
457,18.28,53,834.3143310546875,314.0382385253906,869.2943115234375,408.9230651855469,0.5356528759002686,person,1.1309814453125,0.444061279296875
457,18.28,55,346.51800537109375,361.75921630859375,497.1646728515625,487.65081787109375,0.33989590406417847,motorcycle,-0.3522135416666667,1.707000732421875
457,18.28,57,3.558837890625,590.31982421875,1253.00341796875,715.12548828125,0.566419780254364,car,4.1533203125,0.38348388671875
457,18.28,58,800.5345458984375,306.1501770019531,913.3729248046875,377.5374450683594,0.5016395449638367,car,0.2193603515625,-0.11761474609375
458,18.32,4,5.673828125,524.2584228515625,1228.0323486328125,715.4805908203125,0.39924123883247375,car,-17.45330810546875,-5.8226318359375
458,18.32,23,831.5732421875,305.0135498046875,912.388671875,376.69171142578125,0.31045296788215637,car,0.522308349609375,0.3005218505859375
458,18.32,46,345.43963623046875,358.75701904296875,498.53057861328125,485.0230712890625,0.4884611964225769,bicycle,0.112457275390625,-0.48486328125
458,18.32,52,440.72723388671875,355.16436767578125,500.2919921875,454.21624755859375,0.31326666474342346,bicycle,-0.183441162109375,0.5760498046875
458,18.32,53,833.7762451171875,314.20343017578125,871.2718505859375,409.90447998046875,0.6216106414794922,person,0.7197265625,0.57330322265625
458,18.32,55,346.51800537109375,361.75921630859375,497.1646728515625,487.65081787109375,0.33989590406417847,motorcycle,-0.3522135416666667,1.707000732421875
458,18.32,57,3.735107421875,589.3018798828125,1256.72216796875,715.2747802734375,0.5675240159034729,car,1.947509765625,-0.434326171875
458,18.32,58,800.725341796875,306.2955322265625,913.6273193359375,377.40350341796875,0.49606776237487793,car,0.22259521484375,0.005706787109375
459,18.36,4,5.9722900390625,528.2242431640625,1228.6856689453125,715.215087890625,0.3744247257709503,car,0.47589111328125,1.85015869140625
459,18.36,23,831.5732421875,305.0135498046875,912.388671875,376.69171142578125,0.31045296788215637,car,0.522308349609375,0.3005218505859375
459,18.36,46,344.8497314453125,359.44073486328125,498.66552734375,486.26348876953125,0.48834630846977234,bicycle,-0.22747802734375,0.962066650390625
459,18.36,52,440.72723388671875,355.16436767578125,500.2919921875,454.21624755859375,0.31326666474342346,bicycle,-0.183441162109375,0.5760498046875
459,18.36,53,834.633056640625,312.4063720703125,874.246826171875,412.0760498046875,0.5998796820640564,person,1.9158935546875,0.187255859375
459,18.36,55,346.51800537109375,361.75921630859375,497.1646728515625,487.65081787109375,0.33989590406417847,motorcycle,-0.3522135416666667,1.707000732421875
459,18.36,57,3.4754638671875,589.5801391601562,1252.75048828125,715.2797241210938,0.5697778463363647,car,-2.11566162109375,0.1416015625
459,18.36,58,801.25048828125,307.14471435546875,914.4847412109375,377.28961181640625,0.4845614731311798,car,0.6912841796875,0.367645263671875
460,18.4,4,5.17333984375,538.2835693359375,1229.0135498046875,715.3309326171875,0.37939590215682983,car,-0.23553466796875,5.08758544921875
460,18.4,23,831.5732421875,305.0135498046875,912.388671875,376.69171142578125,0.31045296788215637,car,0.522308349609375,0.3005218505859375
460,18.4,46,344.04638671875,357.67132568359375,499.94012451171875,483.90289306640625,0.4730965793132782,bicycle,0.235626220703125,-2.06500244140625
460,18.4,52,440.72723388671875,355.16436767578125,500.2919921875,454.21624755859375,0.31326666474342346,bicycle,-0.183441162109375,0.5760498046875
460,18.4,53,836.5125122070312,312.88726806640625,875.3713989257812,410.68145751953125,0.45258915424346924,person,1.50201416015625,-0.45684814453125
460,18.4,55,346.51800537109375,361.75921630859375,497.1646728515625,487.65081787109375,0.33989590406417847,motorcycle,-0.3522135416666667,1.707000732421875
460,18.4,57,3.421142578125,590.3031005859375,1254.07958984375,715.1192626953125,0.5567166209220886,car,0.63739013671875,0.28125
460,18.4,58,800.500732421875,303.7335205078125,913.030029296875,376.09173583984375,0.5521706938743591,car,-1.10223388671875,-2.304534912109375
461,18.44,4,5.17333984375,538.2835693359375,1229.0135498046875,715.3309326171875,0.37939590215682983,car,-0.23553466796875,5.08758544921875
461,18.44,23,831.5732421875,305.0135498046875,912.388671875,376.69171142578125,0.31045296788215637,car,0.522308349609375,0.3005218505859375
461,18.44,46,343.14984130859375,357.77691650390625,499.76849365234375,485.32586669921875,0.3934171795845032,bicycle,-0.534088134765625,0.7642822265625
461,18.44,52,440.72723388671875,355.16436767578125,500.2919921875,454.21624755859375,0.31326666474342346,bicycle,-0.183441162109375,0.5760498046875
461,18.44,53,838.5916748046875,311.33062744140625,877.8551025390625,409.89801025390625,0.35981956124305725,person,2.28143310546875,-1.1700439453125
461,18.44,55,346.51800537109375,361.75921630859375,497.1646728515625,487.65081787109375,0.33989590406417847,motorcycle,-0.3522135416666667,1.707000732421875
461,18.44,57,4.03173828125,590.6749877929688,1256.605224609375,715.1079711914062,0.5726063251495361,car,1.568115234375,0.1802978515625
461,18.44,58,800.738037109375,303.69134521484375,913.1298828125,376.40704345703125,0.5359891057014465,car,0.1685791015625,0.136566162109375
462,18.48,4,5.17333984375,538.2835693359375,1229.0135498046875,715.3309326171875,0.37939590215682983,car,-0.23553466796875,5.08758544921875
462,18.48,23,831.5732421875,305.0135498046875,912.388671875,376.69171142578125,0.31045296788215637,car,0.522308349609375,0.3005218505859375
462,18.48,46,342.8074951171875,357.1864013671875,499.6873779296875,484.917236328125,0.3225242495536804,bicycle,-0.21173095703125,-0.49957275390625
462,18.48,52,440.72723388671875,355.16436767578125,500.2919921875,454.21624755859375,0.31326666474342346,bicycle,-0.183441162109375,0.5760498046875
462,18.48,53,841.0810546875,311.619384765625,879.004150390625,408.3843994140625,0.39588120579719543,person,1.8192138671875,-0.6124267578125
462,18.48,55,346.51800537109375,361.75921630859375,497.1646728515625,487.65081787109375,0.33989590406417847,motorcycle,-0.3522135416666667,1.707000732421875
462,18.48,57,3.9542236328125,590.3626098632812,1256.116455078125,715.2301635742188,0.5669136643409729,car,-0.28314208984375,-0.0950927734375
462,18.48,58,801.230224609375,303.2127380371094,914.2314453125,376.4937438964844,0.570050835609436,car,0.796875,-0.195953369140625
463,18.52,4,5.033935546875,535.4580688476562,1188.245361328125,714.0958862304688,0.32943660020828247,car,-6.81793212890625,-0.6767578125
463,18.52,23,831.5732421875,305.0135498046875,912.388671875,376.69171142578125,0.31045296788215637,car,0.522308349609375,0.3005218505859375
463,18.52,46,342.8074951171875,357.1864013671875,499.6873779296875,484.917236328125,0.3225242495536804,bicycle,-0.21173095703125,-0.49957275390625
463,18.52,52,440.72723388671875,355.16436767578125,500.2919921875,454.21624755859375,0.31326666474342346,bicycle,-0.183441162109375,0.5760498046875
463,18.52,53,841.0810546875,311.619384765625,879.004150390625,408.3843994140625,0.39588120579719543,person,1.8192138671875,-0.6124267578125
463,18.52,55,346.51800537109375,361.75921630859375,497.1646728515625,487.65081787109375,0.33989590406417847,motorcycle,-0.3522135416666667,1.707000732421875
463,18.52,57,3.7159423828125,589.960693359375,1255.68994140625,715.40234375,0.5921984910964966,car,-0.3323974609375,-0.1148681640625
463,18.52,58,801.6473388671875,302.7470703125,913.939208984375,376.6219482421875,0.5189691185951233,car,0.06243896484375,-0.168731689453125
464,18.56,4,5.033935546875,535.4580688476562,1188.245361328125,714.0958862304688,0.32943660020828247,car,-6.81793212890625,-0.6767578125
464,18.56,23,831.5732421875,305.0135498046875,912.388671875,376.69171142578125,0.31045296788215637,car,0.522308349609375,0.3005218505859375
464,18.56,46,342.8074951171875,357.1864013671875,499.6873779296875,484.917236328125,0.3225242495536804,bicycle,-0.21173095703125,-0.49957275390625
464,18.56,52,440.72723388671875,355.16436767578125,500.2919921875,454.21624755859375,0.31326666474342346,bicycle,-0.183441162109375,0.5760498046875
464,18.56,53,841.0810546875,311.619384765625,879.004150390625,408.3843994140625,0.39588120579719543,person,1.8192138671875,-0.6124267578125
464,18.56,55,346.51800537109375,361.75921630859375,497.1646728515625,487.65081787109375,0.33989590406417847,motorcycle,-0.3522135416666667,1.707000732421875
464,18.56,57,4.078369140625,590.2708740234375,1258.912353515625,715.365478515625,0.5882935523986816,car,1.79241943359375,0.13665771484375
464,18.56,58,801.7984008789062,302.80078125,913.9168090820312,376.5384521484375,0.4954150915145874,car,0.0643310546875,-0.014892578125
465,18.6,4,5.033935546875,535.4580688476562,1188.245361328125,714.0958862304688,0.32943660020828247,car,-6.81793212890625,-0.6767578125
465,18.6,23,831.5732421875,305.0135498046875,912.388671875,376.69171142578125,0.31045296788215637,car,0.522308349609375,0.3005218505859375
465,18.6,46,342.8074951171875,357.1864013671875,499.6873779296875,484.917236328125,0.3225242495536804,bicycle,-0.21173095703125,-0.49957275390625
465,18.6,52,440.72723388671875,355.16436767578125,500.2919921875,454.21624755859375,0.31326666474342346,bicycle,-0.183441162109375,0.5760498046875
465,18.6,53,841.0810546875,311.619384765625,879.004150390625,408.3843994140625,0.39588120579719543,person,1.8192138671875,-0.6124267578125
465,18.6,55,346.51800537109375,361.75921630859375,497.1646728515625,487.65081787109375,0.33989590406417847,motorcycle,-0.3522135416666667,1.707000732421875
465,18.6,57,2.25537109375,578.9923095703125,1261.18359375,715.3109130859375,0.5943716764450073,car,0.22412109375,-5.66656494140625
465,18.6,58,802.2487182617188,303.1180419921875,914.8549194335938,376.600341796875,0.47240179777145386,car,0.6942138671875,0.1895751953125
466,18.64,4,5.033935546875,535.4580688476562,1188.245361328125,714.0958862304688,0.32943660020828247,car,-6.81793212890625,-0.6767578125
466,18.64,23,831.5732421875,305.0135498046875,912.388671875,376.69171142578125,0.31045296788215637,car,0.522308349609375,0.3005218505859375
466,18.64,46,342.8074951171875,357.1864013671875,499.6873779296875,484.917236328125,0.3225242495536804,bicycle,-0.21173095703125,-0.49957275390625
466,18.64,52,440.72723388671875,355.16436767578125,500.2919921875,454.21624755859375,0.31326666474342346,bicycle,-0.183441162109375,0.5760498046875
466,18.64,53,841.0810546875,311.619384765625,879.004150390625,408.3843994140625,0.39588120579719543,person,1.8192138671875,-0.6124267578125
466,18.64,55,346.51800537109375,361.75921630859375,497.1646728515625,487.65081787109375,0.33989590406417847,motorcycle,-0.3522135416666667,1.707000732421875
466,18.64,57,2.2850341796875,579.6949462890625,1260.83984375,715.6275634765625,0.5914960503578186,car,-0.15704345703125,0.5096435546875
466,18.64,58,802.4918212890625,302.6253662109375,915.3319091796875,376.4046630859375,0.41618582606315613,car,0.36004638671875,-0.34417724609375
467,18.68,4,5.033935546875,535.4580688476562,1188.245361328125,714.0958862304688,0.32943660020828247,car,-6.81793212890625,-0.6767578125
467,18.68,23,802.2747802734375,303.209716796875,914.5072021484375,376.7274169921875,0.3207956850528717,truck,-1.1324971516927083,-0.07367197672526042
467,18.68,46,342.8074951171875,357.1864013671875,499.6873779296875,484.917236328125,0.3225242495536804,bicycle,-0.21173095703125,-0.49957275390625
467,18.68,52,440.72723388671875,355.16436767578125,500.2919921875,454.21624755859375,0.31326666474342346,bicycle,-0.183441162109375,0.5760498046875
467,18.68,53,841.0810546875,311.619384765625,879.004150390625,408.3843994140625,0.39588120579719543,person,1.8192138671875,-0.6124267578125
467,18.68,55,346.51800537109375,361.75921630859375,497.1646728515625,487.65081787109375,0.33989590406417847,motorcycle,-0.3522135416666667,1.707000732421875
467,18.68,57,2.30126953125,581.299560546875,1259.1904296875,715.4530029296875,0.6087716817855835,car,-0.81658935546875,0.71502685546875
467,18.68,58,802.5592041015625,302.9039306640625,915.4261474609375,376.255615234375,0.355106383562088,car,0.080810546875,0.06475830078125
468,18.72,4,5.033935546875,535.4580688476562,1188.245361328125,714.0958862304688,0.32943660020828247,car,-6.81793212890625,-0.6767578125
468,18.72,23,802.2891845703125,303.827880859375,914.0062255859375,376.8770751953125,0.3040860891342163,truck,-0.2432861328125,0.3839111328125
468,18.72,46,342.8074951171875,357.1864013671875,499.6873779296875,484.917236328125,0.3225242495536804,bicycle,-0.21173095703125,-0.49957275390625
468,18.72,52,440.72723388671875,355.16436767578125,500.2919921875,454.21624755859375,0.31326666474342346,bicycle,-0.183441162109375,0.5760498046875
468,18.72,53,847.6654052734375,318.603515625,887.9100341796875,415.0819091796875,0.5401215553283691,person,1.2908528645833333,1.14013671875
468,18.72,55,346.51800537109375,361.75921630859375,497.1646728515625,487.65081787109375,0.33989590406417847,motorcycle,-0.3522135416666667,1.707000732421875
468,18.72,57,2.288330078125,580.418212890625,1259.484130859375,715.58642578125,0.5942962765693665,car,0.140380859375,-0.37396240234375
468,18.72,58,802.474365234375,303.19293212890625,914.96044921875,376.11590576171875,0.3698524236679077,car,-0.2752685546875,0.07464599609375
469,18.76,4,5.033935546875,535.4580688476562,1188.245361328125,714.0958862304688,0.32943660020828247,car,-6.81793212890625,-0.6767578125
469,18.76,23,802.2891845703125,303.827880859375,914.0062255859375,376.8770751953125,0.3040860891342163,truck,-0.2432861328125,0.3839111328125
469,18.76,46,342.8074951171875,357.1864013671875,499.6873779296875,484.917236328125,0.3225242495536804,bicycle,-0.21173095703125,-0.49957275390625
469,18.76,52,440.72723388671875,355.16436767578125,500.2919921875,454.21624755859375,0.31326666474342346,bicycle,-0.183441162109375,0.5760498046875
469,18.76,53,848.3600463867188,316.75592041015625,889.1571655273438,414.375,0.6021063327789307,person,0.97088623046875,-1.277252197265625
469,18.76,55,346.51800537109375,361.75921630859375,497.1646728515625,487.65081787109375,0.33989590406417847,motorcycle,-0.3522135416666667,1.707000732421875
469,18.76,57,1.8065185546875,583.733154296875,1257.6942138671875,715.559326171875,0.585573136806488,car,-1.1358642578125,1.6439208984375
469,18.76,58,802.5826416015625,303.8450927734375,915.5311279296875,376.2703857421875,0.4429696202278137,car,0.3394775390625,0.4033203125
470,18.8,4,5.033935546875,535.4580688476562,1188.245361328125,714.0958862304688,0.32943660020828247,car,-6.81793212890625,-0.6767578125
470,18.8,23,802.2891845703125,303.827880859375,914.0062255859375,376.8770751953125,0.3040860891342163,truck,-0.2432861328125,0.3839111328125
470,18.8,46,342.8074951171875,357.1864013671875,499.6873779296875,484.917236328125,0.3225242495536804,bicycle,-0.21173095703125,-0.49957275390625
470,18.8,52,440.72723388671875,355.16436767578125,500.2919921875,454.21624755859375,0.31326666474342346,bicycle,-0.183441162109375,0.5760498046875
470,18.8,53,848.821533203125,320.0960693359375,891.65283203125,414.5421142578125,0.6410596370697021,person,1.47857666015625,1.753631591796875
470,18.8,55,346.51800537109375,361.75921630859375,497.1646728515625,487.65081787109375,0.33989590406417847,motorcycle,-0.3522135416666667,1.707000732421875
470,18.8,57,1.8966064453125,584.7627563476562,1257.73583984375,715.4827270507812,0.5771318674087524,car,0.06585693359375,0.47650146484375
470,18.8,58,803.6622314453125,309.54010009765625,917.1549072265625,376.40643310546875,0.4482778012752533,car,1.3516845703125,2.91552734375
471,18.84,4,5.033935546875,535.4580688476562,1188.245361328125,714.0958862304688,0.32943660020828247,car,-6.81793212890625,-0.6767578125
471,18.84,23,802.2891845703125,303.827880859375,914.0062255859375,376.8770751953125,0.3040860891342163,truck,-0.2432861328125,0.3839111328125
471,18.84,46,342.8074951171875,357.1864013671875,499.6873779296875,484.917236328125,0.3225242495536804,bicycle,-0.21173095703125,-0.49957275390625
471,18.84,52,440.72723388671875,355.16436767578125,500.2919921875,454.21624755859375,0.31326666474342346,bicycle,-0.183441162109375,0.5760498046875
471,18.84,53,848.703125,319.9104919433594,895.61572265625,415.6420593261719,0.6569859385490417,person,1.9222412109375,0.457183837890625
471,18.84,55,346.51800537109375,361.75921630859375,497.1646728515625,487.65081787109375,0.33989590406417847,motorcycle,-0.3522135416666667,1.707000732421875
471,18.84,57,1.69970703125,582.035400390625,1258.7275390625,715.10791015625,0.5477260947227478,car,0.39739990234375,-1.55108642578125
471,18.84,58,803.7503051757812,309.04229736328125,916.6525268554688,376.16778564453125,0.40682682394981384,car,-0.2071533203125,-0.36822509765625
472,18.88,4,5.033935546875,535.4580688476562,1188.245361328125,714.0958862304688,0.32943660020828247,car,-6.81793212890625,-0.6767578125
472,18.88,23,802.2891845703125,303.827880859375,914.0062255859375,376.8770751953125,0.3040860891342163,truck,-0.2432861328125,0.3839111328125
472,18.88,46,342.8074951171875,357.1864013671875,499.6873779296875,484.917236328125,0.3225242495536804,bicycle,-0.21173095703125,-0.49957275390625
472,18.88,52,440.72723388671875,355.16436767578125,500.2919921875,454.21624755859375,0.31326666474342346,bicycle,-0.183441162109375,0.5760498046875
472,18.88,53,851.474365234375,321.14593505859375,894.912353515625,417.2733154296875,0.6756713390350342,person,1.033935546875,1.433349609375
472,18.88,55,346.51800537109375,361.75921630859375,497.1646728515625,487.65081787109375,0.33989590406417847,motorcycle,-0.3522135416666667,1.707000732421875
472,18.88,57,1.519775390625,582.0660400390625,1260.3125,715.1534423828125,0.522273600101471,car,0.7025146484375,0.0380859375
472,18.88,58,803.59716796875,310.36944580078125,912.270751953125,376.6995849609375,0.42466670274734497,car,-2.2674560546875,0.929473876953125
472,18.88,59,886.720458984375,325.3525390625,917.267822265625,376.933837890625,0.31539037823677063,car,0.0,0.0
473,18.92,4,5.033935546875,535.4580688476562,1188.245361328125,714.0958862304688,0.32943660020828247,car,-6.81793212890625,-0.6767578125
473,18.92,23,809.226806640625,321.0872497558594,886.788818359375,375.4520568847656,0.3230680525302887,car,-2.027978515625,1.58343505859375
473,18.92,46,342.8074951171875,357.1864013671875,499.6873779296875,484.917236328125,0.3225242495536804,bicycle,-0.21173095703125,-0.49957275390625
473,18.92,52,440.72723388671875,355.16436767578125,500.2919921875,454.21624755859375,0.31326666474342346,bicycle,-0.183441162109375,0.5760498046875
473,18.92,53,853.99462890625,324.25360107421875,893.60986328125,418.00592041015625,0.6206310391426086,person,0.60888671875,1.920135498046875
473,18.92,55,338.02862548828125,363.368896484375,494.76416015625,494.1541748046875,0.34724652767181396,motorcycle,-0.3024970160590278,0.22536214192708334
473,18.92,57,1.722412109375,584.2828369140625,1258.716552734375,715.4422607421875,0.5739176869392395,car,-0.6966552734375,1.2528076171875
473,18.92,58,803.721923828125,312.18487548828125,912.5322265625,377.11566162109375,0.44066405296325684,car,0.193115234375,1.115753173828125
473,18.92,59,888.7513427734375,325.5643310546875,917.3397216796875,377.125244140625,0.3276452124118805,car,1.0513916015625,0.20159912109375
474,18.96,4,5.033935546875,535.4580688476562,1188.245361328125,714.0958862304688,0.32943660020828247,car,-6.81793212890625,-0.6767578125
474,18.96,23,809.226806640625,321.0872497558594,886.788818359375,375.4520568847656,0.3230680525302887,car,-2.027978515625,1.58343505859375
474,18.96,46,368.4168701171875,356.70172119140625,430.169677734375,493.16326904296875,0.30398231744766235,person,-1.8295135498046875,0.3233896891276042
474,18.96,52,440.72723388671875,355.16436767578125,500.2919921875,454.21624755859375,0.31326666474342346,bicycle,-0.183441162109375,0.5760498046875
474,18.96,53,856.1773071289062,320.90997314453125,894.4666137695312,417.88543701171875,0.5378650426864624,person,1.51971435546875,-1.7320556640625
474,18.96,55,337.1484375,365.55487060546875,495.8975830078125,494.03143310546875,0.3507254719734192,motorcycle,0.126617431640625,1.0316162109375
474,18.96,57,5.113037109375,591.5556030273438,1256.9599609375,715.4469604492188,0.5603229403495789,car,0.8170166015625,3.63873291015625
474,18.96,58,803.6353759765625,307.7449035644531,916.2598876953125,376.3117370605469,0.44017285108566284,car,1.820556640625,-2.6219482421875
475,19.0,4,5.033935546875,535.4580688476562,1188.245361328125,714.0958862304688,0.32943660020828247,car,-6.81793212890625,-0.6767578125
475,19.0,23,809.226806640625,321.0872497558594,886.788818359375,375.4520568847656,0.3230680525302887,car,-2.027978515625,1.58343505859375
475,19.0,46,367.3546142578125,356.48675537109375,430.7955322265625,487.57635498046875,0.3085588216781616,person,-0.21820068359375,-2.90093994140625
475,19.0,52,440.72723388671875,355.16436767578125,500.2919921875,454.21624755859375,0.31326666474342346,bicycle,-0.183441162109375,0.5760498046875
475,19.0,53,859.7532958984375,321.8405456542969,896.2552490234375,418.5189514160156,0.30644699931144714,person,2.68231201171875,0.78204345703125
475,19.0,55,335.78466796875,371.6248779296875,493.7840576171875,494.4141845703125,0.3600165843963623,motorcycle,-1.7386474609375,3.22637939453125
475,19.0,57,2.173583984375,586.63720703125,1259.814453125,715.53173828125,0.5411175489425659,car,-0.04248046875,-2.41680908203125
475,19.0,58,803.3628540039062,306.14208984375,915.7146606445312,376.2730712890625,0.45286092162132263,car,-0.40887451171875,-0.82073974609375
476,19.04,4,5.033935546875,535.4580688476562,1188.245361328125,714.0958862304688,0.32943660020828247,car,-6.81793212890625,-0.6767578125
476,19.04,23,809.226806640625,321.0872497558594,886.788818359375,375.4520568847656,0.3230680525302887,car,-2.027978515625,1.58343505859375
476,19.04,46,367.4476318359375,351.3729248046875,430.5035400390625,488.254150390625,0.35591554641723633,person,-0.0994873046875,-2.218017578125
476,19.04,52,440.72723388671875,355.16436767578125,500.2919921875,454.21624755859375,0.31326666474342346,bicycle,-0.183441162109375,0.5760498046875
476,19.04,53,859.7532958984375,321.8405456542969,896.2552490234375,418.5189514160156,0.30644699931144714,person,2.68231201171875,0.78204345703125
476,19.04,55,336.70709228515625,373.5799560546875,493.30426025390625,494.36041259765625,0.36423438787460327,motorcycle,0.2213134765625,0.950653076171875
476,19.04,57,1.903564453125,586.837646484375,1260.01904296875,715.49072265625,0.5400398969650269,car,-0.03271484375,0.0797119140625
476,19.04,58,803.4800415039062,306.20013427734375,915.9678344726562,376.50030517578125,0.4458371698856354,car,0.1851806640625,0.14263916015625
477,19.08,4,5.033935546875,535.4580688476562,1188.245361328125,714.0958862304688,0.32943660020828247,car,-6.81793212890625,-0.6767578125
477,19.08,23,809.226806640625,321.0872497558594,886.788818359375,375.4520568847656,0.3230680525302887,car,-2.027978515625,1.58343505859375
477,19.08,46,367.5074462890625,350.37744140625,430.4031982421875,488.3929443359375,0.34556975960731506,person,-0.020263671875,-0.4283447265625
477,19.08,52,440.72723388671875,355.16436767578125,500.2919921875,454.21624755859375,0.31326666474342346,bicycle,-0.183441162109375,0.5760498046875
477,19.08,53,862.4007568359375,316.277099609375,904.8590087890625,424.92144775390625,0.39832666516304016,person,2.81280517578125,0.2097625732421875
477,19.08,55,336.98431396484375,374.90966796875,492.44244384765625,494.5196533203125,0.3036907911300659,motorcycle,-0.29229736328125,0.744476318359375
477,19.08,57,1.4144287109375,584.1171264648438,1259.09814453125,715.4522094726562,0.5408819317817688,car,-0.70501708984375,-1.3795166015625
477,19.08,58,803.8500366210938,304.0316162109375,912.2609252929688,377.922119140625,0.4330577254295349,car,-1.66845703125,-0.37335205078125
478,19.12,4,5.033935546875,535.4580688476562,1188.245361328125,714.0958862304688,0.32943660020828247,car,-6.81793212890625,-0.6767578125
478,19.12,23,809.226806640625,321.0872497558594,886.788818359375,375.4520568847656,0.3230680525302887,car,-2.027978515625,1.58343505859375
478,19.12,46,367.13323974609375,350.40936279296875,430.48565673828125,488.06732177734375,0.36066296696662903,person,-0.1458740234375,-0.1468505859375
478,19.12,52,440.72723388671875,355.16436767578125,500.2919921875,454.21624755859375,0.31326666474342346,bicycle,-0.183441162109375,0.5760498046875
478,19.12,53,864.1692504882812,316.60113525390625,905.6160278320312,422.229736328125,0.559177577495575,person,1.26275634765625,-1.183837890625
478,19.12,55,336.51568603515625,355.49664306640625,498.616455078125,479.75396728515625,0.3040161430835724,bicycle,2.852691650390625,-17.08935546875
478,19.12,57,1.46337890625,583.466552734375,1260.215087890625,715.3134765625,0.5262070298194885,car,0.58294677734375,-0.3946533203125
478,19.12,58,802.977294921875,303.5523681640625,914.6143798828125,377.10516357421875,0.48047691583633423,car,0.7403564453125,-0.648101806640625
479,19.16,4,5.033935546875,535.4580688476562,1188.245361328125,714.0958862304688,0.32943660020828247,car,-6.81793212890625,-0.6767578125
479,19.16,23,809.226806640625,321.0872497558594,886.788818359375,375.4520568847656,0.3230680525302887,car,-2.027978515625,1.58343505859375
479,19.16,46,367.3846435546875,350.2705078125,430.63818359375,487.3765869140625,0.39761683344841003,person,0.20196533203125,-0.414794921875
479,19.16,53,865.5594482421875,313.47979736328125,909.9476318359375,422.30377197265625,0.5186981558799744,person,2.86090087890625,-1.523651123046875
479,19.16,55,336.5146484375,356.36962890625,498.64019775390625,479.4991455078125,0.36113715171813965,bicycle,0.0113525390625,0.30908203125
479,19.16,57,1.3873291015625,582.2095947265625,1260.101318359375,715.4249267578125,0.5182290077209473,car,-0.09490966796875,-0.57275390625
479,19.16,58,804.128662109375,303.7725524902344,912.365966796875,378.3723449707031,0.5185970067977905,car,-0.54852294921875,0.743682861328125
479,19.16,60,337.0677490234375,384.62835693359375,497.97412109375,494.3917236328125,0.3331688344478607,motorcycle,0.0,0.0
480,19.2,4,5.033935546875,535.4580688476562,1188.245361328125,714.0958862304688,0.32943660020828247,car,-6.81793212890625,-0.6767578125
480,19.2,23,809.226806640625,321.0872497558594,886.788818359375,375.4520568847656,0.3230680525302887,car,-2.027978515625,1.58343505859375
480,19.2,46,366.95880126953125,349.925537109375,430.45758056640625,486.92083740234375,0.395050048828125,person,-0.30322265625,-0.400360107421875
480,19.2,53,866.6021118164062,314.93988037109375,912.2443237304688,423.84136962890625,0.63128662109375,person,1.669677734375,1.49884033203125
480,19.2,55,336.32635498046875,356.2115478515625,498.69012451171875,479.76220703125,0.396196186542511,bicycle,-0.069183349609375,0.052490234375
480,19.2,57,1.649658203125,581.2344970703125,1260.814697265625,715.4107666015625,0.5183409452438354,car,0.48785400390625,-0.49462890625
480,19.2,58,804.18310546875,303.7615661621094,911.45166015625,378.3166198730469,0.5524098873138428,car,-0.429931640625,-0.033355712890625
480,19.2,60,336.906005859375,383.05084228515625,497.75311279296875,494.745849609375,0.3164765238761902,motorcycle,-0.191375732421875,-0.6116943359375
481,19.24,4,5.033935546875,535.4580688476562,1188.245361328125,714.0958862304688,0.32943660020828247,car,-6.81793212890625,-0.6767578125
481,19.24,23,809.226806640625,321.0872497558594,886.788818359375,375.4520568847656,0.3230680525302887,car,-2.027978515625,1.58343505859375
481,19.24,46,365.88360595703125,349.9627380371094,430.52789306640625,486.8852233886719,0.3468867540359497,person,-0.50244140625,0.00079345703125
481,19.24,53,868.049072265625,313.8983154296875,912.3817138671875,424.7803955078125,0.7036317586898804,person,0.79217529296875,-0.05126953125
481,19.24,55,336.3165283203125,356.15863037109375,498.7283935546875,479.97796630859375,0.43068817257881165,bicycle,0.01422119140625,0.0814208984375
481,19.24,57,1.874267578125,580.36328125,1261.727783203125,715.31787109375,0.5117787718772888,car,0.56884765625,-0.4820556640625
481,19.24,58,804.3558349609375,303.746337890625,910.5335693359375,378.79461669921875,0.5797586441040039,car,-0.3726806640625,0.23138427734375
482,19.28,4,5.033935546875,535.4580688476562,1188.245361328125,714.0958862304688,0.32943660020828247,car,-6.81793212890625,-0.6767578125
482,19.28,23,809.226806640625,321.0872497558594,886.788818359375,375.4520568847656,0.3230680525302887,car,-2.027978515625,1.58343505859375
482,19.28,46,364.90423583984375,350.1088562011719,430.406005859375,486.9674377441406,0.347279816865921,person,-0.550628662109375,0.114166259765625
482,19.28,53,871.5249633789062,316.47216796875,914.1804809570312,426.549560546875,0.7085074186325073,person,2.6373291015625,2.1715087890625
482,19.28,55,336.572998046875,355.91705322265625,498.95465087890625,480.03985595703125,0.4420425593852997,bicycle,0.241363525390625,-0.08984375
482,19.28,57,1.889404296875,579.083984375,1261.12744140625,715.2769775390625,0.5173417925834656,car,-0.2926025390625,-0.66009521484375
482,19.28,58,804.5201416015625,304.0068359375,910.8250732421875,379.7755126953125,0.5513094067573547,car,0.2279052734375,0.620697021484375
483,19.32,4,5.033935546875,535.4580688476562,1188.245361328125,714.0958862304688,0.32943660020828247,car,-6.81793212890625,-0.6767578125
483,19.32,23,809.226806640625,321.0872497558594,886.788818359375,375.4520568847656,0.3230680525302887,car,-2.027978515625,1.58343505859375
483,19.32,46,364.8297119140625,349.94061279296875,430.3763427734375,486.99530029296875,0.3177582323551178,person,-0.052093505859375,-0.0701904296875
483,19.32,53,873.088623046875,314.8875732421875,913.975341796875,427.2335205078125,0.6883190274238586,person,0.67926025390625,-0.4503173828125
483,19.32,55,336.137451171875,355.9208984375,499.0311279296875,480.45458984375,0.424416184425354,bicycle,-0.179534912109375,0.20928955078125
483,19.32,57,1.9578857421875,579.1934814453125,1260.2442626953125,715.3817138671875,0.5193939208984375,car,-0.4073486328125,0.10711669921875
483,19.32,58,803.8729248046875,302.75048828125,908.3980712890625,379.477783203125,0.5826764106750488,car,-1.537109375,-0.77703857421875
484,19.36,4,5.033935546875,535.4580688476562,1188.245361328125,714.0958862304688,0.32943660020828247,car,-6.81793212890625,-0.6767578125
484,19.36,23,809.226806640625,321.0872497558594,886.788818359375,375.4520568847656,0.3230680525302887,car,-2.027978515625,1.58343505859375
484,19.36,46,364.547607421875,349.89093017578125,430.07440185546875,487.76446533203125,0.32187941670417786,person,-0.292022705078125,0.3597412109375
484,19.36,53,874.5260009765625,314.13311767578125,914.8841552734375,427.66302490234375,0.7088071703910828,person,1.173095703125,-0.1624755859375
484,19.36,55,336.1702880859375,355.88153076171875,499.0364990234375,480.20953369140625,0.42521098256111145,bicycle,0.01910400390625,-0.1422119140625
484,19.36,57,1.785400390625,579.2095947265625,1257.92578125,715.4676513671875,0.5040162801742554,car,-1.2454833984375,0.051025390625
484,19.36,58,803.893798828125,302.7576904296875,907.8240966796875,379.576171875,0.6042837500572205,car,-0.27655029296875,0.05279541015625
485,19.4,4,5.033935546875,535.4580688476562,1188.245361328125,714.0958862304688,0.32943660020828247,car,-6.81793212890625,-0.6767578125
485,19.4,23,809.226806640625,321.0872497558594,886.788818359375,375.4520568847656,0.3230680525302887,car,-2.027978515625,1.58343505859375
485,19.4,46,364.547607421875,349.89093017578125,430.07440185546875,487.76446533203125,0.32187941670417786,person,-0.292022705078125,0.3597412109375
485,19.4,53,875.133056640625,313.86578369140625,914.97607421875,427.4793701171875,0.6668582558631897,person,0.3494873046875,-0.225494384765625
485,19.4,55,335.9580993652344,355.7769470214844,498.9761657714844,480.3799133300781,0.43443068861961365,bicycle,-0.136260986328125,0.03289794921875
485,19.4,57,3.896240234375,590.6192626953125,1258.4072265625,715.0504150390625,0.5013346672058105,car,1.296142578125,5.4962158203125
485,19.4,58,803.9686279296875,302.9329833984375,906.886474609375,379.488525390625,0.583359956741333,car,-0.431396484375,0.0438232421875
486,19.44,4,5.033935546875,535.4580688476562,1188.245361328125,714.0958862304688,0.32943660020828247,car,-6.81793212890625,-0.6767578125
486,19.44,23,809.226806640625,321.0872497558594,886.788818359375,375.4520568847656,0.3230680525302887,car,-2.027978515625,1.58343505859375
486,19.44,46,365.3447265625,348.9515686035156,430.01416015625,486.7206726074219,0.360644668340683,person,0.1842193603515625,-0.49578857421875
486,19.44,53,875.3255615234375,312.65948486328125,915.1829833984375,428.36578369140625,0.6095272898674011,person,0.19970703125,-0.159942626953125
486,19.44,55,335.65313720703125,356.4058837890625,499.20281982421875,480.18353271484375,0.4505087435245514,bicycle,-0.039154052734375,0.216278076171875
486,19.44,57,1.631591796875,579.5875244140625,1255.0638427734375,715.530517578125,0.5168355107307434,car,-2.80401611328125,-5.27581787109375
486,19.44,58,803.9429931640625,302.735107421875,905.6204833984375,379.7708740234375,0.6055117845535278,car,-0.64581298828125,0.042236328125
487,19.48,4,5.033935546875,535.4580688476562,1188.245361328125,714.0958862304688,0.32943660020828247,car,-6.81793212890625,-0.6767578125
487,19.48,23,809.226806640625,321.0872497558594,886.788818359375,375.4520568847656,0.3230680525302887,car,-2.027978515625,1.58343505859375
487,19.48,46,365.425537109375,348.77655029296875,429.915283203125,486.33428955078125,0.38659748435020447,person,-0.009033203125,-0.28070068359375
487,19.48,53,875.50634765625,312.7926025390625,916.0345458984375,428.6468505859375,0.5242102146148682,person,0.51617431640625,0.20709228515625
487,19.48,55,335.31585693359375,356.40325927734375,499.31719970703125,480.5889892578125,0.4832530617713928,bicycle,-0.1114501953125,0.201416015625
487,19.48,57,1.508544921875,579.4661865234375,1257.0400390625,715.6348876953125,0.5194006562232971,car,0.92657470703125,-0.00848388671875
487,19.48,58,803.933837890625,302.6827392578125,906.3829345703125,380.0211181640625,0.6327265501022339,car,0.37664794921875,0.09893798828125
488,19.52,4,5.1024169921875,557.761962890625,1221.121826171875,715.9361572265625,0.5256487131118774,car,0.65889892578125,0.48288330078125
488,19.52,23,809.226806640625,321.0872497558594,886.788818359375,375.4520568847656,0.3230680525302887,car,-2.027978515625,1.58343505859375
488,19.52,46,365.71942138671875,348.8299560546875,429.85638427734375,486.3184814453125,0.4066753387451172,person,0.11749267578125,0.018798828125
488,19.52,53,875.50634765625,312.7926025390625,916.0345458984375,428.6468505859375,0.5242102146148682,person,0.51617431640625,0.20709228515625
488,19.52,55,335.0464782714844,356.4217529296875,499.2894592285156,480.5517578125,0.47242772579193115,bicycle,-0.1485595703125,-0.009368896484375
488,19.52,57,1.508544921875,579.4661865234375,1257.0400390625,715.6348876953125,0.5194006562232971,car,0.92657470703125,-0.00848388671875
488,19.52,58,803.9334716796875,303.1712341308594,907.5538330078125,380.0718688964844,0.651034951210022,car,0.58526611328125,0.269622802734375
489,19.56,4,5.1024169921875,557.761962890625,1221.121826171875,715.9361572265625,0.5256487131118774,car,0.65889892578125,0.48288330078125
489,19.56,23,809.226806640625,321.0872497558594,886.788818359375,375.4520568847656,0.3230680525302887,car,-2.027978515625,1.58343505859375
489,19.56,46,366.1629638671875,349.016357421875,429.6832275390625,486.441650390625,0.4158134162425995,person,0.13519287109375,0.15478515625
489,19.56,53,878.7059326171875,318.81585693359375,917.7193603515625,428.11181640625,0.33911746740341187,bicycle,1.221099853515625,1.3720550537109375
489,19.56,55,334.64849853515625,356.17620849609375,499.33306884765625,481.2119140625,0.4566357135772705,bicycle,-0.17718505859375,0.207305908203125
489,19.56,57,1.4696044921875,577.802001953125,1258.4775390625,715.65087890625,0.5156051516532898,car,0.349639892578125,-0.41204833984375
489,19.56,58,803.843017578125,303.3759765625,908.4150390625,379.92755126953125,0.6463435292243958,car,0.3853759765625,0.03021240234375
489,19.56,60,335.38702392578125,376.95306396484375,499.2650146484375,496.18316650390625,0.3172653019428253,motorcycle,-0.0003933376736111111,-0.2589145236545139
490,19.6,4,6.7794189453125,557.313720703125,1220.8289794921875,716.141845703125,0.5332799553871155,car,0.346038818359375,-0.060638427734375
490,19.6,23,809.226806640625,321.0872497558594,886.788818359375,375.4520568847656,0.3230680525302887,car,-2.027978515625,1.58343505859375
490,19.6,46,365.3368225097656,348.7546691894531,429.7358093261719,483.9626159667969,0.3921390473842621,person,-0.38677978515625,-1.370361328125
490,19.6,53,880.710693359375,322.20037841796875,918.76513671875,427.87139892578125,0.3641023635864258,bicycle,1.5252685546875,1.572052001953125
490,19.6,55,334.6266784667969,356.1513977050781,499.2920837402344,481.4723815917969,0.3984236717224121,bicycle,-0.031402587890625,0.117828369140625
490,19.6,57,1.4696044921875,577.802001953125,1258.4775390625,715.65087890625,0.5156051516532898,car,0.349639892578125,-0.41204833984375
490,19.6,58,803.44091796875,303.6259765625,912.7236328125,379.330810546875,0.6403629183769226,car,1.9532470703125,-0.173370361328125
490,19.6,60,334.9072570800781,374.34136962890625,499.2874450683594,496.34063720703125,0.40974950790405273,motorcycle,-0.228668212890625,-1.22711181640625
491,19.64,4,8.7757568359375,556.554931640625,1217.2744140625,716.21435546875,0.5529129505157471,car,-0.77911376953125,-0.3431396484375
491,19.64,23,809.226806640625,321.0872497558594,886.788818359375,375.4520568847656,0.3230680525302887,car,-2.027978515625,1.58343505859375
491,19.64,46,364.9734191894531,348.6916198730469,429.6444396972656,484.7671203613281,0.38325047492980957,person,-0.227386474609375,0.3707275390625
491,19.64,53,880.710693359375,322.20037841796875,918.76513671875,427.87139892578125,0.3641023635864258,bicycle,1.5252685546875,1.572052001953125
491,19.64,55,334.597900390625,355.48260498046875,499.233642578125,480.06683349609375,0.3480486571788788,bicycle,-0.043609619140625,-1.03717041015625
491,19.64,57,1.4696044921875,577.802001953125,1258.4775390625,715.65087890625,0.5156051516532898,car,0.349639892578125,-0.41204833984375
491,19.64,58,803.836181640625,303.46661376953125,911.5947265625,380.15155029296875,0.6053798198699951,car,-0.3668212890625,0.3306884765625
491,19.64,60,334.59124755859375,372.942626953125,499.03057861328125,496.5816650390625,0.44586607813835144,motorcycle,-0.28643798828125,-0.578857421875
492,19.68,4,8.50830078125,557.4671020507812,1217.547607421875,716.1381225585938,0.5677325129508972,car,0.00286865234375,0.41796875
492,19.68,23,809.226806640625,321.0872497558594,886.788818359375,375.4520568847656,0.3230680525302887,car,-2.027978515625,1.58343505859375
492,19.68,46,363.9103698730469,347.3121337890625,429.8956604003906,483.816162109375,0.38372740149497986,person,-0.405914306640625,-1.16522216796875
492,19.68,53,880.710693359375,322.20037841796875,918.76513671875,427.87139892578125,0.3641023635864258,bicycle,1.5252685546875,1.572052001953125
492,19.68,55,334.0631408691406,354.4582214355469,499.3351745605469,480.1499328613281,0.31189894676208496,bicycle,-0.21661376953125,-0.47064208984375
492,19.68,57,1.4696044921875,577.802001953125,1258.4775390625,715.65087890625,0.5156051516532898,car,0.349639892578125,-0.41204833984375
492,19.68,58,804.7106323242188,304.38543701171875,911.6574096679688,381.04986572265625,0.6205416917800903,car,0.46856689453125,0.9085693359375
492,19.68,60,333.4383544921875,370.95477294921875,499.15380859375,496.88751220703125,0.49069133400917053,motorcycle,-0.51483154296875,-0.84100341796875
493,19.72,4,8.190673828125,558.399169921875,1217.9427490234375,716.16259765625,0.573367714881897,car,0.03875732421875,0.478271484375
493,19.72,23,809.226806640625,321.0872497558594,886.788818359375,375.4520568847656,0.3230680525302887,car,-2.027978515625,1.58343505859375
493,19.72,46,363.1661376953125,346.7935791015625,429.9395751953125,483.0361328125,0.35905808210372925,person,-0.35015869140625,-0.6492919921875
493,19.72,53,885.1095581054688,316.880859375,924.8322143554688,427.878173828125,0.5720565319061279,person,1.74432373046875,-0.8854573567708334
493,19.72,55,334.38861083984375,353.2381591796875,499.214111328125,478.892578125,0.34286224842071533,bicycle,0.102203369140625,-1.23870849609375
493,19.72,57,1.4696044921875,577.802001953125,1258.4775390625,715.65087890625,0.5156051516532898,car,0.349639892578125,-0.41204833984375
493,19.72,58,804.50146484375,303.87872314453125,907.8828125,381.00323486328125,0.6582000851631165,car,-1.99188232421875,-0.27667236328125
493,19.72,60,333.06591796875,371.29107666015625,499.2039794921875,496.20843505859375,0.46516215801239014,motorcycle,-0.1611328125,-0.17138671875
494,19.76,4,7.04248046875,558.49560546875,1218.591064453125,716.34326171875,0.5816911458969116,car,-0.24993896484375,0.1385498046875
494,19.76,23,809.226806640625,321.0872497558594,886.788818359375,375.4520568847656,0.3230680525302887,car,-2.027978515625,1.58343505859375
494,19.76,46,362.70465087890625,346.6810302734375,429.83026123046875,483.110107421875,0.34724143147468567,person,-0.285400390625,-0.019287109375
494,19.76,53,884.6967163085938,314.77947998046875,926.1394653320312,430.23101806640625,0.6449334025382996,person,0.44720458984375,0.125732421875
494,19.76,55,334.5408935546875,353.00201416015625,499.30938720703125,478.93408203125,0.39443549513816833,bicycle,0.123779296875,-0.097320556640625
494,19.76,57,1.4696044921875,577.802001953125,1258.4775390625,715.65087890625,0.5156051516532898,car,0.349639892578125,-0.41204833984375
494,19.76,58,804.6148681640625,303.77838134765625,911.1783447265625,380.82977294921875,0.6275016665458679,car,1.7044677734375,-0.13690185546875
494,19.76,60,333.8465270996094,370.0904541015625,499.3477478027344,496.34033203125,0.4772586226463318,motorcycle,0.462188720703125,-0.53436279296875
495,19.8,4,6.0369873046875,559.1387939453125,1220.98095703125,716.4957275390625,0.5416617393493652,car,0.69219970703125,0.3978271484375
495,19.8,23,809.226806640625,321.0872497558594,886.788818359375,375.4520568847656,0.3230680525302887,car,-2.027978515625,1.58343505859375
495,19.8,46,361.5019836425781,346.29229736328125,429.4952087402344,484.38250732421875,0.3179844319820404,person,-0.76885986328125,0.44183349609375
495,19.8,53,885.9550170898438,315.0274353027344,928.4939575195312,432.0503234863281,0.6909659504890442,person,1.806396484375,1.03363037109375
495,19.8,55,333.950439453125,351.6962890625,499.0867919921875,478.169677734375,0.37828558683395386,bicycle,-0.406524658203125,-1.035064697265625
495,19.8,57,1.4696044921875,577.802001953125,1258.4775390625,715.65087890625,0.5156051516532898,car,0.349639892578125,-0.41204833984375
495,19.8,58,804.6151733398438,303.82391357421875,912.8771362304688,380.6783447265625,0.5732243657112122,car,0.84954833984375,-0.052947998046875
495,19.8,60,332.49432373046875,374.3829345703125,499.15875244140625,496.718505859375,0.41800597310066223,motorcycle,-0.770599365234375,2.3353271484375
496,19.84,4,5.974365234375,559.1998291015625,1220.0751953125,716.5599365234375,0.5188021063804626,car,-0.48419189453125,0.0626220703125
496,19.84,23,809.226806640625,321.0872497558594,886.788818359375,375.4520568847656,0.3230680525302887,car,-2.027978515625,1.58343505859375
496,19.84,46,360.69097900390625,345.7305908203125,429.396240234375,484.2930908203125,0.3602343201637268,person,-0.454986572265625,-0.3255615234375
496,19.84,53,887.6969604492188,314.80523681640625,932.0387573242188,429.85601806640625,0.6486502885818481,person,2.64337158203125,-1.208251953125
496,19.84,55,334.54345703125,351.89984130859375,498.6630859375,477.816162109375,0.3814166486263275,bicycle,0.08465576171875,-0.074981689453125
496,19.84,57,1.4696044921875,577.802001953125,1258.4775390625,715.65087890625,0.5156051516532898,car,0.349639892578125,-0.41204833984375
496,19.84,58,804.6575317382812,304.089599609375,914.8718872070312,380.56683349609375,0.55510014295578,car,1.0185546875,0.07708740234375
496,19.84,60,332.98223876953125,380.6707763671875,498.72406005859375,497.2255859375,0.36329641938209534,motorcycle,0.026611328125,3.3974609375
497,19.88,4,6.1197509765625,559.19677734375,1219.5179443359375,716.7685546875,0.5062169432640076,car,-0.2059326171875,0.102783203125
497,19.88,23,809.226806640625,321.0872497558594,886.788818359375,375.4520568847656,0.3230680525302887,car,-2.027978515625,1.58343505859375
497,19.88,46,361.09735107421875,344.9952392578125,429.5306396484375,483.510986328125,0.3949168026447296,person,0.2703857421875,-0.75872802734375
497,19.88,53,888.05908203125,312.00994873046875,936.590087890625,431.5740966796875,0.6163855791091919,person,2.45672607421875,-0.538604736328125
497,19.88,55,334.84521484375,351.8499755859375,498.7620849609375,477.892822265625,0.38205912709236145,bicycle,0.20037841796875,0.013397216796875
497,19.88,57,1.4696044921875,577.802001953125,1258.4775390625,715.65087890625,0.5156051516532898,car,0.349639892578125,-0.41204833984375
497,19.88,58,804.5975341796875,302.9081726074219,921.0257568359375,380.5179138183594,0.6205815672874451,car,3.04693603515625,-0.61517333984375
497,19.88,59,888.8143920898438,315.73895263671875,922.7268676757812,429.35906982421875,0.48231789469718933,person,0.11354573567708333,0.8835093180338541
497,19.88,60,333.04364013671875,380.97894287109375,498.68292236328125,497.60491943359375,0.3719276487827301,motorcycle,0.0101318359375,0.34375
498,19.92,4,6.1197509765625,559.19677734375,1219.5179443359375,716.7685546875,0.5062169432640076,car,-0.2059326171875,0.102783203125
498,19.92,23,809.226806640625,321.0872497558594,886.788818359375,375.4520568847656,0.3230680525302887,car,-2.027978515625,1.58343505859375
498,19.92,46,360.77691650390625,343.76104736328125,429.44708251953125,484.34661865234375,0.4110736548900604,person,-0.201995849609375,-0.19927978515625
498,19.92,53,888.0150146484375,311.7862548828125,937.2384033203125,432.50323486328125,0.6305598020553589,person,0.3021240234375,0.35272216796875
498,19.92,55,335.24853515625,351.58978271484375,498.5965576171875,476.9395751953125,0.3759559988975525,bicycle,0.118896484375,-0.606719970703125
498,19.92,57,2.7591552734375,579.9725341796875,1261.4429931640625,716.18310546875,0.5153871774673462,car,0.23638916015625,0.1501532660590278
498,19.92,58,804.7637939453125,303.8004150390625,917.3924560546875,380.647705078125,0.6233024597167969,car,-1.7335205078125,0.511016845703125
498,19.92,59,888.8143920898438,315.73895263671875,922.7268676757812,429.35906982421875,0.48231789469718933,person,0.11354573567708333,0.8835093180338541
498,19.92,60,333.5115966796875,380.86419677734375,498.57525634765625,497.39703369140625,0.3635631799697876,motorcycle,0.180145263671875,-0.16131591796875
499,19.96,4,6.1197509765625,559.19677734375,1219.5179443359375,716.7685546875,0.5062169432640076,car,-0.2059326171875,0.102783203125
499,19.96,23,809.226806640625,321.0872497558594,886.788818359375,375.4520568847656,0.3230680525302887,car,-2.027978515625,1.58343505859375
499,19.96,46,360.9110107421875,342.89324951171875,429.581298828125,485.71624755859375,0.44028735160827637,person,0.1341552734375,0.25091552734375
499,19.96,53,888.931640625,313.47235107421875,937.5244140625,432.99920654296875,0.5937681794166565,person,0.601318359375,1.091033935546875
499,19.96,55,334.6500244140625,351.2879638671875,498.3638916015625,476.8785400390625,0.41175055503845215,bicycle,-0.41558837890625,-0.181427001953125
499,19.96,57,0.566650390625,568.4461669921875,1262.245849609375,716.7161865234375,0.5158602595329285,car,-0.69482421875,-5.49664306640625
499,19.96,58,804.8193969726562,303.093994140625,918.5015258789062,380.585693359375,0.6543530225753784,car,0.58233642578125,-0.38421630859375
499,19.96,59,888.8143920898438,315.73895263671875,922.7268676757812,429.35906982421875,0.48231789469718933,person,0.11354573567708333,0.8835093180338541
499,19.96,60,333.92474365234375,379.65625,498.11572265625,496.64794921875,0.36530226469039917,motorcycle,-0.023193359375,-0.978515625
500,20.0,4,6.1197509765625,559.19677734375,1219.5179443359375,716.7685546875,0.5062169432640076,car,-0.2059326171875,0.102783203125
500,20.0,23,809.226806640625,321.0872497558594,886.788818359375,375.4520568847656,0.3230680525302887,car,-2.027978515625,1.58343505859375
500,20.0,46,361.37554931640625,341.0351867675781,429.00933837890625,484.4291076660156,0.5229321122169495,person,-0.0537109375,-1.572601318359375
500,20.0,53,890.567626953125,315.588134765625,938.1761474609375,433.6715087890625,0.7091864943504333,person,1.14385986328125,1.39404296875
500,20.0,55,335.5277404785156,356.175048828125,497.8012390136719,475.221923828125,0.49491095542907715,bicycle,0.15753173828125,1.615234375
500,20.0,57,2.41943359375,579.8282470703125,1258.6942138671875,715.8165283203125,0.4880412817001343,car,-0.84942626953125,5.2412109375
500,20.0,58,804.668701171875,302.5059509277344,912.51171875,380.6258850097656,0.6420509815216064,car,-3.07025146484375,-0.27392578125
500,20.0,59,888.8143920898438,315.73895263671875,922.7268676757812,429.35906982421875,0.48231789469718933,person,0.11354573567708333,0.8835093180338541
500,20.0,60,333.92474365234375,379.65625,498.11572265625,496.64794921875,0.36530226469039917,motorcycle,-0.023193359375,-0.978515625
501,20.04,4,6.1197509765625,559.19677734375,1219.5179443359375,716.7685546875,0.5062169432640076,car,-0.2059326171875,0.102783203125
501,20.04,23,809.226806640625,321.0872497558594,886.788818359375,375.4520568847656,0.3230680525302887,car,-2.027978515625,1.58343505859375
501,20.04,46,361.2419128417969,340.1909484863281,429.1208801269531,485.3626403808594,0.5000580549240112,person,-0.01104736328125,0.044647216796875
501,20.04,53,892.1781005859375,317.18035888671875,938.8297119140625,433.98114013671875,0.5581086874008179,person,1.13201904296875,0.950927734375
501,20.04,55,335.7724609375,355.3741455078125,497.62237548828125,474.84588623046875,0.43358737230300903,bicycle,0.032928466796875,-0.588470458984375
501,20.04,57,2.667236328125,580.22314453125,1257.624755859375,715.7825927734375,0.5049808621406555,car,-0.41082763671875,0.18048095703125
501,20.04,58,804.6468505859375,302.05596923828125,914.1981201171875,380.96990966796875,0.7452515363693237,car,0.832275390625,-0.052978515625
501,20.04,59,888.8143920898438,315.73895263671875,922.7268676757812,429.35906982421875,0.48231789469718933,person,0.11354573567708333,0.8835093180338541
501,20.04,60,333.92474365234375,379.65625,498.11572265625,496.64794921875,0.36530226469039917,motorcycle,-0.023193359375,-0.978515625
502,20.08,4,6.1197509765625,559.19677734375,1219.5179443359375,716.7685546875,0.5062169432640076,car,-0.2059326171875,0.102783203125
502,20.08,23,809.226806640625,321.0872497558594,886.788818359375,375.4520568847656,0.3230680525302887,car,-2.027978515625,1.58343505859375
502,20.08,46,361.5107421875,339.9467468261719,429.332763671875,487.4042663574219,0.5409848690032959,person,0.2403564453125,0.898712158203125
502,20.08,53,892.1781005859375,317.18035888671875,938.8297119140625,433.98114013671875,0.5581086874008179,person,1.13201904296875,0.950927734375
502,20.08,55,335.47808837890625,354.902099609375,497.36566162109375,475.494140625,0.40041065216064453,bicycle,-0.275543212890625,0.088104248046875
502,20.08,57,2.4444580078125,580.1289672851562,1257.5625,715.6975708007812,0.512446939945221,car,-0.14251708984375,-0.089599609375
502,20.08,58,804.1739501953125,302.33929443359375,915.1439208984375,380.82122802734375,0.7693792581558228,car,0.2364501953125,0.06732177734375
502,20.08,59,888.8143920898438,315.73895263671875,922.7268676757812,429.35906982421875,0.48231789469718933,person,0.11354573567708333,0.8835093180338541
502,20.08,60,333.92474365234375,379.65625,498.11572265625,496.64794921875,0.36530226469039917,motorcycle,-0.023193359375,-0.978515625
503,20.12,4,6.1197509765625,559.19677734375,1219.5179443359375,716.7685546875,0.5062169432640076,car,-0.2059326171875,0.102783203125
503,20.12,23,809.226806640625,321.0872497558594,886.788818359375,375.4520568847656,0.3230680525302887,car,-2.027978515625,1.58343505859375
503,20.12,46,361.44818115234375,338.4635009765625,429.30145263671875,485.96331787109375,0.5674528479576111,person,-0.04693603515625,-1.46209716796875
503,20.12,53,892.1781005859375,317.18035888671875,938.8297119140625,433.98114013671875,0.5581086874008179,person,1.13201904296875,0.950927734375
503,20.12,55,334.65350341796875,354.95562744140625,497.3917236328125,475.37640380859375,0.4425499141216278,bicycle,-0.399261474609375,-0.0321044921875
503,20.12,57,2.6475830078125,580.686279296875,1259.50537109375,715.83154296875,0.5144939422607422,car,1.072998046875,0.34564208984375
503,20.12,58,804.2564086914062,302.40960693359375,914.8972778320312,380.84857177734375,0.7751136422157288,car,-0.08209228515625,0.048828125
503,20.12,59,888.8143920898438,315.73895263671875,922.7268676757812,429.35906982421875,0.48231789469718933,person,0.11354573567708333,0.8835093180338541
503,20.12,60,333.92474365234375,379.65625,498.11572265625,496.64794921875,0.36530226469039917,motorcycle,-0.023193359375,-0.978515625
504,20.16,4,6.1197509765625,559.19677734375,1219.5179443359375,716.7685546875,0.5062169432640076,car,-0.2059326171875,0.102783203125
504,20.16,23,809.226806640625,321.0872497558594,886.788818359375,375.4520568847656,0.3230680525302887,car,-2.027978515625,1.58343505859375
504,20.16,46,361.3287353515625,338.17132568359375,429.580810546875,485.64129638671875,0.5824714303016663,person,0.0799560546875,-0.307098388671875
504,20.16,53,904.3320922851562,318.71209716796875,945.2443237304688,434.8358154296875,0.43636783957481384,person,3.0947672526041665,0.397735595703125
504,20.16,55,334.82769775390625,355.4366760253906,497.48468017578125,474.6263122558594,0.4489589333534241,bicycle,0.133575439453125,-0.134521484375
504,20.16,57,4.6253662109375,591.71240234375,1251.894775390625,715.787353515625,0.5210736989974976,car,-2.81640625,5.490966796875
504,20.16,58,804.8143920898438,301.83343505859375,916.6282348632812,381.26922607421875,0.7879233956336975,car,1.14447021484375,-0.0777587890625
504,20.16,59,903.8934936523438,318.75189208984375,947.0264282226562,434.51165771484375,0.31628817319869995,fire hydrant,2.8127615792410716,0.583251953125
504,20.16,60,333.92474365234375,379.65625,498.11572265625,496.64794921875,0.36530226469039917,motorcycle,-0.023193359375,-0.978515625
505,20.2,4,6.1197509765625,559.19677734375,1219.5179443359375,716.7685546875,0.5062169432640076,car,-0.2059326171875,0.102783203125
505,20.2,23,809.226806640625,321.0872497558594,886.788818359375,375.4520568847656,0.3230680525302887,car,-2.027978515625,1.58343505859375
505,20.2,46,361.6938171386719,337.55133056640625,429.9353942871094,485.71722412109375,0.5877271890640259,person,0.359832763671875,-0.27203369140625
505,20.2,53,904.3320922851562,318.71209716796875,945.2443237304688,434.8358154296875,0.43636783957481384,person,3.0947672526041665,0.397735595703125
505,20.2,55,334.74530029296875,355.0662536621094,497.50006103515625,475.1044616699219,0.40569430589675903,bicycle,-0.03350830078125,0.053863525390625
505,20.2,57,4.89208984375,591.6553955078125,1253.495361328125,715.7147216796875,0.5535830855369568,car,0.93365478515625,-0.0648193359375
505,20.2,58,804.88134765625,301.5390625,917.9544677734375,381.1253662109375,0.7975622415542603,car,0.69659423828125,-0.2191162109375
505,20.2,59,906.7354125976562,318.2095947265625,946.8789672851562,435.197998046875,0.5932878851890564,person,1.34722900390625,0.072021484375
505,20.2,60,333.92474365234375,379.65625,498.11572265625,496.64794921875,0.36530226469039917,motorcycle,-0.023193359375,-0.978515625
506,20.24,4,6.1197509765625,559.19677734375,1219.5179443359375,716.7685546875,0.5062169432640076,car,-0.2059326171875,0.102783203125
506,20.24,23,809.226806640625,321.0872497558594,886.788818359375,375.4520568847656,0.3230680525302887,car,-2.027978515625,1.58343505859375
506,20.24,46,361.56890869140625,337.09979248046875,430.42254638671875,485.89666748046875,0.6062453985214233,person,0.181121826171875,-0.13604736328125
506,20.24,53,904.3320922851562,318.71209716796875,945.2443237304688,434.8358154296875,0.43636783957481384,person,3.0947672526041665,0.397735595703125
506,20.24,55,334.16925048828125,355.1251220703125,497.32037353515625,475.5206298828125,0.3952869772911072,bicycle,-0.37786865234375,0.237518310546875
506,20.24,57,5.2734375,591.5567626953125,1258.016357421875,715.7225341796875,0.5484411120414734,car,2.451171875,-0.04541015625
506,20.24,58,804.9891967773438,301.52911376953125,918.0173950195312,381.09130859375,0.8097673058509827,car,0.08538818359375,-0.022003173828125
506,20.24,59,907.713134765625,314.3662109375,949.850830078125,436.11407470703125,0.7136411666870117,person,1.97479248046875,-1.463653564453125
506,20.24,60,333.92474365234375,379.65625,498.11572265625,496.64794921875,0.36530226469039917,motorcycle,-0.023193359375,-0.978515625
507,20.28,4,6.1197509765625,559.19677734375,1219.5179443359375,716.7685546875,0.5062169432640076,car,-0.2059326171875,0.102783203125
507,20.28,23,809.226806640625,321.0872497558594,886.788818359375,375.4520568847656,0.3230680525302887,car,-2.027978515625,1.58343505859375
507,20.28,46,361.28680419921875,336.832275390625,431.11114501953125,485.5174560546875,0.611259400844574,person,0.2032470703125,-0.3233642578125
507,20.28,53,904.3320922851562,318.71209716796875,945.2443237304688,434.8358154296875,0.43636783957481384,person,3.0947672526041665,0.397735595703125
507,20.28,55,333.4312744140625,355.42950439453125,497.2840576171875,476.21881103515625,0.3994426131248474,bicycle,-0.38714599609375,0.50128173828125
507,20.28,57,5.041015625,591.575439453125,1261.0291748046875,715.8602294921875,0.5502644777297974,car,1.39019775390625,0.07818603515625
507,20.28,58,805.0526123046875,301.6519775390625,918.0460205078125,381.2718505859375,0.8075401782989502,car,0.0460205078125,0.151702880859375
507,20.28,59,908.2239990234375,314.265869140625,950.53369140625,435.62451171875,0.5487521290779114,person,0.59686279296875,-0.294952392578125
507,20.28,60,333.92474365234375,379.65625,498.11572265625,496.64794921875,0.36530226469039917,motorcycle,-0.023193359375,-0.978515625
508,20.32,4,6.1197509765625,559.19677734375,1219.5179443359375,716.7685546875,0.5062169432640076,car,-0.2059326171875,0.102783203125
508,20.32,23,809.226806640625,321.0872497558594,886.788818359375,375.4520568847656,0.3230680525302887,car,-2.027978515625,1.58343505859375
508,20.32,46,361.3980712890625,336.08575439453125,437.135009765625,479.47210693359375,0.6056578159332275,person,3.06756591796875,-3.39593505859375
508,20.32,53,904.3320922851562,318.71209716796875,945.2443237304688,434.8358154296875,0.43636783957481384,person,3.0947672526041665,0.397735595703125
508,20.32,55,332.96563720703125,356.11199951171875,497.08135986328125,477.0887451171875,0.3950771987438202,bicycle,-0.33416748046875,0.776214599609375
508,20.32,57,4.85791015625,591.9501953125,1256.491943359375,715.8619384765625,0.5748353600502014,car,-2.36016845703125,0.188232421875
508,20.32,58,805.28466796875,301.63739013671875,917.4002685546875,381.24005126953125,0.8186637163162231,car,-0.20684814453125,-0.023193359375
508,20.32,59,909.7439575195312,313.564208984375,954.7973022460938,436.33843994140625,0.5946646928787231,person,2.89178466796875,0.006134033203125
508,20.32,60,333.92474365234375,379.65625,498.11572265625,496.64794921875,0.36530226469039917,motorcycle,-0.023193359375,-0.978515625
509,20.36,4,6.1197509765625,559.19677734375,1219.5179443359375,716.7685546875,0.5062169432640076,car,-0.2059326171875,0.102783203125
509,20.36,23,809.226806640625,321.0872497558594,886.788818359375,375.4520568847656,0.3230680525302887,car,-2.027978515625,1.58343505859375
509,20.36,46,360.7627258300781,335.7949523925781,435.8885192871094,478.8276062011719,0.6008492708206177,person,-0.94091796875,-0.4676513671875
509,20.36,53,904.3320922851562,318.71209716796875,945.2443237304688,434.8358154296875,0.43636783957481384,person,3.0947672526041665,0.397735595703125
509,20.36,55,332.50738525390625,354.72845458984375,497.33502197265625,477.01397705078125,0.35614389181137085,bicycle,-0.102294921875,-0.729156494140625
509,20.36,57,4.4185791015625,591.7750854492188,1248.808349609375,715.7890014648438,0.5781009793281555,car,-4.06146240234375,-0.1240234375
509,20.36,58,805.6311645507812,301.74127197265625,917.4080200195312,381.249267578125,0.830785870552063,car,0.1771240234375,0.056549072265625
509,20.36,59,910.484130859375,315.8963623046875,955.485107421875,439.176513671875,0.699978768825531,person,0.7139892578125,2.585113525390625
509,20.36,60,333.92474365234375,379.65625,498.11572265625,496.64794921875,0.36530226469039917,motorcycle,-0.023193359375,-0.978515625
510,20.4,4,6.1197509765625,559.19677734375,1219.5179443359375,716.7685546875,0.5062169432640076,car,-0.2059326171875,0.102783203125
510,20.4,23,809.226806640625,321.0872497558594,886.788818359375,375.4520568847656,0.3230680525302887,car,-2.027978515625,1.58343505859375
510,20.4,46,359.4149475097656,335.37628173828125,436.9989318847656,477.19842529296875,0.6060009598731995,person,-0.118682861328125,-1.02392578125
510,20.4,53,904.3320922851562,318.71209716796875,945.2443237304688,434.8358154296875,0.43636783957481384,person,3.0947672526041665,0.397735595703125
510,20.4,55,333.80389404296875,347.11126708984375,498.544921875,488.31280517578125,0.3363734185695648,motorcycle,1.253204345703125,1.8408203125
510,20.4,57,4.1309814453125,591.386474609375,1244.727294921875,715.4822998046875,0.5667509436607361,car,-2.184326171875,-0.34765625
510,20.4,58,805.82421875,301.7593994140625,918.202392578125,381.3525390625,0.8327180743217468,car,0.49371337890625,0.060699462890625
510,20.4,59,912.0379638671875,317.76885986328125,956.2015380859375,439.04962158203125,0.617730975151062,person,1.1351318359375,0.872802734375
510,20.4,60,333.92474365234375,379.65625,498.11572265625,496.64794921875,0.36530226469039917,motorcycle,-0.023193359375,-0.978515625
511,20.44,4,6.1197509765625,559.19677734375,1219.5179443359375,716.7685546875,0.5062169432640076,car,-0.2059326171875,0.102783203125
511,20.44,23,809.226806640625,321.0872497558594,886.788818359375,375.4520568847656,0.3230680525302887,car,-2.027978515625,1.58343505859375
511,20.44,46,358.944091796875,334.3656005859375,441.9583740234375,476.56854248046875,0.5927360653877258,person,2.244293212890625,-0.820281982421875
511,20.44,53,904.3320922851562,318.71209716796875,945.2443237304688,434.8358154296875,0.43636783957481384,person,3.0947672526041665,0.397735595703125
511,20.44,55,331.9071044921875,349.7452087402344,498.675537109375,483.9566345214844,0.33480337262153625,motorcycle,-0.883087158203125,-0.861114501953125
511,20.44,57,3.6942138671875,591.6715087890625,1241.430419921875,715.66015625,0.574805736541748,car,-1.8668212890625,0.2314453125
511,20.44,58,805.922607421875,301.7762145996094,918.698974609375,381.3907775878906,0.8282321095466614,car,0.2974853515625,0.02752685546875
511,20.44,59,912.6370849609375,316.3287658691406,957.8736572265625,439.9760437011719,0.667891263961792,person,1.1356201171875,-0.2568359375
511,20.44,60,333.92474365234375,379.65625,498.11572265625,496.64794921875,0.36530226469039917,motorcycle,-0.023193359375,-0.978515625
512,20.48,4,6.1197509765625,559.19677734375,1219.5179443359375,716.7685546875,0.5062169432640076,car,-0.2059326171875,0.102783203125
512,20.48,23,809.226806640625,321.0872497558594,886.788818359375,375.4520568847656,0.3230680525302887,car,-2.027978515625,1.58343505859375
512,20.48,46,358.68157958984375,333.98858642578125,441.4390869140625,477.59796142578125,0.6100688576698303,person,-0.390899658203125,0.326202392578125
512,20.48,53,904.3320922851562,318.71209716796875,945.2443237304688,434.8358154296875,0.43636783957481384,person,3.0947672526041665,0.397735595703125
512,20.48,55,332.05938720703125,350.8396911621094,498.43035888671875,484.1839294433594,0.30369246006011963,motorcycle,-0.04644775390625,0.660888671875
512,20.48,57,3.7017822265625,591.6414794921875,1243.8154296875,715.5491943359375,0.5681200623512268,car,1.1962890625,-0.07049560546875
512,20.48,58,806.1790771484375,301.9888916015625,919.8302001953125,381.39019775390625,0.8326207399368286,car,0.69384765625,0.106048583984375
512,20.48,59,914.1633911132812,315.52008056640625,959.7730102539062,440.62493896484375,0.6780686378479004,person,1.71282958984375,-0.07989501953125
512,20.48,60,332.41400146484375,355.53509521484375,496.98126220703125,477.75701904296875,0.3201635479927063,bicycle,-0.10173856295072116,-1.6543109600360577
513,20.52,4,6.1197509765625,559.19677734375,1219.5179443359375,716.7685546875,0.5062169432640076,car,-0.2059326171875,0.102783203125
513,20.52,23,809.226806640625,321.0872497558594,886.788818359375,375.4520568847656,0.3230680525302887,car,-2.027978515625,1.58343505859375
513,20.52,46,358.7891845703125,333.948974609375,439.72802734375,478.5189208984375,0.6375501155853271,person,-0.801727294921875,0.440673828125
513,20.52,53,904.3320922851562,318.71209716796875,945.2443237304688,434.8358154296875,0.43636783957481384,person,3.0947672526041665,0.397735595703125
513,20.52,55,331.403564453125,351.5294189453125,498.32342529296875,484.0692138671875,0.3323078453540802,motorcycle,-0.381378173828125,0.287506103515625
513,20.52,57,3.452392578125,591.9619140625,1242.342041015625,715.5238037109375,0.5585452318191528,car,-0.86138916015625,0.14752197265625
513,20.52,58,806.2006225585938,301.9001770019531,920.1973266601562,381.4159240722656,0.8273352980613708,car,0.1943359375,-0.031494140625
513,20.52,59,914.3971557617188,315.68438720703125,961.4382934570312,438.28057861328125,0.7166023850440979,person,0.94952392578125,-1.09002685546875
513,20.52,60,332.2000427246094,355.73419189453125,497.0847473144531,477.30352783203125,0.3070409595966339,bicycle,-0.05523681640625,-0.127197265625
514,20.56,4,6.1197509765625,559.19677734375,1219.5179443359375,716.7685546875,0.5062169432640076,car,-0.2059326171875,0.102783203125
514,20.56,23,809.226806640625,321.0872497558594,886.788818359375,375.4520568847656,0.3230680525302887,car,-2.027978515625,1.58343505859375
514,20.56,46,359.190673828125,333.46856689453125,437.769287109375,479.77545166015625,0.6525362730026245,person,-0.77862548828125,0.3880615234375
514,20.56,53,904.3320922851562,318.71209716796875,945.2443237304688,434.8358154296875,0.43636783957481384,person,3.0947672526041665,0.397735595703125
514,20.56,55,330.096923828125,350.3598937988281,498.2408447265625,484.0467224121094,0.3615637421607971,motorcycle,-0.694610595703125,-0.59600830078125
514,20.56,57,3.1495361328125,591.8974609375,1240.317626953125,715.582275390625,0.5633664727210999,car,-1.16363525390625,-0.00299072265625
514,20.56,58,805.9788818359375,302.6092529296875,920.5064697265625,381.211181640625,0.8183044791221619,car,0.043701171875,0.252166748046875
514,20.56,59,915.747802734375,316.9876708984375,961.718505859375,437.080078125,0.7653529644012451,person,0.8154296875,0.0513916015625
514,20.56,60,332.2000427246094,355.73419189453125,497.0847473144531,477.30352783203125,0.3070409595966339,bicycle,-0.05523681640625,-0.127197265625
515,20.6,4,6.1197509765625,559.19677734375,1219.5179443359375,716.7685546875,0.5062169432640076,car,-0.2059326171875,0.102783203125
515,20.6,23,809.226806640625,321.0872497558594,886.788818359375,375.4520568847656,0.3230680525302887,car,-2.027978515625,1.58343505859375
515,20.6,46,359.309814453125,330.4375,444.4990234375,482.14312744140625,0.6426860094070435,person,3.4244384765625,-0.331695556640625
515,20.6,53,904.3320922851562,318.71209716796875,945.2443237304688,434.8358154296875,0.43636783957481384,person,3.0947672526041665,0.397735595703125
515,20.6,55,329.72076416015625,351.2930603027344,498.30078125,483.7196350097656,0.34529709815979004,motorcycle,-0.158111572265625,0.30303955078125
515,20.6,57,2.8583984375,591.6781005859375,1234.19140625,715.6739501953125,0.5886785387992859,car,-3.20867919921875,-0.0638427734375
515,20.6,58,805.9227294921875,302.59027099609375,920.7403564453125,381.2716064453125,0.8095786571502686,car,0.0888671875,0.020721435546875
515,20.6,59,915.4297485351562,316.06744384765625,963.3192749023438,436.37469482421875,0.6036731004714966,person,0.641357421875,-0.81280517578125
515,20.6,60,331.5709228515625,356.3773498535156,497.0465087890625,478.0321350097656,0.3068620562553406,bicycle,-0.166839599609375,0.3429412841796875
516,20.64,4,6.1197509765625,559.19677734375,1219.5179443359375,716.7685546875,0.5062169432640076,car,-0.2059326171875,0.102783203125
516,20.64,23,809.226806640625,321.0872497558594,886.788818359375,375.4520568847656,0.3230680525302887,car,-2.027978515625,1.58343505859375
516,20.64,46,359.4787902832031,329.04705810546875,451.0080871582031,484.9085693359375,0.6489353179931641,person,3.339019775390625,0.6875
516,20.64,53,904.3320922851562,318.71209716796875,945.2443237304688,434.8358154296875,0.43636783957481384,person,3.0947672526041665,0.397735595703125
516,20.64,55,329.0730895996094,350.6595458984375,498.6682434082031,484.0211181640625,0.33074504137039185,motorcycle,-0.140106201171875,-0.166015625
516,20.64,57,2.460693359375,591.9505615234375,1232.00927734375,715.7633056640625,0.5697495937347412,car,-1.2899169921875,0.180908203125
516,20.64,58,806.1705932617188,302.50537109375,921.3102416992188,381.414794921875,0.8187187910079956,car,0.40887451171875,0.029144287109375
516,20.64,59,915.4297485351562,316.06744384765625,963.3192749023438,436.37469482421875,0.6036731004714966,person,0.641357421875,-0.81280517578125
516,20.64,60,332.1216735839844,355.7958984375,497.0166320800781,479.11474609375,0.31663185358047485,bicycle,0.26043701171875,0.250579833984375
517,20.68,4,6.1197509765625,559.19677734375,1219.5179443359375,716.7685546875,0.5062169432640076,car,-0.2059326171875,0.102783203125
517,20.68,23,809.226806640625,321.0872497558594,886.788818359375,375.4520568847656,0.3230680525302887,car,-2.027978515625,1.58343505859375
517,20.68,46,360.1932373046875,328.20538330078125,452.44012451171875,488.67803955078125,0.678967297077179,person,1.0732421875,1.463897705078125
517,20.68,53,904.3320922851562,318.71209716796875,945.2443237304688,434.8358154296875,0.43636783957481384,person,3.0947672526041665,0.397735595703125
517,20.68,55,330.15875244140625,353.60162353515625,499.40228271484375,489.265380859375,0.3472011387348175,motorcycle,0.90985107421875,4.093170166015625
517,20.68,57,2.135498046875,592.05322265625,1232.587158203125,715.595458984375,0.5539106726646423,car,0.1263427734375,-0.0325927734375
517,20.68,58,806.1414184570312,302.568359375,921.9668579101562,381.4862060546875,0.8085047602653503,car,0.313720703125,0.06719970703125
517,20.68,59,917.128662109375,314.94061279296875,966.14111328125,437.69708251953125,0.4828251898288727,person,1.13018798828125,0.04888916015625
517,20.68,60,334.10833740234375,357.4246826171875,497.21636962890625,480.89971923828125,0.3287757635116577,bicycle,1.09320068359375,1.706878662109375
518,20.72,4,6.1197509765625,559.19677734375,1219.5179443359375,716.7685546875,0.5062169432640076,car,-0.2059326171875,0.102783203125
518,20.72,23,809.226806640625,321.0872497558594,886.788818359375,375.4520568847656,0.3230680525302887,car,-2.027978515625,1.58343505859375
518,20.72,46,359.73638916015625,324.98382568359375,452.489013671875,489.98797607421875,0.7513642311096191,person,-0.2039794921875,-0.955810546875
518,20.72,53,904.3320922851562,318.71209716796875,945.2443237304688,434.8358154296875,0.43636783957481384,person,3.0947672526041665,0.397735595703125
518,20.72,55,330.15875244140625,353.60162353515625,499.40228271484375,489.265380859375,0.3472011387348175,motorcycle,0.90985107421875,4.093170166015625
518,20.72,57,2.3704833984375,591.6756591796875,1241.4732666015625,715.7525634765625,0.5428824424743652,car,4.560546875,-0.1102294921875
518,20.72,58,806.5885009765625,302.11859130859375,922.6234130859375,381.67901611328125,0.7847416996955872,car,0.55181884765625,-0.12847900390625
518,20.72,59,918.2703857421875,312.1181945800781,967.4053955078125,437.4103088378906,0.6081575751304626,person,1.2030029296875,-1.554595947265625
518,20.72,60,335.64703369140625,358.0577392578125,497.2843017578125,481.52972412109375,0.3308246433734894,bicycle,0.803314208984375,0.63153076171875
519,20.76,4,6.1197509765625,559.19677734375,1219.5179443359375,716.7685546875,0.5062169432640076,car,-0.2059326171875,0.102783203125
519,20.76,23,809.226806640625,321.0872497558594,886.788818359375,375.4520568847656,0.3230680525302887,car,-2.027978515625,1.58343505859375
519,20.76,46,359.7412414550781,324.5687255859375,452.1739807128906,492.2369384765625,0.8065176606178284,person,-0.15509033203125,0.91693115234375
519,20.76,53,904.3320922851562,318.71209716796875,945.2443237304688,434.8358154296875,0.43636783957481384,person,3.0947672526041665,0.397735595703125
519,20.76,55,330.15875244140625,353.60162353515625,499.40228271484375,489.265380859375,0.3472011387348175,motorcycle,0.90985107421875,4.093170166015625
519,20.76,57,2.2821044921875,591.39892578125,1248.365234375,715.539794921875,0.519184947013855,car,3.40179443359375,-0.2447509765625
519,20.76,58,806.0657958984375,302.56768798828125,921.9368896484375,381.57464599609375,0.8069007396697998,car,-0.6046142578125,0.17236328125
519,20.76,59,919.09423828125,309.9388427734375,969.560791015625,438.3095703125,0.6458067297935486,person,1.4896240234375,-0.640045166015625
519,20.76,60,338.22332763671875,358.31475830078125,497.44329833984375,482.58721923828125,0.4023742377758026,bicycle,1.367645263671875,0.657257080078125
520,20.8,4,6.1197509765625,559.19677734375,1219.5179443359375,716.7685546875,0.5062169432640076,car,-0.2059326171875,0.102783203125
520,20.8,23,809.226806640625,321.0872497558594,886.788818359375,375.4520568847656,0.3230680525302887,car,-2.027978515625,1.58343505859375
520,20.8,46,360.57781982421875,323.4185791015625,452.06866455078125,494.03204345703125,0.8339023590087891,person,0.365631103515625,0.322479248046875
520,20.8,53,904.3320922851562,318.71209716796875,945.2443237304688,434.8358154296875,0.43636783957481384,person,3.0947672526041665,0.397735595703125
520,20.8,55,330.15875244140625,353.60162353515625,499.40228271484375,489.265380859375,0.3472011387348175,motorcycle,0.90985107421875,4.093170166015625
520,20.8,57,2.3623046875,591.6387939453125,1252.3017578125,715.0909423828125,0.47474437952041626,car,2.00836181640625,-0.1044921875
520,20.8,58,807.040771484375,302.28387451171875,922.49267578125,381.61004638671875,0.8109708428382874,car,0.765380859375,-0.12420654296875
520,20.8,59,920.6034545898438,308.95709228515625,968.5924682617188,438.23284912109375,0.5451889038085938,person,0.27044677734375,-0.52923583984375
520,20.8,60,327.7034912109375,359.71527099609375,499.8773193359375,478.4796142578125,0.4614078104496002,bicycle,-4.04290771484375,-1.353546142578125
521,20.84,4,6.1197509765625,559.19677734375,1219.5179443359375,716.7685546875,0.5062169432640076,car,-0.2059326171875,0.102783203125
521,20.84,23,809.226806640625,321.0872497558594,886.788818359375,375.4520568847656,0.3230680525302887,car,-2.027978515625,1.58343505859375
521,20.84,46,361.2389831542969,322.59832763671875,451.7419128417969,493.2161865234375,0.8431253433227539,person,0.167205810546875,-0.81805419921875
521,20.84,53,904.3320922851562,318.71209716796875,945.2443237304688,434.8358154296875,0.43636783957481384,person,3.0947672526041665,0.397735595703125
521,20.84,55,330.15875244140625,353.60162353515625,499.40228271484375,489.265380859375,0.3472011387348175,motorcycle,0.90985107421875,4.093170166015625
521,20.84,57,3.275390625,591.3333129882812,1255.5087890625,715.1062622070312,0.48987239599227905,car,2.06005859375,-0.14508056640625
521,20.84,58,806.4615478515625,302.50732421875,923.1064453125,381.6568603515625,0.8184961080551147,car,0.01727294921875,0.1351318359375
521,20.84,59,920.6034545898438,308.95709228515625,968.5924682617188,438.23284912109375,0.5451889038085938,person,0.27044677734375,-0.52923583984375
521,20.84,60,327.5457763671875,360.87408447265625,499.7366943359375,478.27874755859375,0.4672776758670807,bicycle,-0.149169921875,0.478973388671875
522,20.88,4,6.1197509765625,559.19677734375,1219.5179443359375,716.7685546875,0.5062169432640076,car,-0.2059326171875,0.102783203125
522,20.88,23,809.226806640625,321.0872497558594,886.788818359375,375.4520568847656,0.3230680525302887,car,-2.027978515625,1.58343505859375
522,20.88,46,361.95953369140625,322.5980224609375,451.696044921875,496.094970703125,0.8415699601173401,person,0.33734130859375,1.439239501953125
522,20.88,53,904.3320922851562,318.71209716796875,945.2443237304688,434.8358154296875,0.43636783957481384,person,3.0947672526041665,0.397735595703125
522,20.88,55,330.15875244140625,353.60162353515625,499.40228271484375,489.265380859375,0.3472011387348175,motorcycle,0.90985107421875,4.093170166015625
522,20.88,57,3.158447265625,590.9694213867188,1253.183349609375,715.0398559570312,0.4805581569671631,car,-1.22119140625,-0.21514892578125
522,20.88,58,806.5701904296875,302.5494384765625,923.939453125,381.7147216796875,0.8213813900947571,car,0.4708251953125,0.04998779296875
522,20.88,59,920.6034545898438,308.95709228515625,968.5924682617188,438.23284912109375,0.5451889038085938,person,0.27044677734375,-0.52923583984375
522,20.88,60,326.59564208984375,360.3856201171875,499.67376708984375,479.44244384765625,0.454773873090744,bicycle,-0.50653076171875,0.337615966796875
523,20.92,4,6.1197509765625,559.19677734375,1219.5179443359375,716.7685546875,0.5062169432640076,car,-0.2059326171875,0.102783203125
523,20.92,23,809.226806640625,321.0872497558594,886.788818359375,375.4520568847656,0.3230680525302887,car,-2.027978515625,1.58343505859375
523,20.92,46,362.37841796875,322.444091796875,451.556884765625,497.1993408203125,0.8420731425285339,person,0.139862060546875,0.4752197265625
523,20.92,53,904.3320922851562,318.71209716796875,945.2443237304688,434.8358154296875,0.43636783957481384,person,3.0947672526041665,0.397735595703125
523,20.92,55,330.15875244140625,353.60162353515625,499.40228271484375,489.265380859375,0.3472011387348175,motorcycle,0.90985107421875,4.093170166015625
523,20.92,57,3.2373046875,591.057373046875,1254.172607421875,715.04052734375,0.48758020997047424,car,0.5340576171875,0.0443115234375
523,20.92,58,806.611083984375,302.46649169921875,924.843017578125,381.77740478515625,0.8213078379631042,car,0.47222900390625,-0.0101318359375
523,20.92,59,922.5363159179688,307.9608154296875,975.8507690429688,444.5220947265625,0.4432898461818695,person,1.5318603515625,0.8821614583333334
523,20.92,60,327.006591796875,360.31195068359375,499.57073974609375,479.70965576171875,0.4546937048435211,bicycle,0.153961181640625,0.096771240234375
524,20.96,4,3.700927734375,571.9986572265625,1216.26416015625,716.0186767578125,0.45934751629829407,car,-0.10504828559027778,0.22318522135416666
524,20.96,46,363.0206604003906,321.18365478515625,451.4539489746094,497.88232421875,0.8387693166732788,person,0.2696533203125,-0.288726806640625
524,20.96,53,904.3320922851562,318.71209716796875,945.2443237304688,434.8358154296875,0.43636783957481384,person,3.0947672526041665,0.397735595703125
524,20.96,55,330.15875244140625,353.60162353515625,499.40228271484375,489.265380859375,0.3472011387348175,motorcycle,0.90985107421875,4.093170166015625
524,20.96,57,3.2373046875,591.057373046875,1254.172607421875,715.04052734375,0.48758020997047424,car,0.5340576171875,0.0443115234375
524,20.96,58,807.02783203125,302.4393615722656,925.04736328125,381.7312316894531,0.825405478477478,car,0.310546875,-0.036651611328125
524,20.96,59,922.5363159179688,307.9608154296875,975.8507690429688,444.5220947265625,0.4432898461818695,person,1.5318603515625,0.8821614583333334
524,20.96,60,325.92462158203125,359.4881591796875,499.44512939453125,479.3072509765625,0.5363736152648926,bicycle,-0.603790283203125,-0.61309814453125
525,21.0,4,3.54345703125,572.6512451171875,1221.16015625,715.9593505859375,0.4394848048686981,car,2.3692626953125,0.296630859375
525,21.0,46,362.81195068359375,319.88116455078125,451.30841064453125,493.01617431640625,0.8262044191360474,person,-0.1771240234375,-3.084320068359375
525,21.0,53,904.3320922851562,318.71209716796875,945.2443237304688,434.8358154296875,0.43636783957481384,person,3.0947672526041665,0.397735595703125
525,21.0,55,330.15875244140625,353.60162353515625,499.40228271484375,489.265380859375,0.3472011387348175,motorcycle,0.90985107421875,4.093170166015625
525,21.0,57,3.2373046875,591.057373046875,1254.172607421875,715.04052734375,0.48758020997047424,car,0.5340576171875,0.0443115234375
525,21.0,58,807.16064453125,302.34783935546875,924.944580078125,381.76873779296875,0.8301510214805603,car,0.0150146484375,-0.027008056640625
525,21.0,59,922.5363159179688,307.9608154296875,975.8507690429688,444.5220947265625,0.4432898461818695,person,1.5318603515625,0.8821614583333334
525,21.0,60,324.62652587890625,358.4540710449219,499.10015869140625,478.4571228027344,0.5094922184944153,bicycle,-0.821533203125,-0.942108154296875
526,21.04,4,3.54345703125,572.6512451171875,1221.16015625,715.9593505859375,0.4394848048686981,car,2.3692626953125,0.296630859375
526,21.04,46,362.32269287109375,319.3028564453125,451.62432861328125,494.26116943359375,0.8329401016235352,person,-0.086669921875,0.333343505859375
526,21.04,53,904.3320922851562,318.71209716796875,945.2443237304688,434.8358154296875,0.43636783957481384,person,3.0947672526041665,0.397735595703125
526,21.04,55,330.15875244140625,353.60162353515625,499.40228271484375,489.265380859375,0.3472011387348175,motorcycle,0.90985107421875,4.093170166015625
526,21.04,57,2.8807373046875,589.9481201171875,1255.1468505859375,714.5384521484375,0.44965022802352905,car,0.10294596354166667,-0.2685546875
526,21.04,58,807.288330078125,302.34710693359375,925.41259765625,381.80255126953125,0.8284388780593872,car,0.2978515625,0.01654052734375
526,21.04,59,922.5363159179688,307.9608154296875,975.8507690429688,444.5220947265625,0.4432898461818695,person,1.5318603515625,0.8821614583333334
526,21.04,60,322.0816650390625,359.9232177734375,498.70550537109375,478.5506591796875,0.5272760987281799,bicycle,-1.469757080078125,0.781341552734375
527,21.08,4,3.54345703125,572.6512451171875,1221.16015625,715.9593505859375,0.4394848048686981,car,2.3692626953125,0.296630859375
527,21.08,46,362.080078125,317.58050537109375,452.13031005859375,493.73199462890625,0.8299217820167542,person,0.131683349609375,-1.125762939453125
527,21.08,53,904.3320922851562,318.71209716796875,945.2443237304688,434.8358154296875,0.43636783957481384,person,3.0947672526041665,0.397735595703125
527,21.08,55,330.15875244140625,353.60162353515625,499.40228271484375,489.265380859375,0.3472011387348175,motorcycle,0.90985107421875,4.093170166015625
527,21.08,57,2.90185546875,589.8631591796875,1258.122314453125,714.5216064453125,0.4400099217891693,car,1.498291015625,-0.0509033203125
527,21.08,58,807.2989501953125,302.3343811035156,925.8768310546875,381.9017639160156,0.8299338817596436,car,0.2374267578125,0.043243408203125
527,21.08,59,922.5363159179688,307.9608154296875,975.8507690429688,444.5220947265625,0.4432898461818695,person,1.5318603515625,0.8821614583333334
527,21.08,60,319.7662048339844,358.8989562988281,498.8157043457031,478.4526062011719,0.5007843971252441,bicycle,-1.102630615234375,-0.5611572265625
528,21.12,4,3.4017333984375,574.3968505859375,1230.2532958984375,716.103515625,0.4228753447532654,car,1.4919026692708333,0.3149617513020833
528,21.12,46,361.52105712890625,316.40325927734375,452.1343994140625,493.61016845703125,0.833695650100708,person,-0.2774658203125,-0.6495361328125
528,21.12,53,904.3320922851562,318.71209716796875,945.2443237304688,434.8358154296875,0.43636783957481384,person,3.0947672526041665,0.397735595703125
528,21.12,55,330.15875244140625,353.60162353515625,499.40228271484375,489.265380859375,0.3472011387348175,motorcycle,0.90985107421875,4.093170166015625
528,21.12,57,2.90185546875,589.8631591796875,1258.122314453125,714.5216064453125,0.4400099217891693,car,1.498291015625,-0.0509033203125
528,21.12,58,807.3680419921875,302.37640380859375,926.6910400390625,382.01263427734375,0.8236589431762695,car,0.441650390625,0.076446533203125
528,21.12,59,922.5363159179688,307.9608154296875,975.8507690429688,444.5220947265625,0.4432898461818695,person,1.5318603515625,0.8821614583333334
528,21.12,60,319.0235595703125,357.78656005859375,498.7998046875,478.77850341796875,0.4792335629463196,bicycle,-0.3792724609375,-0.39324951171875
529,21.16,4,3.4017333984375,574.3968505859375,1230.2532958984375,716.103515625,0.4228753447532654,car,1.4919026692708333,0.3149617513020833
529,21.16,46,361.052734375,316.29736328125,451.732421875,493.2896728515625,0.8317148089408875,person,-0.435150146484375,-0.21319580078125
529,21.16,53,904.3320922851562,318.71209716796875,945.2443237304688,434.8358154296875,0.43636783957481384,person,3.0947672526041665,0.397735595703125
529,21.16,55,330.15875244140625,353.60162353515625,499.40228271484375,489.265380859375,0.3472011387348175,motorcycle,0.90985107421875,4.093170166015625
529,21.16,57,2.143798828125,587.048095703125,1254.2359619140625,714.34326171875,0.4807966947555542,car,-1.161102294921875,-0.74835205078125
529,21.16,58,807.5062255859375,302.39019775390625,926.4383544921875,381.99200439453125,0.8298693895339966,car,-0.0572509765625,-0.00341796875
529,21.16,59,922.5363159179688,307.9608154296875,975.8507690429688,444.5220947265625,0.4432898461818695,person,1.5318603515625,0.8821614583333334
529,21.16,60,318.6729736328125,356.2928466796875,498.4931640625,478.96612548828125,0.46841657161712646,bicycle,-0.32861328125,-0.653045654296875
530,21.2,4,3.4017333984375,574.3968505859375,1230.2532958984375,716.103515625,0.4228753447532654,car,1.4919026692708333,0.3149617513020833
530,21.2,46,360.75067138671875,315.0369873046875,453.25921630859375,494.18182373046875,0.8233715295791626,person,0.61236572265625,-0.184112548828125
530,21.2,53,904.3320922851562,318.71209716796875,945.2443237304688,434.8358154296875,0.43636783957481384,person,3.0947672526041665,0.397735595703125
530,21.2,55,330.15875244140625,353.60162353515625,499.40228271484375,489.265380859375,0.3472011387348175,motorcycle,0.90985107421875,4.093170166015625
530,21.2,57,1.907470703125,586.97216796875,1252.3134765625,714.325927734375,0.4893116354942322,car,-1.07940673828125,-0.046630859375
530,21.2,58,807.5255737304688,302.41827392578125,926.2788696289062,381.97528076171875,0.834271252155304,car,-0.070068359375,0.00567626953125
530,21.2,59,922.5363159179688,307.9608154296875,975.8507690429688,444.5220947265625,0.4432898461818695,person,1.5318603515625,0.8821614583333334
530,21.2,60,316.78094482421875,355.7783203125,497.74847412109375,479.1873779296875,0.4687162935733795,bicycle,-1.318359375,-0.146636962890625
531,21.24,4,3.4017333984375,574.3968505859375,1230.2532958984375,716.103515625,0.4228753447532654,car,1.4919026692708333,0.3149617513020833
531,21.24,46,360.56640625,314.50286865234375,453.2891845703125,492.54833984375,0.8305301666259766,person,-0.0771484375,-1.08380126953125
531,21.24,53,904.3320922851562,318.71209716796875,945.2443237304688,434.8358154296875,0.43636783957481384,person,3.0947672526041665,0.397735595703125
531,21.24,55,330.15875244140625,353.60162353515625,499.40228271484375,489.265380859375,0.3472011387348175,motorcycle,0.90985107421875,4.093170166015625
531,21.24,57,1.5963134765625,586.2275390625,1250.72314453125,714.666259765625,0.49726253747940063,car,-0.95074462890625,-0.2021484375
531,21.24,58,807.6741943359375,302.4019775390625,926.38916015625,382.0809326171875,0.8386977314949036,car,0.12945556640625,0.044677734375
531,21.24,59,922.5363159179688,307.9608154296875,975.8507690429688,444.5220947265625,0.4432898461818695,person,1.5318603515625,0.8821614583333334
531,21.24,60,318.5828857421875,356.49029541015625,497.41162109375,479.74700927734375,0.46601253747940063,bicycle,0.7325439453125,0.63580322265625
532,21.28,4,3.4017333984375,574.3968505859375,1230.2532958984375,716.103515625,0.4228753447532654,car,1.4919026692708333,0.3149617513020833
532,21.28,46,360.4674072265625,314.55072021484375,455.4110107421875,492.82684326171875,0.8272045254707336,person,1.01141357421875,0.163177490234375
532,21.28,53,904.3320922851562,318.71209716796875,945.2443237304688,434.8358154296875,0.43636783957481384,person,3.0947672526041665,0.397735595703125
532,21.28,55,330.15875244140625,353.60162353515625,499.40228271484375,489.265380859375,0.3472011387348175,motorcycle,0.90985107421875,4.093170166015625
532,21.28,57,1.14501953125,586.175048828125,1250.35888671875,714.441162109375,0.48315706849098206,car,-0.40777587890625,-0.1387939453125
532,21.28,58,807.6171875,302.4274597167969,926.6917724609375,382.1248474121094,0.8317195773124695,car,0.122802734375,0.034698486328125
532,21.28,59,938.4158935546875,313.8004150390625,989.8585205078125,451.19158935546875,0.40697726607322693,person,1.6604071723090277,0.6949496799045138
532,21.28,60,318.2420654296875,355.2440185546875,496.610595703125,480.79302978515625,0.45351359248161316,bicycle,-0.5709228515625,-0.100128173828125
533,21.32,4,3.4017333984375,574.3968505859375,1230.2532958984375,716.103515625,0.4228753447532654,car,1.4919026692708333,0.3149617513020833
533,21.32,46,359.9300842285156,313.92596435546875,455.2652893066406,494.31884765625,0.8295819163322449,person,-0.341522216796875,0.433624267578125
533,21.32,53,904.3320922851562,318.71209716796875,945.2443237304688,434.8358154296875,0.43636783957481384,person,3.0947672526041665,0.397735595703125
533,21.32,55,339.1240234375,377.1357421875,494.7239990234375,481.06195068359375,0.39957281947135925,bicycle,0.13396835327148438,0.4790840148925781
533,21.32,57,1.03369140625,583.4473876953125,1249.40673828125,714.7659912109375,0.5356784462928772,car,-0.53173828125,-1.201416015625
533,21.32,58,807.7506103515625,302.44775390625,926.8421630859375,382.236328125,0.8321016430854797,car,0.14190673828125,0.065887451171875
533,21.32,59,943.3070678710938,313.8299560546875,992.1926879882812,449.4130859375,0.5513672828674316,person,3.6126708984375,-0.874481201171875
533,21.32,60,315.8141784667969,355.9978332519531,496.0171813964844,484.4549865722656,0.43636634945869446,bicycle,-1.510650634765625,2.2078857421875
534,21.36,4,3.4017333984375,574.3968505859375,1230.2532958984375,716.103515625,0.4228753447532654,car,1.4919026692708333,0.3149617513020833
534,21.36,46,359.33837890625,313.67779541015625,453.1505126953125,494.57305908203125,0.8295771479606628,person,-1.353240966796875,0.003021240234375
534,21.36,53,904.3320922851562,318.71209716796875,945.2443237304688,434.8358154296875,0.43636783957481384,person,3.0947672526041665,0.397735595703125
534,21.36,55,339.1240234375,377.1357421875,494.7239990234375,481.06195068359375,0.39957281947135925,bicycle,0.13396835327148438,0.4790840148925781
534,21.36,57,1.3662109375,583.7184448242188,1246.779052734375,715.1553344726562,0.567613422870636,car,-1.1475830078125,0.3302001953125
534,21.36,58,807.7484130859375,302.50421142578125,927.0804443359375,382.2862548828125,0.8266164660453796,car,0.1180419921875,0.053192138671875
534,21.36,59,948.84716796875,313.99664306640625,994.749755859375,450.73052978515625,0.588097870349884,person,4.048583984375,0.7420654296875
534,21.36,60,314.59649658203125,354.96954345703125,495.08526611328125,484.89532470703125,0.43787747621536255,bicycle,-1.074798583984375,-0.293975830078125
535,21.4,4,3.4017333984375,574.3968505859375,1230.2532958984375,716.103515625,0.4228753447532654,car,1.4919026692708333,0.3149617513020833
535,21.4,46,358.7398681640625,313.2667236328125,452.2279052734375,497.6649169921875,0.8301894068717957,person,-0.76055908203125,1.34039306640625
535,21.4,53,904.3320922851562,318.71209716796875,945.2443237304688,434.8358154296875,0.43636783957481384,person,3.0947672526041665,0.397735595703125
535,21.4,55,339.1240234375,377.1357421875,494.7239990234375,481.06195068359375,0.39957281947135925,bicycle,0.13396835327148438,0.4790840148925781
535,21.4,57,1.25341796875,586.54296875,1249.7847900390625,715.23193359375,0.552318274974823,car,1.44647216796875,1.4505615234375
535,21.4,58,807.7415771484375,302.47991943359375,927.1656494140625,382.33514404296875,0.8222419023513794,car,0.0391845703125,0.012298583984375
535,21.4,59,951.3468017578125,312.6392517089844,998.7122802734375,450.4413757324219,0.7110247015953064,person,3.2310791015625,-0.823272705078125
535,21.4,60,316.0530700683594,353.6395263671875,493.9925842285156,486.3331298828125,0.4733688235282898,bicycle,0.18194580078125,0.05389404296875
536,21.44,4,3.4017333984375,574.3968505859375,1230.2532958984375,716.103515625,0.4228753447532654,car,1.4919026692708333,0.3149617513020833
536,21.44,46,358.29620361328125,313.02294921875,450.81005859375,497.88037109375,0.8338580131530762,person,-0.930755615234375,-0.01416015625
536,21.44,53,904.3320922851562,318.71209716796875,945.2443237304688,434.8358154296875,0.43636783957481384,person,3.0947672526041665,0.397735595703125
536,21.44,55,339.1240234375,377.1357421875,494.7239990234375,481.06195068359375,0.39957281947135925,bicycle,0.13396835327148438,0.4790840148925781
536,21.44,57,1.25927734375,587.6931762695312,1246.373046875,715.1987915039062,0.5726291537284851,car,-1.70294189453125,0.55853271484375
536,21.44,58,807.6292724609375,302.4751892089844,927.4925537109375,382.4741516113281,0.8167644739151001,car,0.1072998046875,0.067138671875
536,21.44,59,953.167236328125,310.63885498046875,1001.490478515625,453.25091552734375,0.7623471617698669,person,2.29931640625,0.404571533203125
536,21.44,60,317.5706787109375,353.84130859375,492.8626708984375,486.32568359375,0.4945187270641327,bicycle,0.19384765625,0.09716796875
537,21.48,4,3.4017333984375,574.3968505859375,1230.2532958984375,716.103515625,0.4228753447532654,car,1.4919026692708333,0.3149617513020833
537,21.48,46,357.4598388671875,312.02447509765625,448.9964599609375,496.47113037109375,0.8384959697723389,person,-1.324981689453125,-1.203857421875
537,21.48,53,904.3320922851562,318.71209716796875,945.2443237304688,434.8358154296875,0.43636783957481384,person,3.0947672526041665,0.397735595703125
537,21.48,55,339.1240234375,377.1357421875,494.7239990234375,481.06195068359375,0.39957281947135925,bicycle,0.13396835327148438,0.4790840148925781
537,21.48,57,1.233642578125,589.2110595703125,1248.357421875,715.1805419921875,0.5359094738960266,car,0.9793701171875,0.74981689453125
537,21.48,58,807.60498046875,302.52447509765625,927.201904296875,382.54339599609375,0.8179445862770081,car,-0.157470703125,0.05926513671875
537,21.48,59,954.1751708984375,309.76483154296875,1004.8729248046875,451.57073974609375,0.8112370371818542,person,2.1951904296875,-1.277099609375
537,21.48,60,318.71417236328125,352.8717041015625,492.5877685546875,487.06658935546875,0.518186628818512,bicycle,0.434295654296875,-0.114349365234375
538,21.52,4,3.4017333984375,574.3968505859375,1230.2532958984375,716.103515625,0.4228753447532654,car,1.4919026692708333,0.3149617513020833
538,21.52,46,356.41632080078125,312.6134033203125,448.948974609375,501.8114013671875,0.8355920314788818,person,-0.545501708984375,2.964599609375
538,21.52,53,904.3320922851562,318.71209716796875,945.2443237304688,434.8358154296875,0.43636783957481384,person,3.0947672526041665,0.397735595703125
538,21.52,55,339.1240234375,377.1357421875,494.7239990234375,481.06195068359375,0.39957281947135925,bicycle,0.13396835327148438,0.4790840148925781
538,21.52,57,1.6636962890625,590.7755737304688,1250.890625,714.9937133789062,0.4993944466114044,car,1.48162841796875,0.6888427734375
538,21.52,58,807.6541748046875,302.6796875,926.9935302734375,382.706787109375,0.8115610480308533,car,-0.07958984375,0.1593017578125
538,21.52,59,955.15966796875,309.3265380859375,1012.177001953125,453.846435546875,0.8149080276489258,person,4.144287109375,0.918701171875
538,21.52,60,318.82537841796875,356.6290283203125,492.25335693359375,490.52716064453125,0.5223808884620667,bicycle,-0.111602783203125,3.60894775390625
539,21.56,4,3.4017333984375,574.3968505859375,1230.2532958984375,716.103515625,0.4228753447532654,car,1.4919026692708333,0.3149617513020833
539,21.56,46,355.938720703125,312.58599853515625,451.605224609375,501.39727783203125,0.8206356167793274,person,1.089324951171875,-0.22076416015625
539,21.56,53,904.3320922851562,318.71209716796875,945.2443237304688,434.8358154296875,0.43636783957481384,person,3.0947672526041665,0.397735595703125
539,21.56,55,339.1240234375,377.1357421875,494.7239990234375,481.06195068359375,0.39957281947135925,bicycle,0.13396835327148438,0.4790840148925781
539,21.56,57,1.686279296875,591.5201416015625,1251.33056640625,715.0009765625,0.48412880301475525,car,0.23126220703125,0.37591552734375
539,21.56,58,807.6212158203125,302.82855224609375,927.2711181640625,382.83734130859375,0.8111422657966614,car,0.122314453125,0.13970947265625
539,21.56,59,954.2271728515625,314.8673095703125,1008.9442138671875,452.515869140625,0.7265052795410156,person,-2.0826416015625,2.1051025390625
539,21.56,60,318.9320373535156,356.40924072265625,491.8090515136719,491.27276611328125,0.5376265048980713,bicycle,-0.1688232421875,0.262908935546875
540,21.6,4,3.4017333984375,574.3968505859375,1230.2532958984375,716.103515625,0.4228753447532654,car,1.4919026692708333,0.3149617513020833
540,21.6,46,355.1124267578125,311.4158935546875,449.34405517578125,502.1502685546875,0.8142748475074768,person,-1.543731689453125,-0.20855712890625
540,21.6,53,904.3320922851562,318.71209716796875,945.2443237304688,434.8358154296875,0.43636783957481384,person,3.0947672526041665,0.397735595703125
540,21.6,55,339.1240234375,377.1357421875,494.7239990234375,481.06195068359375,0.39957281947135925,bicycle,0.13396835327148438,0.4790840148925781
540,21.6,57,1.518310546875,590.8585815429688,1250.4117431640625,715.1065063476562,0.5181230902671814,car,-0.54339599609375,-0.27801513671875
540,21.6,58,807.4586181640625,303.0379333496094,927.2279052734375,383.0782775878906,0.8184112310409546,car,-0.1029052734375,0.22515869140625
540,21.6,59,956.6653442382812,312.387939453125,1014.0966186523438,454.52398681640625,0.7087439894676208,person,3.7952880859375,-0.235626220703125
540,21.6,60,319.0706787109375,358.0587158203125,491.3082275390625,491.39215087890625,0.5668576955795288,bicycle,-0.18109130859375,0.884429931640625
541,21.64,4,3.4017333984375,574.3968505859375,1230.2532958984375,716.103515625,0.4228753447532654,car,1.4919026692708333,0.3149617513020833
541,21.64,46,354.36236572265625,311.8782958984375,452.07403564453125,508.5953369140625,0.8053611516952515,person,0.989959716796875,3.4537353515625
541,21.64,53,904.3320922851562,318.71209716796875,945.2443237304688,434.8358154296875,0.43636783957481384,person,3.0947672526041665,0.397735595703125
541,21.64,55,339.1240234375,377.1357421875,494.7239990234375,481.06195068359375,0.39957281947135925,bicycle,0.13396835327148438,0.4790840148925781
541,21.64,57,1.773681640625,591.1629638671875,1254.9384765625,714.9915771484375,0.5318975448608398,car,2.39105224609375,0.0947265625
541,21.64,58,807.6192626953125,303.2273254394531,927.97900390625,383.2713928222656,0.8213379383087158,car,0.45587158203125,0.191253662109375
541,21.64,59,957.9202270507812,312.0791015625,1021.3872680664062,454.90521240234375,0.6870889067649841,person,4.27276611328125,0.03619384765625
541,21.64,60,319.02862548828125,357.9903564453125,491.04119873046875,491.39263916015625,0.5564141869544983,bicycle,-0.154541015625,-0.033935546875
542,21.68,4,3.4017333984375,574.3968505859375,1230.2532958984375,716.103515625,0.4228753447532654,car,1.4919026692708333,0.3149617513020833
542,21.68,46,353.8294372558594,307.8155517578125,449.1221618652344,511.716552734375,0.8047040700912476,person,-1.742401123046875,-0.47076416015625
542,21.68,53,904.3320922851562,318.71209716796875,945.2443237304688,434.8358154296875,0.43636783957481384,person,3.0947672526041665,0.397735595703125
542,21.68,55,339.1240234375,377.1357421875,494.7239990234375,481.06195068359375,0.39957281947135925,bicycle,0.13396835327148438,0.4790840148925781
542,21.68,57,1.6513671875,590.7526245117188,1253.470458984375,715.3302612304688,0.5486329197883606,car,-0.795166015625,-0.03582763671875
542,21.68,58,807.3338623046875,303.31011962890625,928.5753173828125,383.31512451171875,0.8172742128372192,car,0.15545654296875,0.063262939453125
542,21.68,59,962.0819091796875,312.796875,1023.1295166015625,457.142333984375,0.7095609903335571,person,2.95196533203125,1.477447509765625
542,21.68,60,318.1676025390625,353.78204345703125,490.215087890625,488.04779052734375,0.532270610332489,bicycle,-0.84356689453125,-3.776580810546875
543,21.72,4,3.4017333984375,574.3968505859375,1230.2532958984375,716.103515625,0.4228753447532654,car,1.4919026692708333,0.3149617513020833
543,21.72,46,352.43060302734375,306.6861572265625,450.02349853515625,508.81573486328125,0.7655266523361206,person,-0.248748779296875,-2.015106201171875
543,21.72,53,904.3320922851562,318.71209716796875,945.2443237304688,434.8358154296875,0.43636783957481384,person,3.0947672526041665,0.397735595703125
543,21.72,55,339.1240234375,377.1357421875,494.7239990234375,481.06195068359375,0.39957281947135925,bicycle,0.13396835327148438,0.4790840148925781
543,21.72,57,1.8072509765625,591.4179077148438,1258.212158203125,715.2855834960938,0.5314029455184937,car,2.44879150390625,0.310302734375
543,21.72,58,807.4067993164062,303.26446533203125,928.5409545898438,383.56427001953125,0.8173034191131592,car,0.019287109375,0.10174560546875
543,21.72,59,965.9677734375,313.48834228515625,1027.3831787109375,457.60345458984375,0.7093750238418579,person,4.06976318359375,0.5762939453125
543,21.72,60,318.090576171875,354.8414001464844,490.184326171875,487.1286315917969,0.5209092497825623,bicycle,-0.05389404296875,0.070098876953125
544,21.76,4,3.4017333984375,574.3968505859375,1230.2532958984375,716.103515625,0.4228753447532654,car,1.4919026692708333,0.3149617513020833
544,21.76,46,350.80242919921875,306.82568359375,445.50518798828125,490.0751953125,0.7003481984138489,person,-3.0732421875,-9.300506591796875
544,21.76,53,904.3320922851562,318.71209716796875,945.2443237304688,434.8358154296875,0.43636783957481384,person,3.0947672526041665,0.397735595703125
544,21.76,55,339.1240234375,377.1357421875,494.7239990234375,481.06195068359375,0.39957281947135925,bicycle,0.13396835327148438,0.4790840148925781
544,21.76,57,2.522216796875,591.3096313476562,1257.7052001953125,715.4005737304688,0.5173801183700562,car,0.10400390625,0.00335693359375
544,21.76,58,807.2907104492188,303.4560852050781,928.7759399414062,383.5993957519531,0.8183717131614685,car,0.0594482421875,0.113372802734375
544,21.76,59,967.927978515625,311.27716064453125,1029.712890625,457.70526123046875,0.4757457971572876,person,2.14495849609375,-1.0546875
544,21.76,60,317.69769287109375,353.01214599609375,490.203125,486.68121337890625,0.4959133267402649,bicycle,-0.187042236328125,-1.138336181640625
545,21.8,4,3.4017333984375,574.3968505859375,1230.2532958984375,716.103515625,0.4228753447532654,car,1.4919026692708333,0.3149617513020833
545,21.8,46,349.37078857421875,304.34326171875,446.49029541015625,488.39849853515625,0.7246193289756775,person,-0.2232666015625,-2.079559326171875
545,21.8,53,904.3320922851562,318.71209716796875,945.2443237304688,434.8358154296875,0.43636783957481384,person,3.0947672526041665,0.397735595703125
545,21.8,55,339.1240234375,377.1357421875,494.7239990234375,481.06195068359375,0.39957281947135925,bicycle,0.13396835327148438,0.4790840148925781
545,21.8,57,3.08203125,591.9998779296875,1257.603271484375,715.1888427734375,0.5345436930656433,car,0.22894287109375,0.2392578125
545,21.8,58,807.4635009765625,303.5459899902344,928.8160400390625,383.7464294433594,0.8214557766914368,car,0.1064453125,0.11846923828125
545,21.8,59,970.520751953125,308.558349609375,1026.928955078125,454.6998291015625,0.6919422745704651,person,-0.0955810546875,-2.86212158203125
545,21.8,60,317.74542236328125,353.66082763671875,490.09759521484375,486.5968017578125,0.48291683197021484,bicycle,-0.028900146484375,0.282135009765625
546,21.84,4,3.4017333984375,574.3968505859375,1230.2532958984375,716.103515625,0.4228753447532654,car,1.4919026692708333,0.3149617513020833
546,21.84,46,348.5506896972656,302.87054443359375,441.9361267089844,487.60430908203125,0.7381435036659241,person,-2.6871337890625,-1.133453369140625
546,21.84,53,904.3320922851562,318.71209716796875,945.2443237304688,434.8358154296875,0.43636783957481384,person,3.0947672526041665,0.397735595703125
546,21.84,55,339.1240234375,377.1357421875,494.7239990234375,481.06195068359375,0.39957281947135925,bicycle,0.13396835327148438,0.4790840148925781
546,21.84,57,3.3870849609375,591.541015625,1258.029052734375,715.32861328125,0.5489745736122131,car,0.36541748046875,-0.1595458984375
546,21.84,58,807.6499633789062,303.64825439453125,928.6172485351562,383.85845947265625,0.8212021589279175,car,-0.00616455078125,0.107147216796875
546,21.84,59,970.300537109375,308.26434326171875,1030.58837890625,457.16021728515625,0.6494413018226624,person,1.7196044921875,1.08319091796875
546,21.84,60,316.93499755859375,353.57135009765625,490.372802734375,486.80841064453125,0.4966614544391632,bicycle,-0.267608642578125,0.061065673828125
547,21.88,4,3.4017333984375,574.3968505859375,1230.2532958984375,716.103515625,0.4228753447532654,car,1.4919026692708333,0.3149617513020833
547,21.88,46,346.52655029296875,302.40521240234375,438.04986572265625,492.4268798828125,0.7519766092300415,person,-2.9552001953125,2.178619384765625
547,21.88,53,904.3320922851562,318.71209716796875,945.2443237304688,434.8358154296875,0.43636783957481384,person,3.0947672526041665,0.397735595703125
547,21.88,55,339.1240234375,377.1357421875,494.7239990234375,481.06195068359375,0.39957281947135925,bicycle,0.13396835327148438,0.4790840148925781
547,21.88,57,3.270751953125,591.3358154296875,1257.416015625,715.3341064453125,0.5442060232162476,car,-0.36468505859375,-0.099853515625
547,21.88,58,807.552978515625,304.0900573730469,928.215087890625,383.9380798339844,0.8185513019561768,car,-0.24957275390625,0.260711669921875
547,21.88,59,973.0528564453125,309.0281982421875,1037.8323974609375,459.290771484375,0.6006590723991394,person,4.9981689453125,1.44720458984375
547,21.88,60,315.80291748046875,354.6002197265625,490.56500244140625,485.360595703125,0.4627606272697449,bicycle,-0.469940185546875,-0.20947265625
548,21.92,4,3.4017333984375,574.3968505859375,1230.2532958984375,716.103515625,0.4228753447532654,car,1.4919026692708333,0.3149617513020833
548,21.92,46,346.5010986328125,299.084228515625,438.7108154296875,483.3502197265625,0.7622166872024536,person,0.3177490234375,-6.198822021484375
548,21.92,53,904.3320922851562,318.71209716796875,945.2443237304688,434.8358154296875,0.43636783957481384,person,3.0947672526041665,0.397735595703125
548,21.92,55,339.1240234375,377.1357421875,494.7239990234375,481.06195068359375,0.39957281947135925,bicycle,0.13396835327148438,0.4790840148925781
548,21.92,57,3.7955322265625,591.8179931640625,1256.7391357421875,715.0731201171875,0.5429700613021851,car,-0.0760498046875,0.110595703125
548,21.92,58,807.5513916015625,303.9309997558594,928.7508544921875,384.2894592285156,0.8101357221603394,car,0.26708984375,0.096160888671875
548,21.92,59,979.5267333984375,311.47332763671875,1046.3253173828125,460.13983154296875,0.7053360342979431,person,7.4833984375,1.6470947265625
548,21.92,60,314.966796875,354.091796875,490.46905517578125,487.118408203125,0.45728302001953125,bicycle,-0.466033935546875,0.62469482421875
549,21.96,4,3.4017333984375,574.3968505859375,1230.2532958984375,716.103515625,0.4228753447532654,car,1.4919026692708333,0.3149617513020833
549,21.96,46,345.49420166015625,299.759765625,438.24591064453125,492.9427490234375,0.7738612294197083,person,-0.73590087890625,5.134033203125
549,21.96,53,904.3320922851562,318.71209716796875,945.2443237304688,434.8358154296875,0.43636783957481384,person,3.0947672526041665,0.397735595703125
549,21.96,55,339.1240234375,377.1357421875,494.7239990234375,481.06195068359375,0.39957281947135925,bicycle,0.13396835327148438,0.4790840148925781
549,21.96,57,3.9261474609375,591.7485961914062,1259.4012451171875,714.8805541992188,0.5719391703605652,car,1.3963623046875,-0.1309814453125
549,21.96,58,807.7298583984375,303.9874267578125,929.0291748046875,384.645263671875,0.8065625429153442,car,0.2283935546875,0.20611572265625
549,21.96,59,980.19140625,310.8692626953125,1046.2178955078125,459.51025390625,0.8317516446113586,person,0.27862548828125,-0.6168212890625
549,21.96,60,314.1458740234375,353.84759521484375,490.21484375,491.07501220703125,0.4521862864494324,bicycle,-0.537567138671875,1.856201171875
550,22.0,4,3.4017333984375,574.3968505859375,1230.2532958984375,716.103515625,0.4228753447532654,car,1.4919026692708333,0.3149617513020833
550,22.0,46,344.29022216796875,298.99114990234375,439.6810302734375,493.40728759765625,0.7811188101768494,person,0.115570068359375,-0.15203857421875
550,22.0,53,904.3320922851562,318.71209716796875,945.2443237304688,434.8358154296875,0.43636783957481384,person,3.0947672526041665,0.397735595703125
550,22.0,55,339.1240234375,377.1357421875,494.7239990234375,481.06195068359375,0.39957281947135925,bicycle,0.13396835327148438,0.4790840148925781
550,22.0,57,4.158935546875,591.3436889648438,1261.088623046875,714.7865600585938,0.585081934928894,car,0.9600830078125,-0.24945068359375
550,22.0,58,808.12060546875,304.01165771484375,928.88916015625,384.69281005859375,0.8096485733985901,car,0.1253662109375,0.035888671875
550,22.0,59,983.07275390625,310.3065185546875,1048.14892578125,459.0982666015625,0.8139516115188599,person,2.40618896484375,-0.48736572265625
550,22.0,60,316.5925598144531,381.20941162109375,488.5165710449219,502.78057861328125,0.45322901010513306,bicycle,0.37420654296875,19.53369140625
551,22.04,4,3.4017333984375,574.3968505859375,1230.2532958984375,716.103515625,0.4228753447532654,car,1.4919026692708333,0.3149617513020833
551,22.04,46,343.39312744140625,298.82293701171875,440.05657958984375,493.98919677734375,0.7734014987945557,person,-0.260772705078125,0.20684814453125
551,22.04,53,904.3320922851562,318.71209716796875,945.2443237304688,434.8358154296875,0.43636783957481384,person,3.0947672526041665,0.397735595703125
551,22.04,55,339.1240234375,377.1357421875,494.7239990234375,481.06195068359375,0.39957281947135925,bicycle,0.13396835327148438,0.4790840148925781
551,22.04,57,4.0946044921875,591.8704833984375,1262.171630859375,714.8431396484375,0.5777007937431335,car,0.50933837890625,0.29168701171875
551,22.04,58,808.1538696289062,303.8759765625,928.8135375976562,384.6866455078125,0.8053847551345825,car,-0.02117919921875,-0.0709228515625
551,22.04,59,983.5614013671875,309.5931396484375,1049.3289794921875,460.35467529296875,0.3760494291782379,person,0.8343505859375,0.271514892578125
551,22.04,60,316.0560302734375,381.87847900390625,487.758056640625,507.6011962890625,0.5114358067512512,bicycle,-0.64752197265625,2.744842529296875
552,22.08,4,3.4017333984375,574.3968505859375,1230.2532958984375,716.103515625,0.4228753447532654,car,1.4919026692708333,0.3149617513020833
552,22.08,46,342.6319580078125,298.265625,440.912353515625,493.02655029296875,0.7810561060905457,person,0.04730224609375,-0.759979248046875
552,22.08,53,904.3320922851562,318.71209716796875,945.2443237304688,434.8358154296875,0.43636783957481384,person,3.0947672526041665,0.397735595703125
552,22.08,55,339.1240234375,377.1357421875,494.7239990234375,481.06195068359375,0.39957281947135925,bicycle,0.13396835327148438,0.4790840148925781
552,22.08,57,4.277099609375,591.997802734375,1261.32666015625,715.0908203125,0.6041006445884705,car,-0.33123779296875,0.1875
552,22.08,58,808.5458984375,303.876953125,928.8853759765625,384.638916015625,0.8130776286125183,car,0.23193359375,-0.02337646484375
552,22.08,59,983.137939453125,310.9047546386719,1056.2252197265625,462.9905700683594,0.5760765671730042,person,3.23638916015625,1.9737548828125
552,22.08,60,315.5267333984375,381.42779541015625,487.6856689453125,509.7764892578125,0.49813729524612427,bicycle,-0.30084228515625,0.8623046875
553,22.12,4,3.4017333984375,574.3968505859375,1230.2532958984375,716.103515625,0.4228753447532654,car,1.4919026692708333,0.3149617513020833
553,22.12,46,342.305419921875,297.69342041015625,440.8509521484375,495.8602294921875,0.7954961061477661,person,-0.1939697265625,1.1307373046875
553,22.12,53,904.3320922851562,318.71209716796875,945.2443237304688,434.8358154296875,0.43636783957481384,person,3.0947672526041665,0.397735595703125
553,22.12,55,339.1240234375,377.1357421875,494.7239990234375,481.06195068359375,0.39957281947135925,bicycle,0.13396835327148438,0.4790840148925781
553,22.12,57,3.813720703125,591.2569580078125,1260.62841796875,715.1043701171875,0.6508175730705261,car,-0.580810546875,-0.3636474609375
553,22.12,58,808.8511352539062,304.15380859375,930.1122436523438,384.669921875,0.8207095861434937,car,0.76605224609375,0.1539306640625
553,22.12,59,986.6483154296875,310.4847717285156,1057.9957275390625,462.7968444824219,0.523693859577179,person,2.64044189453125,-0.306854248046875
553,22.12,60,315.2276611328125,380.309326171875,487.554931640625,513.0166015625,0.5990971922874451,bicycle,-0.21490478515625,1.060821533203125
554,22.16,4,3.4017333984375,574.3968505859375,1230.2532958984375,716.103515625,0.4228753447532654,car,1.4919026692708333,0.3149617513020833
554,22.16,46,340.6644287109375,298.75067138671875,440.0369873046875,499.65435791015625,0.7803006172180176,person,-1.22747802734375,2.425689697265625
554,22.16,53,904.3320922851562,318.71209716796875,945.2443237304688,434.8358154296875,0.43636783957481384,person,3.0947672526041665,0.397735595703125
554,22.16,55,339.1240234375,377.1357421875,494.7239990234375,481.06195068359375,0.39957281947135925,bicycle,0.13396835327148438,0.4790840148925781
554,22.16,57,3.86767578125,591.5787353515625,1261.84228515625,714.9049072265625,0.61618572473526,car,0.6339111328125,0.0611572265625
554,22.16,58,809.25244140625,304.000244140625,931.182861328125,384.89129638671875,0.821431577205658,car,0.7359619140625,0.033905029296875
554,22.16,59,987.8472900390625,309.8686218261719,1061.1370849609375,464.6382141113281,0.8020008206367493,person,2.170166015625,0.61260986328125
554,22.16,60,314.4272766113281,381.75164794921875,485.5228576660156,513.6928100585938,0.5686746835708618,bicycle,-1.416229248046875,1.05926513671875
555,22.2,4,3.4017333984375,574.3968505859375,1230.2532958984375,716.103515625,0.4228753447532654,car,1.4919026692708333,0.3149617513020833
555,22.2,46,342.476318359375,298.399169921875,441.124755859375,501.12054443359375,0.793143630027771,person,1.4498291015625,0.557342529296875
555,22.2,55,339.1240234375,377.1357421875,494.7239990234375,481.06195068359375,0.39957281947135925,bicycle,0.13396835327148438,0.4790840148925781
555,22.2,57,4.2877197265625,591.3704223632812,1261.567138671875,714.7334594726562,0.6075963377952576,car,0.07244873046875,-0.18988037109375
555,22.2,58,809.608154296875,304.02618408203125,931.951904296875,384.8759765625,0.8219645023345947,car,0.5623779296875,0.00531005859375
555,22.2,59,991.199951171875,306.93951416015625,1062.75439453125,465.0228271484375,0.8106763362884521,person,2.4849853515625,-1.272247314453125
555,22.2,60,311.722900390625,350.8558349609375,487.9466552734375,504.9061279296875,0.5271265506744385,bicycle,-0.140289306640625,-19.84124755859375
556,22.24,4,3.4017333984375,574.3968505859375,1230.2532958984375,716.103515625,0.4228753447532654,car,1.4919026692708333,0.3149617513020833
556,22.24,46,340.70599365234375,298.90240478515625,439.4508056640625,502.447998046875,0.7698954939842224,person,-1.722137451171875,0.91534423828125
556,22.24,55,339.1240234375,377.1357421875,494.7239990234375,481.06195068359375,0.39957281947135925,bicycle,0.13396835327148438,0.4790840148925781
556,22.24,57,4.676025390625,591.50146484375,1260.397705078125,714.8768310546875,0.6347728371620178,car,-0.39056396484375,0.13720703125
556,22.24,58,809.876708984375,303.76666259765625,932.2275390625,384.84197998046875,0.8136097192764282,car,0.2720947265625,-0.146759033203125
556,22.24,59,996.3795166015625,308.3605041503906,1064.2259521484375,464.1140441894531,0.7177441716194153,person,3.3255615234375,0.256103515625
556,22.24,60,311.0352783203125,352.11956787109375,487.06939697265625,503.63079833984375,0.5507503747940063,bicycle,-0.782440185546875,-0.00579833984375
557,22.28,4,3.4017333984375,574.3968505859375,1230.2532958984375,716.103515625,0.4228753447532654,car,1.4919026692708333,0.3149617513020833
557,22.28,46,341.71783447265625,297.709716796875,440.4610595703125,500.63592529296875,0.7800034284591675,person,1.01104736328125,-1.50238037109375
557,22.28,55,339.1240234375,377.1357421875,494.7239990234375,481.06195068359375,0.39957281947135925,bicycle,0.13396835327148438,0.4790840148925781
557,22.28,57,4.45556640625,591.372314453125,1261.684814453125,715.1748046875,0.6512725353240967,car,0.5333251953125,0.08441162109375
557,22.28,58,810.0062255859375,303.72564697265625,932.32275390625,384.8817138671875,0.8083269000053406,car,0.11236572265625,-0.000640869140625
557,22.28,59,1004.225341796875,308.653564453125,1065.94287109375,463.414794921875,0.7994837760925293,person,4.7813720703125,-0.203094482421875
557,22.28,60,310.24444580078125,352.73211669921875,485.69659423828125,502.65118408203125,0.5516548752784729,bicycle,-1.081817626953125,-0.18353271484375
558,22.32,4,3.4017333984375,574.3968505859375,1230.2532958984375,716.103515625,0.4228753447532654,car,1.4919026692708333,0.3149617513020833
558,22.32,46,342.63934326171875,297.6865234375,440.14434814453125,498.26171875,0.7737829685211182,person,0.302398681640625,-1.198699951171875
558,22.32,55,339.1240234375,377.1357421875,494.7239990234375,481.06195068359375,0.39957281947135925,bicycle,0.13396835327148438,0.4790840148925781
558,22.32,57,4.780517578125,590.66455078125,1260.6124267578125,715.2587890625,0.6575998663902283,car,-0.37371826171875,-0.3118896484375
558,22.32,58,810.3739013671875,303.68670654296875,932.5145263671875,384.87945556640625,0.7987740635871887,car,0.27972412109375,-0.020599365234375
558,22.32,59,1017.577392578125,307.19879150390625,1069.634521484375,463.17059326171875,0.6022332310676575,person,8.5218505859375,-0.8494873046875
558,22.32,60,310.36773681640625,353.013427734375,484.80078125,500.735595703125,0.5723206400871277,bicycle,-0.386260986328125,-0.817138671875
559,22.36,4,3.4017333984375,574.3968505859375,1230.2532958984375,716.103515625,0.4228753447532654,car,1.4919026692708333,0.3149617513020833
559,22.36,46,343.66314697265625,297.66986083984375,439.75299072265625,494.9239501953125,0.7856988310813904,person,0.31622314453125,-1.677215576171875
559,22.36,55,339.1240234375,377.1357421875,494.7239990234375,481.06195068359375,0.39957281947135925,bicycle,0.13396835327148438,0.4790840148925781
559,22.36,57,5.4014892578125,590.5396728515625,1262.75390625,715.3248291015625,0.6520138382911682,car,1.3812255859375,-0.0294189453125
559,22.36,58,810.4974975585938,303.6813049316406,932.9818725585938,384.8349914550781,0.7982146739959717,car,0.29547119140625,-0.024932861328125
559,22.36,59,1017.577392578125,307.19879150390625,1069.634521484375,463.17059326171875,0.6022332310676575,person,8.5218505859375,-0.8494873046875
559,22.36,60,309.3720703125,352.1407470703125,484.56756591796875,500.1348876953125,0.4974208176136017,bicycle,-0.61444091796875,-0.7366943359375
560,22.4,4,3.4017333984375,574.3968505859375,1230.2532958984375,716.103515625,0.4228753447532654,car,1.4919026692708333,0.3149617513020833
560,22.4,46,344.44622802734375,298.61395263671875,442.457763671875,493.960205078125,0.7535979747772217,person,1.743927001953125,-0.00982666015625
560,22.4,55,339.1240234375,377.1357421875,494.7239990234375,481.06195068359375,0.39957281947135925,bicycle,0.13396835327148438,0.4790840148925781
560,22.4,57,6.459228515625,590.6806640625,1267.945068359375,715.408203125,0.636924684047699,car,3.12445068359375,0.1121826171875
560,22.4,58,810.6419677734375,303.6844482421875,932.840087890625,384.9453125,0.7940734028816223,car,0.0013427734375,0.056732177734375
560,22.4,59,1025.06201171875,311.27459716796875,1077.52392578125,464.6524658203125,0.4445868730545044,person,3.843505859375,1.3894195556640625
560,22.4,60,308.9273681640625,353.46929931640625,483.25482177734375,499.0203857421875,0.5235495567321777,bicycle,-0.87872314453125,0.107025146484375
561,22.44,4,3.4017333984375,574.3968505859375,1230.2532958984375,716.103515625,0.4228753447532654,car,1.4919026692708333,0.3149617513020833
561,22.44,46,345.61883544921875,298.08837890625,442.59832763671875,492.93359375,0.748874843120575,person,0.656585693359375,-0.776092529296875
561,22.44,55,339.1240234375,377.1357421875,494.7239990234375,481.06195068359375,0.39957281947135925,bicycle,0.13396835327148438,0.4790840148925781
561,22.44,57,6.9635009765625,591.2366333007812,1269.90478515625,715.3867797851562,0.6327111124992371,car,1.23199462890625,0.26727294921875
561,22.44,58,810.9854736328125,303.800537109375,932.9483642578125,384.91796875,0.7905118465423584,car,0.22589111328125,0.04437255859375
561,22.44,59,1025.06201171875,311.27459716796875,1077.52392578125,464.6524658203125,0.4445868730545044,person,3.843505859375,1.3894195556640625
561,22.44,60,308.9423522949219,356.3916015625,482.1360168457031,498.880615234375,0.5303070545196533,bicycle,-0.551910400390625,1.391265869140625
562,22.48,4,3.4017333984375,574.3968505859375,1230.2532958984375,716.103515625,0.4228753447532654,car,1.4919026692708333,0.3149617513020833
562,22.48,46,345.6869812011719,303.76043701171875,441.3414611816406,500.35198974609375,0.739856481552124,person,-0.5943603515625,6.54522705078125
562,22.48,55,339.1240234375,377.1357421875,494.7239990234375,481.06195068359375,0.39957281947135925,bicycle,0.13396835327148438,0.4790840148925781
562,22.48,57,7.404541015625,591.0172119140625,1268.354248046875,715.3941650390625,0.6253268122673035,car,-0.55474853515625,-0.10601806640625
562,22.48,58,811.3363037109375,303.9053955078125,933.34765625,384.8931884765625,0.7857078909873962,car,0.37506103515625,0.0400390625
562,22.48,59,1025.06201171875,311.27459716796875,1077.52392578125,464.6524658203125,0.4445868730545044,person,3.843505859375,1.3894195556640625
562,22.48,60,308.65313720703125,361.244140625,481.907470703125,499.2874755859375,0.5472984313964844,bicycle,-0.258880615234375,2.62969970703125
563,22.52,4,3.4017333984375,574.3968505859375,1230.2532958984375,716.103515625,0.4228753447532654,car,1.4919026692708333,0.3149617513020833
563,22.52,46,347.9114990234375,304.75177001953125,440.74365234375,503.62811279296875,0.734763503074646,person,0.8133544921875,2.13372802734375
563,22.52,55,339.1240234375,377.1357421875,494.7239990234375,481.06195068359375,0.39957281947135925,bicycle,0.13396835327148438,0.4790840148925781
563,22.52,57,6.5631103515625,591.3297119140625,1265.9908447265625,715.3199462890625,0.6462228298187256,car,-1.6024169921875,0.119140625
563,22.52,58,812.29638671875,303.93939208984375,932.94970703125,385.30108642578125,0.7918366193771362,car,0.28106689453125,0.220947265625
563,22.52,59,1025.06201171875,311.27459716796875,1077.52392578125,464.6524658203125,0.4445868730545044,person,3.843505859375,1.3894195556640625
563,22.52,60,308.1888427734375,362.18292236328125,480.4798583984375,499.64239501953125,0.5626444816589355,bicycle,-0.945953369140625,0.6468505859375
564,22.56,4,3.4017333984375,574.3968505859375,1230.2532958984375,716.103515625,0.4228753447532654,car,1.4919026692708333,0.3149617513020833
564,22.56,46,349.67724609375,305.625,438.8663330078125,504.4888916015625,0.7508697509765625,person,-0.0557861328125,0.86700439453125
564,22.56,55,397.9246826171875,370.6392822265625,479.80615234375,487.8006591796875,0.3423672616481781,bicycle,0.7077872983870968,0.003907234438004032
564,22.56,57,6.1605224609375,591.53271484375,1264.134033203125,715.58740234375,0.6562333106994629,car,-1.12969970703125,0.2352294921875
564,22.56,58,811.9429931640625,303.7064208984375,933.302001953125,385.13702392578125,0.7836105823516846,car,-0.00054931640625,-0.198516845703125
564,22.56,59,1037.3289794921875,309.7238464355469,1095.0399169921875,468.7616271972656,0.33110612630844116,person,3.722869873046875,0.31980133056640625
564,22.56,60,305.3145751953125,376.11138916015625,478.9713134765625,493.53204345703125,0.5691757798194885,bicycle,-2.19140625,3.9090576171875
565,22.6,4,3.4017333984375,574.3968505859375,1230.2532958984375,716.103515625,0.4228753447532654,car,1.4919026692708333,0.3149617513020833
565,22.6,46,352.39141845703125,305.88677978515625,437.85369873046875,507.58013916015625,0.7174135446548462,person,0.85076904296875,1.676513671875
565,22.6,55,396.83544921875,369.7587890625,479.694580078125,487.99859619140625,0.31777986884117126,bicycle,-0.60040283203125,-0.341278076171875
565,22.6,57,5.9437255859375,589.767822265625,1261.4847412109375,715.315185546875,0.6645254492759705,car,-1.43304443359375,-1.0185546875
565,22.6,58,812.11572265625,303.63128662109375,933.633056640625,385.130859375,0.7788168787956238,car,0.25189208984375,-0.0406494140625
565,22.6,59,1041.023193359375,309.354736328125,1098.831298828125,470.75341796875,0.7214372158050537,person,3.7427978515625,0.81134033203125
565,22.6,60,303.77923583984375,372.63232421875,478.59490966796875,493.3812255859375,0.5242642760276794,bicycle,-0.95587158203125,-1.81494140625
565,22.6,61,1186.1182861328125,437.04833984375,1279.8311767578125,638.93359375,0.30803754925727844,motorcycle,0.0,0.0
566,22.64,4,3.4017333984375,574.3968505859375,1230.2532958984375,716.103515625,0.4228753447532654,car,1.4919026692708333,0.3149617513020833
566,22.64,46,353.5526123046875,304.74639892578125,438.0543212890625,505.20062255859375,0.6693177819252014,person,0.680908203125,-1.75994873046875
566,22.64,55,396.83544921875,369.7587890625,479.694580078125,487.99859619140625,0.31777986884117126,bicycle,-0.60040283203125,-0.341278076171875
566,22.64,57,6.3841552734375,588.904296875,1259.2911376953125,715.117431640625,0.6519456505775452,car,-0.8765869140625,-0.5306396484375
566,22.64,58,812.144775390625,303.68701171875,934.1962890625,385.25390625,0.7898908853530884,car,0.296142578125,0.089385986328125
566,22.64,59,1041.023193359375,309.354736328125,1098.831298828125,470.75341796875,0.7214372158050537,person,3.7427978515625,0.81134033203125
566,22.64,60,305.509033203125,362.60577392578125,478.9405517578125,504.5244140625,0.5931127071380615,bicycle,1.0377197265625,0.558319091796875
567,22.68,4,3.4017333984375,574.3968505859375,1230.2532958984375,716.103515625,0.4228753447532654,car,1.4919026692708333,0.3149617513020833
567,22.68,46,350.5453186035156,304.49517822265625,439.5583801269531,502.6142578125,0.7051253914833069,person,-0.751617431640625,-1.418792724609375
567,22.68,55,396.83544921875,369.7587890625,479.694580078125,487.99859619140625,0.31777986884117126,bicycle,-0.60040283203125,-0.341278076171875
567,22.68,57,7.6929931640625,590.3692626953125,1259.778076171875,715.3770751953125,0.6275721192359924,car,0.89788818359375,0.8623046875
567,22.68,58,812.0968017578125,303.6094970703125,935.3468017578125,385.38671875,0.7781548500061035,car,0.55126953125,0.02764892578125
567,22.68,59,1047.879150390625,308.4075622558594,1103.935791015625,473.0429992675781,0.49112433195114136,person,2.9901123046875,0.335601806640625
567,22.68,60,303.0914611816406,372.4044189453125,478.7295837402344,497.38214111328125,0.5066424608230591,bicycle,-1.31427001953125,1.32818603515625
568,22.72,4,3.4017333984375,574.3968505859375,1230.2532958984375,716.103515625,0.4228753447532654,car,1.4919026692708333,0.3149617513020833
568,22.72,46,337.6061096191406,301.457763671875,439.6339416503906,498.42132568359375,0.6303417086601257,person,-6.43182373046875,-3.61517333984375
568,22.72,55,400.1134033203125,371.070068359375,479.5072021484375,488.1422119140625,0.313333660364151,bicycle,0.5150960286458334,0.24248250325520834
568,22.72,57,6.42919921875,591.14501953125,1258.109375,715.229248046875,0.602808952331543,car,-1.46624755859375,0.31396484375
568,22.72,58,812.19189453125,303.55499267578125,935.63232421875,385.2572021484375,0.7856865525245667,car,0.1903076171875,-0.092010498046875
568,22.72,59,1051.590087890625,308.7164306640625,1109.892822265625,472.9749755859375,0.7817617058753967,person,4.833984375,0.12042236328125
568,22.72,60,303.0008544921875,362.89862060546875,478.2381591796875,503.97210693359375,0.5399999022483826,bicycle,-0.291015625,-1.457916259765625
569,22.76,4,138.611572265625,411.12518310546875,1280.0,713.3515014648438,0.36511483788490295,car,2.255567597179878,-2.0246790443978657
569,22.76,46,303.51812744140625,304.2373046875,439.8515625,503.76220703125,0.6788741946220398,person,-16.9351806640625,4.060211181640625
569,22.76,55,400.1134033203125,371.070068359375,479.5072021484375,488.1422119140625,0.313333660364151,bicycle,0.5150960286458334,0.24248250325520834
569,22.76,57,5.9412841796875,588.160400390625,1262.3416748046875,715.14892578125,0.6113289594650269,car,1.8721923828125,-1.532470703125
569,22.76,58,812.350830078125,303.6091613769531,936.39501953125,385.3789367675781,0.7852946519851685,car,0.4608154296875,0.08795166015625
569,22.76,59,1052.62158203125,308.16888427734375,1110.22265625,473.391357421875,0.669786274433136,person,0.6806640625,-0.065582275390625
569,22.76,60,301.76873779296875,359.49725341796875,477.67181396484375,514.7123413085938,0.3806348443031311,bicycle,-0.89923095703125,3.66943359375
570,22.8,4,138.611572265625,411.12518310546875,1280.0,713.3515014648438,0.36511483788490295,car,2.255567597179878,-2.0246790443978657
570,22.8,46,302.357666015625,300.65826416015625,440.207275390625,506.04931640625,0.599867582321167,person,-0.402374267578125,-0.645965576171875
570,22.8,55,400.1134033203125,371.070068359375,479.5072021484375,488.1422119140625,0.313333660364151,bicycle,0.5150960286458334,0.24248250325520834
570,22.8,57,5.7412109375,588.4462890625,1262.8572998046875,715.0185546875,0.6052634716033936,car,0.15777587890625,0.0777587890625
570,22.8,58,812.4949951171875,303.44781494140625,936.64404296875,385.63409423828125,0.7894520163536072,car,0.19659423828125,0.046905517578125
570,22.8,59,1054.4638671875,310.6171875,1114.24462890625,476.1121826171875,0.7324255704879761,person,2.93212890625,2.584564208984375
570,22.8,60,306.90814208984375,371.8682861328125,477.54705810546875,498.5692138671875,0.4293789267539978,bicycle,2.50732421875,-1.88604736328125
571,22.84,4,138.611572265625,411.12518310546875,1280.0,713.3515014648438,0.36511483788490295,car,2.255567597179878,-2.0246790443978657
571,22.84,46,301.31671142578125,300.68780517578125,441.26934814453125,497.45947265625,0.6735227108001709,person,0.01055908203125,-4.2801513671875
571,22.84,55,403.51019287109375,365.8619384765625,478.75311279296875,489.0238037109375,0.3193420171737671,bicycle,0.4404500325520833,-0.7210896809895834
571,22.84,57,5.756591796875,589.8006591796875,1260.135009765625,714.6846923828125,0.6003556251525879,car,-1.35345458984375,0.51025390625
571,22.84,58,812.708251953125,303.4544677734375,936.982177734375,385.6531982421875,0.792083203792572,car,0.27569580078125,0.01287841796875
571,22.84,59,1058.7591552734375,308.0989990234375,1116.1036376953125,477.8946533203125,0.4484052360057831,person,3.0771484375,-0.36785888671875
571,22.84,60,296.5601806640625,354.95556640625,473.852783203125,520.6970825195312,0.4243555963039398,bicycle,-7.0211181640625,2.607574462890625
572,22.88,4,138.611572265625,411.12518310546875,1280.0,713.3515014648438,0.36511483788490295,car,2.255567597179878,-2.0246790443978657
572,22.88,46,299.080078125,299.8558349609375,440.4124755859375,504.18218994140625,0.6947156190872192,person,-1.5467529296875,2.94537353515625
572,22.88,55,403.51019287109375,365.8619384765625,478.75311279296875,489.0238037109375,0.3193420171737671,bicycle,0.4404500325520833,-0.7210896809895834
572,22.88,57,5.731689453125,590.3726806640625,1254.22265625,714.6436767578125,0.5959105491638184,car,-2.9686279296875,0.2655029296875
572,22.88,58,813.1251220703125,303.47686767578125,937.8472900390625,385.75726318359375,0.8004297018051147,car,0.6409912109375,0.063232421875
572,22.88,59,1065.1822509765625,304.6092529296875,1118.7186279296875,478.2177734375,0.7136414051055908,person,4.51904296875,-1.58331298828125
572,22.88,60,291.625732421875,352.835205078125,473.5411376953125,522.4489135742188,0.42021965980529785,bicycle,-2.623046875,-0.18426513671875
573,22.92,4,138.611572265625,411.12518310546875,1280.0,713.3515014648438,0.36511483788490295,car,2.255567597179878,-2.0246790443978657
573,22.92,46,304.4302978515625,299.27978515625,439.036376953125,506.7213134765625,0.7304455637931824,person,1.987060546875,0.981536865234375
573,22.92,55,403.51019287109375,365.8619384765625,478.75311279296875,489.0238037109375,0.3193420171737671,bicycle,0.4404500325520833,-0.7210896809895834
573,22.92,57,8.3896484375,588.8329467773438,1255.8994140625,714.5955200195312,0.6027445197105408,car,2.1673583984375,-0.7939453125
573,22.92,58,813.370361328125,303.5337829589844,937.855712890625,385.9156799316406,0.8021730780601501,car,0.1268310546875,0.107666015625
573,22.92,59,1067.824462890625,302.806640625,1122.799072265625,479.63262939453125,0.7372139096260071,person,3.361328125,-0.193878173828125
573,22.92,60,282.9805908203125,363.53656005859375,474.321533203125,520.6781616210938,0.4514268934726715,bicycle,-3.932373046875,4.465301513671875
574,22.96,4,138.611572265625,411.12518310546875,1280.0,713.3515014648438,0.36511483788490295,car,2.255567597179878,-2.0246790443978657
574,22.96,46,304.0451965332031,302.37353515625,439.5564270019531,501.48681640625,0.7559655904769897,person,0.067474365234375,-1.07037353515625
574,22.96,55,403.51019287109375,365.8619384765625,478.75311279296875,489.0238037109375,0.3193420171737671,bicycle,0.4404500325520833,-0.7210896809895834
574,22.96,57,0.0,585.685546875,1255.788330078125,714.602783203125,0.5674816370010376,car,-4.2503662109375,-1.570068359375
574,22.96,58,813.7918701171875,303.4590148925781,937.8780517578125,386.5393981933594,0.7968608140945435,car,0.221923828125,0.27447509765625
574,22.96,59,1070.3602294921875,305.9769287109375,1126.5416259765625,478.8212890625,0.6222336888313293,person,3.13916015625,1.179473876953125
574,22.96,60,300.55889892578125,371.030029296875,473.71612548828125,495.689453125,0.542130172252655,bicycle,8.4864501953125,-8.74761962890625
575,23.0,4,138.611572265625,411.12518310546875,1280.0,713.3515014648438,0.36511483788490295,car,2.255567597179878,-2.0246790443978657
575,23.0,46,300.73651123046875,301.58050537109375,437.9813232421875,500.92987060546875,0.7880862951278687,person,-2.44189453125,-0.67498779296875
575,23.0,55,403.51019287109375,365.8619384765625,478.75311279296875,489.0238037109375,0.3193420171737671,bicycle,0.4404500325520833,-0.7210896809895834
575,23.0,57,6.9881591796875,588.4008178710938,1266.04296875,714.6428833007812,0.5693782567977905,car,8.62139892578125,1.377685546875
575,23.0,58,814.126220703125,303.407958984375,938.3681640625,386.5946044921875,0.7980689406394958,car,0.4122314453125,0.0020751953125
575,23.0,59,1072.08203125,311.8210754394531,1129.1982421875,480.3818664550781,0.7455721497535706,person,2.189208984375,3.702362060546875
575,23.0,60,295.9079284667969,358.61712646484375,473.7438659667969,505.14349365234375,0.5430260896682739,bicycle,-2.311614990234375,-1.47943115234375
576,23.04,4,138.611572265625,411.12518310546875,1280.0,713.3515014648438,0.36511483788490295,car,2.255567597179878,-2.0246790443978657
576,23.04,46,294.5897216796875,300.705322265625,436.2860107421875,505.2862548828125,0.7889679074287415,person,-3.921051025390625,1.7406005859375
576,23.04,55,403.51019287109375,365.8619384765625,478.75311279296875,489.0238037109375,0.3193420171737671,bicycle,0.4404500325520833,-0.7210896809895834
576,23.04,57,7.503662109375,589.7192993164062,1267.901611328125,714.8008422851562,0.5893203616142273,car,1.18707275390625,0.73822021484375
576,23.04,58,814.132080078125,303.62908935546875,938.8043212890625,386.74176025390625,0.8195940256118774,car,0.22100830078125,0.18414306640625
576,23.04,59,1076.171630859375,315.864013671875,1134.080322265625,482.8123779296875,0.6497509479522705,person,4.48583984375,3.236724853515625
576,23.04,60,295.59869384765625,361.327880859375,472.3507080078125,508.88946533203125,0.6048147678375244,bicycle,-0.8511962890625,3.228363037109375
577,23.08,4,138.611572265625,411.12518310546875,1280.0,713.3515014648438,0.36511483788490295,car,2.255567597179878,-2.0246790443978657
577,23.08,46,293.82049560546875,300.233154296875,436.47015380859375,505.3746337890625,0.7386910319328308,person,-0.29254150390625,-0.19189453125
577,23.08,55,403.51019287109375,365.8619384765625,478.75311279296875,489.0238037109375,0.3193420171737671,bicycle,0.4404500325520833,-0.7210896809895834
577,23.08,57,7.8726806640625,587.351318359375,1265.0181884765625,714.6568603515625,0.5760292410850525,car,-1.2572021484375,-1.2559814453125
577,23.08,58,814.2860107421875,303.6221618652344,939.205078125,386.9359436035156,0.8255004286766052,car,0.27734375,0.0936279296875
577,23.08,59,1079.27880859375,313.13824462890625,1142.9375,483.22540283203125,0.49835947155952454,person,5.982177734375,-1.1563720703125
577,23.08,60,295.8309326171875,388.26513671875,468.89605712890625,506.21978759765625,0.6329360604286194,bicycle,-1.6112060546875,12.1337890625
578,23.12,4,138.611572265625,411.12518310546875,1280.0,713.3515014648438,0.36511483788490295,car,2.255567597179878,-2.0246790443978657
578,23.12,46,282.4874267578125,298.36431884765625,436.50653076171875,497.28045654296875,0.7304404973983765,person,-5.648345947265625,-4.98150634765625
578,23.12,55,403.51019287109375,365.8619384765625,478.75311279296875,489.0238037109375,0.3193420171737671,bicycle,0.4404500325520833,-0.7210896809895834
578,23.12,57,7.887939453125,588.16650390625,1267.552734375,714.6513671875,0.5474125742912292,car,1.27490234375,0.40484619140625
578,23.12,58,814.3411865234375,303.7093811035156,939.7010498046875,387.1643371582031,0.8297593593597412,car,0.27557373046875,0.157806396484375
578,23.12,59,1081.6943359375,308.581298828125,1152.7890625,483.7054443359375,0.3424246907234192,person,6.133544921875,-2.0384521484375
578,23.12,60,291.0518798828125,374.35809326171875,469.37701416015625,497.775146484375,0.6500486731529236,bicycle,-2.1490478515625,-11.17584228515625
578,23.12,61,1132.47119140625,381.84674072265625,1279.06103515625,635.4082641601562,0.32477590441703796,motorcycle,-2.0929706280048075,-2.25872802734375
578,23.12,62,292.8187561035156,415.9462890625,467.5276184082031,503.551025390625,0.3088972866535187,bicycle,0.0,0.0
579,23.16,4,138.611572265625,411.12518310546875,1280.0,713.3515014648438,0.36511483788490295,car,2.255567597179878,-2.0246790443978657
579,23.16,46,279.980712890625,296.86431884765625,435.99371337890625,497.6103515625,0.7356874346733093,person,-1.509765625,-0.585052490234375
579,23.16,55,403.51019287109375,365.8619384765625,478.75311279296875,489.0238037109375,0.3193420171737671,bicycle,0.4404500325520833,-0.7210896809895834
579,23.16,57,9.233154296875,587.3296508789062,1265.71484375,714.8129272460938,0.5537209510803223,car,-0.246337890625,-0.337646484375
579,23.16,58,814.5213623046875,303.65155029296875,939.9178466796875,387.22076416015625,0.8401855230331421,car,0.198486328125,-0.000701904296875
579,23.16,59,1084.894775390625,305.7165222167969,1157.470947265625,484.1166076660156,0.73494553565979,person,3.941162109375,-1.226806640625
579,23.16,60,288.1409912109375,380.61944580078125,467.2142333984375,498.6070556640625,0.6536319851875305,bicycle,-2.536834716796875,3.546630859375
579,23.16,62,290.75628662109375,414.11993408203125,465.76385498046875,503.88714599609375,0.36778169870376587,bicycle,-1.913116455078125,-0.7451171875
580,23.2,4,138.611572265625,411.12518310546875,1280.0,713.3515014648438,0.36511483788490295,car,2.255567597179878,-2.0246790443978657
580,23.2,46,271.35369873046875,296.2391357421875,436.15631103515625,498.6392822265625,0.7672048807144165,person,-4.232208251953125,0.201873779296875
580,23.2,55,403.51019287109375,365.8619384765625,478.75311279296875,489.0238037109375,0.3193420171737671,bicycle,0.4404500325520833,-0.7210896809895834
580,23.2,57,8.46728515625,587.2364501953125,1268.591552734375,714.775634765625,0.5727827548980713,car,1.055419921875,-0.06524658203125
580,23.2,58,814.68310546875,303.53857421875,940.29150390625,387.4210205078125,0.8492782115936279,car,0.2677001953125,0.04364013671875
580,23.2,59,1087.14111328125,307.73150634765625,1156.4052734375,484.17584228515625,0.6565996408462524,person,0.59033203125,1.037109375
580,23.2,60,289.21868896484375,390.48907470703125,463.67926025390625,504.47955322265625,0.6717137098312378,bicycle,-1.2286376953125,7.871063232421875
581,23.24,4,136.95947265625,362.34844970703125,1280.0,712.2500610351562,0.3332092761993408,car,-0.06883748372395833,-2.0782572428385415
581,23.24,46,317.0592041015625,295.23236083984375,438.80615234375,497.8111572265625,0.6270498037338257,person,24.17767333984375,-0.917449951171875
581,23.24,55,403.51019287109375,365.8619384765625,478.75311279296875,489.0238037109375,0.3193420171737671,bicycle,0.4404500325520833,-0.7210896809895834
581,23.24,57,0.55322265625,573.536376953125,1263.2373046875,714.052978515625,0.568956196308136,car,-6.6341552734375,-7.21136474609375
581,23.24,58,814.7462158203125,303.4239501953125,940.3336181640625,387.47906494140625,0.8565396666526794,car,0.0526123046875,-0.028289794921875
581,23.24,59,1087.14111328125,307.73150634765625,1156.4052734375,484.17584228515625,0.6565996408462524,person,0.59033203125,1.037109375
581,23.24,60,286.64984130859375,381.96826171875,463.44683837890625,504.4482421875,0.7049383521080017,bicycle,-1.400634765625,-4.27606201171875
582,23.28,4,146.8900146484375,363.26739501953125,1280.0,712.1643676757812,0.4481683373451233,car,4.96527099609375,0.4166259765625
582,23.28,46,329.0833740234375,294.82171630859375,436.911865234375,494.99603271484375,0.6440300941467285,person,5.06494140625,-1.612884521484375
582,23.28,55,403.51019287109375,365.8619384765625,478.75311279296875,489.0238037109375,0.3193420171737671,bicycle,0.4404500325520833,-0.7210896809895834
582,23.28,57,0.7674560546875,563.0506591796875,1266.8992919921875,714.0218505859375,0.5806086659431458,car,1.9381103515625,-5.2584228515625
582,23.28,58,815.0968017578125,302.91766357421875,940.3170166015625,388.26702880859375,0.8621145486831665,car,0.1669921875,0.140838623046875
582,23.28,59,1087.14111328125,307.73150634765625,1156.4052734375,484.17584228515625,0.6565996408462524,person,0.59033203125,1.037109375
582,23.28,60,283.089111328125,374.79827880859375,462.78253173828125,504.47222900390625,0.7162302732467651,bicycle,-2.112518310546875,-3.572998046875
582,23.28,62,279.1998596191406,295.2943115234375,436.6669006347656,495.1280517578125,0.47055160999298096,person,-6.775563557942708,-21.264119466145832
583,23.32,4,146.8900146484375,363.26739501953125,1280.0,712.1643676757812,0.4481683373451233,car,4.96527099609375,0.4166259765625
583,23.32,46,329.0833740234375,294.82171630859375,436.911865234375,494.99603271484375,0.6440300941467285,person,5.06494140625,-1.612884521484375
583,23.32,55,403.51019287109375,365.8619384765625,478.75311279296875,489.0238037109375,0.3193420171737671,bicycle,0.4404500325520833,-0.7210896809895834
583,23.32,57,0.5435791015625,563.384521484375,1266.917724609375,714.0400390625,0.5493868589401245,car,-0.10272216796875,0.176025390625
583,23.32,58,815.261962890625,302.72796630859375,940.7236328125,388.49932861328125,0.8628680109977722,car,0.285888671875,0.02130126953125
583,23.32,59,1087.14111328125,307.73150634765625,1156.4052734375,484.17584228515625,0.6565996408462524,person,0.59033203125,1.037109375
583,23.32,60,284.393310546875,378.12310791015625,463.07958984375,504.62225341796875,0.7193294167518616,bicycle,0.800628662109375,1.7374267578125
583,23.32,62,290.0672607421875,295.9951171875,432.26544189453125,495.8994140625,0.6815808415412903,person,3.23297119140625,0.736083984375
584,23.36,4,39.878662109375,378.2005310058594,1280.0,712.7823486328125,0.31725800037384033,car,-26.752838134765625,3.8877792358398438
584,23.36,46,328.6607666015625,296.0184326171875,429.4110107421875,502.06939697265625,0.7050328254699707,person,-1.980865478515625,2.0675201416015625
584,23.36,55,403.51019287109375,365.8619384765625,478.75311279296875,489.0238037109375,0.3193420171737671,bicycle,0.4404500325520833,-0.7210896809895834
584,23.36,57,0.40283203125,557.1510620117188,1263.12548828125,713.8757934570312,0.5857946276664734,car,-1.96649169921875,-3.1988525390625
584,23.36,58,815.315673828125,302.7999267578125,941.22216796875,388.6005859375,0.8661060929298401,car,0.276123046875,0.08660888671875
584,23.36,59,1087.14111328125,307.73150634765625,1156.4052734375,484.17584228515625,0.6565996408462524,person,0.59033203125,1.037109375
584,23.36,60,282.462890625,379.808837890625,464.1943359375,502.72314453125,0.6503536105155945,bicycle,-0.4078369140625,-0.106689453125
584,23.36,61,1099.400390625,366.94677734375,1279.8173828125,623.676513671875,0.32566797733306885,motorcycle,-2.69287109375,-2.2193094889322915
584,23.36,62,290.0672607421875,295.9951171875,432.26544189453125,495.8994140625,0.6815808415412903,person,3.23297119140625,0.736083984375
585,23.4,4,39.878662109375,378.2005310058594,1280.0,712.7823486328125,0.31725800037384033,car,-26.752838134765625,3.8877792358398438
585,23.4,46,329.8183898925781,295.1016845703125,426.2397155761719,506.6387939453125,0.7961242198944092,person,-1.0068359375,1.826324462890625
585,23.4,55,403.51019287109375,365.8619384765625,478.75311279296875,489.0238037109375,0.3193420171737671,bicycle,0.4404500325520833,-0.7210896809895834
585,23.4,57,1.844970703125,562.11669921875,1268.024658203125,713.823486328125,0.5781037211418152,car,3.170654296875,2.4566650390625
585,23.4,58,815.340576171875,302.81695556640625,941.330810546875,388.57781982421875,0.8657302856445312,car,0.0667724609375,-0.00286865234375
585,23.4,59,1087.14111328125,307.73150634765625,1156.4052734375,484.17584228515625,0.6565996408462524,person,0.59033203125,1.037109375
585,23.4,60,282.47357177734375,380.87017822265625,463.138916015625,502.86749267578125,0.5465570092201233,bicycle,-0.522369384765625,0.60284423828125
585,23.4,61,1099.400390625,366.94677734375,1279.8173828125,623.676513671875,0.32566797733306885,motorcycle,-2.69287109375,-2.2193094889322915
585,23.4,62,290.0672607421875,295.9951171875,432.26544189453125,495.8994140625,0.6815808415412903,person,3.23297119140625,0.736083984375
586,23.44,4,39.878662109375,378.2005310058594,1280.0,712.7823486328125,0.31725800037384033,car,-26.752838134765625,3.8877792358398438
586,23.44,46,324.8678894042969,296.830322265625,427.9587707519531,503.8822021484375,0.7932730913162231,person,-1.61572265625,-0.51397705078125
586,23.44,55,403.51019287109375,365.8619384765625,478.75311279296875,489.0238037109375,0.3193420171737671,bicycle,0.4404500325520833,-0.7210896809895834
586,23.44,57,0.9677734375,560.0263671875,1263.775634765625,713.79150390625,0.6051042079925537,car,-2.5631103515625,-1.0611572265625
586,23.44,58,815.4490966796875,302.8800048828125,941.528564453125,388.8316650390625,0.8615627288818359,car,0.15313720703125,0.158447265625
586,23.44,59,1087.14111328125,307.73150634765625,1156.4052734375,484.17584228515625,0.6565996408462524,person,0.59033203125,1.037109375
586,23.44,60,283.37738037109375,378.30841064453125,461.51611328125,503.83843994140625,0.5754920840263367,bicycle,-0.3594970703125,-0.79541015625
586,23.44,61,1099.400390625,366.94677734375,1279.8173828125,623.676513671875,0.32566797733306885,motorcycle,-2.69287109375,-2.2193094889322915
586,23.44,62,290.0672607421875,295.9951171875,432.26544189453125,495.8994140625,0.6815808415412903,person,3.23297119140625,0.736083984375
587,23.48,4,39.878662109375,378.2005310058594,1280.0,712.7823486328125,0.31725800037384033,car,-26.752838134765625,3.8877792358398438
587,23.48,46,321.6025085449219,296.4876708984375,428.1011657714844,505.61553955078125,0.7603940367698669,person,-1.561492919921875,0.695343017578125
587,23.48,55,403.51019287109375,365.8619384765625,478.75311279296875,489.0238037109375,0.3193420171737671,bicycle,0.4404500325520833,-0.7210896809895834
587,23.48,57,1.5771484375,559.4725341796875,1268.552001953125,713.7711181640625,0.6087939739227295,car,2.69287109375,-0.287109375
587,23.48,58,815.5033569335938,302.91986083984375,941.5741577148438,388.80413818359375,0.867993950843811,car,0.0499267578125,0.00616455078125
587,23.48,59,1087.14111328125,307.73150634765625,1156.4052734375,484.17584228515625,0.6565996408462524,person,0.59033203125,1.037109375
587,23.48,60,280.0018310546875,377.8157958984375,457.51507568359375,507.94287109375,0.5782275199890137,bicycle,-3.68829345703125,1.805908203125
587,23.48,61,1099.400390625,366.94677734375,1279.8173828125,623.676513671875,0.32566797733306885,motorcycle,-2.69287109375,-2.2193094889322915
587,23.48,62,290.0672607421875,295.9951171875,432.26544189453125,495.8994140625,0.6815808415412903,person,3.23297119140625,0.736083984375
588,23.52,4,39.878662109375,378.2005310058594,1280.0,712.7823486328125,0.31725800037384033,car,-26.752838134765625,3.8877792358398438
588,23.52,46,319.4383850097656,298.24530029296875,426.2161560058594,503.17608642578125,0.7248448729515076,person,-2.024566650390625,-0.340911865234375
588,23.52,55,373.0522766113281,371.3656005859375,457.2450256347656,501.649169921875,0.33599016070365906,bicycle,-1.528411865234375,0.5332067153033089
588,23.52,57,1.44384765625,556.1585693359375,1268.212158203125,713.9156494140625,0.6121912598609924,car,-0.236572265625,-1.584716796875
588,23.52,58,815.6471557617188,302.97235107421875,941.7157592773438,388.79571533203125,0.8715672492980957,car,0.1427001953125,0.02203369140625
588,23.52,59,1087.14111328125,307.73150634765625,1156.4052734375,484.17584228515625,0.6565996408462524,person,0.59033203125,1.037109375
588,23.52,60,278.7755126953125,373.3736572265625,456.6278076171875,507.609619140625,0.5829036831855774,bicycle,-1.056793212890625,-2.3876953125
588,23.52,61,929.97900390625,334.77630615234375,1277.244140625,633.6292724609375,0.3807699978351593,motorcycle,-21.49932861328125,-2.7772140502929688
588,23.52,62,290.0672607421875,295.9951171875,432.26544189453125,495.8994140625,0.6815808415412903,person,3.23297119140625,0.736083984375
589,23.56,4,39.878662109375,378.2005310058594,1280.0,712.7823486328125,0.31725800037384033,car,-26.752838134765625,3.8877792358398438
589,23.56,46,318.6568603515625,297.74957275390625,423.9739990234375,501.70794677734375,0.6740134358406067,person,-1.5118408203125,-0.98193359375
589,23.56,55,371.894775390625,372.26446533203125,456.3658447265625,502.37603759765625,0.32559365034103394,bicycle,-1.018341064453125,0.8128662109375
589,23.56,57,1.329345703125,560.1741943359375,1264.12255859375,713.81103515625,0.6257106065750122,car,-2.10205078125,1.95550537109375
589,23.56,58,815.724365234375,302.75830078125,941.741943359375,388.6937255859375,0.8701334595680237,car,0.05169677734375,-0.15802001953125
589,23.56,59,1087.14111328125,307.73150634765625,1156.4052734375,484.17584228515625,0.6565996408462524,person,0.59033203125,1.037109375
589,23.56,60,274.08929443359375,371.8345947265625,456.47882080078125,505.81927490234375,0.5846275687217712,bicycle,-2.4176025390625,-1.664703369140625
589,23.56,61,929.97900390625,334.77630615234375,1277.244140625,633.6292724609375,0.3807699978351593,motorcycle,-21.49932861328125,-2.7772140502929688
589,23.56,62,290.0672607421875,295.9951171875,432.26544189453125,495.8994140625,0.6815808415412903,person,3.23297119140625,0.736083984375
590,23.6,4,39.878662109375,378.2005310058594,1280.0,712.7823486328125,0.31725800037384033,car,-26.752838134765625,3.8877792358398438
590,23.6,46,317.67303466796875,303.85614013671875,423.44183349609375,508.82379150390625,0.7495517730712891,person,-0.75799560546875,6.6112060546875
590,23.6,55,371.894775390625,372.26446533203125,456.3658447265625,502.37603759765625,0.32559365034103394,bicycle,-1.018341064453125,0.8128662109375
590,23.6,57,2.1253662109375,560.30078125,1259.728271484375,713.951904296875,0.6646569967269897,car,-1.79913330078125,0.13372802734375
590,23.6,58,816.1065673828125,303.1100769042969,941.511962890625,388.2877502441406,0.8675099611282349,car,0.07611083984375,-0.027099609375
590,23.6,59,1087.14111328125,307.73150634765625,1156.4052734375,484.17584228515625,0.6565996408462524,person,0.59033203125,1.037109375
590,23.6,60,270.837646484375,375.02484130859375,454.73828125,508.17669677734375,0.5536518692970276,bicycle,-2.49609375,2.773834228515625
590,23.6,61,931.5996704101562,323.67254638671875,1278.744140625,632.1417846679688,0.3026049733161926,motorcycle,0.7801666259765625,-3.1478118896484375
590,23.6,62,290.0672607421875,295.9951171875,432.26544189453125,495.8994140625,0.6815808415412903,person,3.23297119140625,0.736083984375
591,23.64,4,39.878662109375,378.2005310058594,1280.0,712.7823486328125,0.31725800037384033,car,-26.752838134765625,3.8877792358398438
591,23.64,46,316.6664123535156,303.3206787109375,420.9461364746094,507.62451171875,0.69306880235672,person,-1.75115966796875,-0.86737060546875
591,23.64,55,371.894775390625,372.26446533203125,456.3658447265625,502.37603759765625,0.32559365034103394,bicycle,-1.018341064453125,0.8128662109375
591,23.64,57,2.31689453125,557.5155029296875,1259.554931640625,713.9376220703125,0.6635390520095825,car,0.00909423828125,-1.3997802734375
591,23.64,58,816.3648681640625,302.96417236328125,941.8055419921875,388.5335693359375,0.8708999752998352,car,0.27593994140625,0.049957275390625
591,23.64,59,1087.14111328125,307.73150634765625,1156.4052734375,484.17584228515625,0.6565996408462524,person,0.59033203125,1.037109375
591,23.64,60,269.9048156738281,372.39501953125,454.0625915527344,508.6962890625,0.6556215882301331,bicycle,-0.80426025390625,-1.05511474609375
591,23.64,61,931.2977294921875,373.43048095703125,1279.0682373046875,632.1243286132812,0.37452927231788635,motorcycle,0.011077880859375,24.8702392578125
591,23.64,62,290.0672607421875,295.9951171875,432.26544189453125,495.8994140625,0.6815808415412903,person,3.23297119140625,0.736083984375
592,23.68,4,39.878662109375,378.2005310058594,1280.0,712.7823486328125,0.31725800037384033,car,-26.752838134765625,3.8877792358398438
592,23.68,46,317.217041015625,302.612548828125,413.1107177734375,510.36444091796875,0.721803605556488,person,-3.64239501953125,1.015899658203125
592,23.68,55,371.894775390625,372.26446533203125,456.3658447265625,502.37603759765625,0.32559365034103394,bicycle,-1.018341064453125,0.8128662109375
592,23.68,57,2.854736328125,558.1934814453125,1258.91455078125,714.0081787109375,0.6699924468994141,car,-0.05126953125,0.374267578125
592,23.68,58,816.5010986328125,303.05120849609375,942.2374267578125,388.60516357421875,0.8697584271430969,car,0.2840576171875,0.079315185546875
592,23.68,59,1087.14111328125,307.73150634765625,1156.4052734375,484.17584228515625,0.6565996408462524,person,0.59033203125,1.037109375
592,23.68,60,268.5509033203125,372.3411865234375,453.5142822265625,509.761962890625,0.6797769069671631,bicycle,-0.95111083984375,0.50592041015625
592,23.68,61,932.049072265625,342.0384521484375,1278.80615234375,630.2869873046875,0.3937302827835083,motorcycle,0.24462890625,-16.61468505859375
592,23.68,62,290.0672607421875,295.9951171875,432.26544189453125,495.8994140625,0.6815808415412903,person,3.23297119140625,0.736083984375
592,23.68,63,1114.974853515625,402.56927490234375,1279.415771484375,636.5806274414062,0.3467913568019867,person,0.0,0.0
593,23.72,4,39.878662109375,378.2005310058594,1280.0,712.7823486328125,0.31725800037384033,car,-26.752838134765625,3.8877792358398438
593,23.72,46,317.21881103515625,302.2113037109375,409.85040283203125,509.3658447265625,0.7777888774871826,person,-1.6292724609375,-0.699920654296875
593,23.72,55,370.11376953125,372.55401611328125,453.72412109375,504.09527587890625,0.35526901483535767,bicycle,-0.5528411865234375,0.2510986328125
593,23.72,57,2.2406005859375,560.386962890625,1261.2886962890625,713.86083984375,0.6602410674095154,car,0.8800048828125,1.0230712890625
593,23.72,58,816.4971923828125,303.09906005859375,942.6602783203125,388.71185302734375,0.8704828023910522,car,0.20947265625,0.0772705078125
593,23.72,59,1087.14111328125,307.73150634765625,1156.4052734375,484.17584228515625,0.6565996408462524,person,0.59033203125,1.037109375
593,23.72,60,262.59295654296875,363.139404296875,454.00213623046875,505.502685546875,0.6245520710945129,bicycle,-2.73504638671875,-6.73052978515625
593,23.72,61,932.9927368164062,367.5712890625,1279.5078125,625.6748046875,0.37479180097579956,motorcycle,0.822662353515625,10.4603271484375
593,23.72,62,290.0672607421875,295.9951171875,432.26544189453125,495.8994140625,0.6815808415412903,person,3.23297119140625,0.736083984375
594,23.76,4,39.878662109375,378.2005310058594,1280.0,712.7823486328125,0.31725800037384033,car,-26.752838134765625,3.8877792358398438
594,23.76,46,317.38922119140625,302.85235595703125,409.00274658203125,510.04095458984375,0.8020810484886169,person,-0.338623046875,0.6580810546875
594,23.76,55,369.4569091796875,374.76971435546875,453.1151123046875,504.5054931640625,0.40606942772865295,bicycle,-0.6329345703125,1.312957763671875
594,23.76,57,2.232666015625,560.876708984375,1259.88623046875,713.9901123046875,0.6396202445030212,car,-0.7052001953125,0.30950927734375
594,23.76,58,816.5394897460938,303.10797119140625,943.2807006835938,388.69757080078125,0.8669093251228333,car,0.33135986328125,-0.002685546875
594,23.76,59,1087.14111328125,307.73150634765625,1156.4052734375,484.17584228515625,0.6565996408462524,person,0.59033203125,1.037109375
594,23.76,60,260.28363037109375,365.551025390625,453.59490966796875,505.7857666015625,0.6403738260269165,bicycle,-1.3582763671875,1.34735107421875
594,23.76,61,935.3018798828125,395.2596740722656,1279.3043212890625,626.9622802734375,0.38799962401390076,motorcycle,1.052825927734375,14.487930297851562
594,23.76,62,290.0672607421875,295.9951171875,432.26544189453125,495.8994140625,0.6815808415412903,person,3.23297119140625,0.736083984375
594,23.76,63,1092.003173828125,291.19818115234375,1279.901123046875,636.9107055664062,0.46711266040802,person,-5.62158203125,-27.76025390625
595,23.8,4,39.878662109375,378.2005310058594,1280.0,712.7823486328125,0.31725800037384033,car,-26.752838134765625,3.8877792358398438
595,23.8,46,317.8773193359375,303.69354248046875,408.283935546875,528.2454223632812,0.8221622109413147,person,-0.1153564453125,9.5228271484375
595,23.8,55,361.62225341796875,379.93841552734375,454.26904296875,505.41680908203125,0.3573806881904602,bicycle,-3.340362548828125,3.040008544921875
595,23.8,57,2.906005859375,561.2195434570312,1258.559814453125,713.8213500976562,0.6330581307411194,car,-0.3265380859375,0.0870361328125
595,23.8,58,816.6481323242188,303.24359130859375,944.2086791992188,388.95526123046875,0.8678746223449707,car,0.518310546875,0.1966552734375
595,23.8,59,1087.14111328125,307.73150634765625,1156.4052734375,484.17584228515625,0.6565996408462524,person,0.59033203125,1.037109375
595,23.8,60,259.4520263671875,362.09405517578125,454.158447265625,505.811767578125,0.629676103591919,bicycle,-0.134033203125,-1.715484619140625
595,23.8,61,937.061767578125,303.8892822265625,1278.969482421875,630.09814453125,0.4191637635231018,motorcycle,0.7125244140625,-44.11726379394531
595,23.8,62,290.0672607421875,295.9951171875,432.26544189453125,495.8994140625,0.6815808415412903,person,3.23297119140625,0.736083984375
595,23.8,63,1092.6220703125,289.865234375,1279.8037109375,640.2996826171875,0.6409000158309937,person,0.2607421875,1.02801513671875
596,23.84,4,39.878662109375,378.2005310058594,1280.0,712.7823486328125,0.31725800037384033,car,-26.752838134765625,3.8877792358398438
596,23.84,46,316.5714111328125,306.29278564453125,406.8060302734375,510.31756591796875,0.8065583109855652,person,-1.39190673828125,-7.664306640625
596,23.84,55,351.3861083984375,379.11468505859375,454.3575439453125,505.0496826171875,0.3421780467033386,bicycle,-5.073822021484375,-0.595428466796875
596,23.84,57,2.9403076171875,560.326904296875,1260.414306640625,713.90380859375,0.6346992254257202,car,0.94439697265625,-0.40509033203125
596,23.84,58,816.7017822265625,303.189208984375,944.5177001953125,389.0574951171875,0.8726900815963745,car,0.18133544921875,0.02392578125
596,23.84,59,1087.14111328125,307.73150634765625,1156.4052734375,484.17584228515625,0.6565996408462524,person,0.59033203125,1.037109375
596,23.84,60,259.19775390625,364.22216796875,453.900634765625,506.048828125,0.6707051396369934,bicycle,-0.25604248046875,1.182586669921875
596,23.84,61,936.8356323242188,298.991455078125,1279.026611328125,631.9610595703125,0.4716600477695465,motorcycle,-0.084503173828125,-1.5174560546875
596,23.84,62,290.0672607421875,295.9951171875,432.26544189453125,495.8994140625,0.6815808415412903,person,3.23297119140625,0.736083984375
596,23.84,63,1095.46630859375,289.29888916015625,1279.806640625,639.63134765625,0.704827606678009,person,1.423583984375,-0.617340087890625
597,23.88,4,39.878662109375,378.2005310058594,1280.0,712.7823486328125,0.31725800037384033,car,-26.752838134765625,3.8877792358398438
597,23.88,46,314.50091552734375,309.95086669921875,404.37841796875,519.3436889648438,0.7983735799789429,person,-2.249053955078125,6.34210205078125
597,23.88,55,359.67669677734375,378.2652587890625,454.1602783203125,506.339599609375,0.3479793667793274,bicycle,4.046661376953125,0.220245361328125
597,23.88,57,0.874267578125,551.2547607421875,1241.869384765625,713.3983154296875,0.6217237114906311,car,-10.30548095703125,-4.788818359375
597,23.88,58,816.3209838867188,302.8172607421875,945.2388305664062,389.7952880859375,0.8786253333091736,car,0.170166015625,0.18292236328125
597,23.88,59,1087.14111328125,307.73150634765625,1156.4052734375,484.17584228515625,0.6565996408462524,person,0.59033203125,1.037109375
597,23.88,60,258.99560546875,363.6759033203125,453.6639404296875,507.99005126953125,0.6956016421318054,bicycle,-0.21942138671875,0.697479248046875
597,23.88,61,938.6699829101562,295.11993408203125,1278.87841796875,635.4066772460938,0.3767308294773102,motorcycle,0.84307861328125,-0.21295166015625
597,23.88,62,290.0672607421875,295.9951171875,432.26544189453125,495.8994140625,0.6815808415412903,person,3.23297119140625,0.736083984375
597,23.88,63,1093.4908447265625,289.515625,1279.7957763671875,641.2236328125,0.7097428441047668,person,-0.9931640625,0.904510498046875
598,23.92,4,39.878662109375,378.2005310058594,1280.0,712.7823486328125,0.31725800037384033,car,-26.752838134765625,3.8877792358398438
598,23.92,46,315.227294921875,312.36376953125,405.4482421875,521.4641723632812,0.7956211566925049,person,0.898101806640625,2.266693115234375
598,23.92,55,365.8695373535156,378.0501708984375,453.6699523925781,507.4512939453125,0.3735499382019043,bicycle,2.85125732421875,0.44830322265625
598,23.92,57,3.23779296875,562.5589599609375,1266.396484375,713.7591552734375,0.5955460667610168,car,13.4453125,5.83251953125
598,23.92,58,816.345458984375,302.97662353515625,945.08544921875,389.89556884765625,0.8856102824211121,car,-0.064453125,0.12982177734375
598,23.92,59,1087.14111328125,307.73150634765625,1156.4052734375,484.17584228515625,0.6565996408462524,person,0.59033203125,1.037109375
598,23.92,60,257.74261474609375,367.5535888671875,453.66571044921875,507.7779541015625,0.6816076040267944,bicycle,-0.6256103515625,1.832794189453125
598,23.92,61,940.1785888671875,340.4080505371094,1278.6900634765625,636.4036865234375,0.4471134841442108,motorcycle,0.660125732421875,23.142562866210938
598,23.92,62,290.0672607421875,295.9951171875,432.26544189453125,495.8994140625,0.6815808415412903,person,3.23297119140625,0.736083984375
598,23.92,63,1087.685546875,292.21575927734375,1279.83544921875,637.653076171875,0.6298210620880127,person,-2.8828125,-0.435211181640625
599,23.96,4,39.878662109375,378.2005310058594,1280.0,712.7823486328125,0.31725800037384033,car,-26.752838134765625,3.8877792358398438
599,23.96,46,311.4992980957031,313.63592529296875,404.4609680175781,520.1557006835938,0.8067604303359985,person,-2.357635498046875,-0.018157958984375
599,23.96,55,365.51708984375,374.0455322265625,452.1558837890625,506.8529052734375,0.3158216178417206,bicycle,-0.933258056640625,-2.301513671875
599,23.96,57,0.54150390625,551.9307861328125,1237.851318359375,713.4866943359375,0.6275486946105957,car,-15.6207275390625,-5.4503173828125
599,23.96,58,816.4124755859375,303.0029296875,945.526123046875,389.9727783203125,0.8886680006980896,car,0.25384521484375,0.0517578125
599,23.96,59,1087.14111328125,307.73150634765625,1156.4052734375,484.17584228515625,0.6565996408462524,person,0.59033203125,1.037109375
599,23.96,60,252.650634765625,369.11114501953125,453.5120849609375,508.76239013671875,0.6521088480949402,bicycle,-2.622802734375,1.27099609375
599,23.96,61,939.9553833007812,364.29119873046875,1278.428466796875,635.5827026367188,0.6116671562194824,motorcycle,-0.242401123046875,11.531082153320312
599,23.96,62,290.0672607421875,295.9951171875,432.26544189453125,495.8994140625,0.6815808415412903,person,3.23297119140625,0.736083984375
599,23.96,63,1085.205810546875,301.67681884765625,1279.900390625,643.6578979492188,0.3054412305355072,person,-1.2073974609375,7.732940673828125
600,24.0,4,39.878662109375,378.2005310058594,1280.0,712.7823486328125,0.31725800037384033,car,-26.752838134765625,3.8877792358398438
600,24.0,46,308.66009521484375,314.2462158203125,402.13226318359375,519.331787109375,0.7758490443229675,person,-2.583953857421875,-0.1068115234375
600,24.0,55,365.51708984375,374.0455322265625,452.1558837890625,506.8529052734375,0.3158216178417206,bicycle,-0.933258056640625,-2.301513671875
600,24.0,57,0.214111328125,553.4793701171875,1230.423095703125,713.677734375,0.6816377639770508,car,-3.8778076171875,0.86981201171875
600,24.0,58,816.3739013671875,302.9937744140625,946.1417236328125,390.13946533203125,0.8840310573577881,car,0.28851318359375,0.078765869140625
600,24.0,59,1087.14111328125,307.73150634765625,1156.4052734375,484.17584228515625,0.6565996408462524,person,0.59033203125,1.037109375
600,24.0,60,248.34942626953125,366.8045654296875,452.61737060546875,509.92919921875,0.6352432370185852,bicycle,-2.59796142578125,-0.56988525390625
600,24.0,61,942.6646118164062,364.13702392578125,1278.6103515625,638.4103393554688,0.6910573244094849,motorcycle,1.445556640625,1.33673095703125
600,24.0,62,290.0672607421875,295.9951171875,432.26544189453125,495.8994140625,0.6815808415412903,person,3.23297119140625,0.736083984375
600,24.0,63,1085.205810546875,301.67681884765625,1279.900390625,643.6578979492188,0.3054412305355072,person,-1.2073974609375,7.732940673828125
601,24.04,4,39.878662109375,378.2005310058594,1280.0,712.7823486328125,0.31725800037384033,car,-26.752838134765625,3.8877792358398438
601,24.04,46,306.401123046875,315.9852294921875,403.458740234375,511.10357666015625,0.6657140254974365,person,-0.46624755859375,-3.244598388671875
601,24.04,55,365.51708984375,374.0455322265625,452.1558837890625,506.8529052734375,0.3158216178417206,bicycle,-0.933258056640625,-2.301513671875
601,24.04,57,0.3018798828125,556.8009033203125,1225.099609375,713.5706787109375,0.6999568939208984,car,-2.61785888671875,1.60723876953125
601,24.04,58,816.4328002929688,302.989501953125,946.5617065429688,390.1121826171875,0.8790038228034973,car,0.23944091796875,-0.015777587890625
601,24.04,59,1087.14111328125,307.73150634765625,1156.4052734375,484.17584228515625,0.6565996408462524,person,0.59033203125,1.037109375
601,24.04,60,254.1643524169922,371.13177490234375,450.65289306640625,511.90435791015625,0.6234750747680664,bicycle,1.9252243041992188,3.15118408203125
601,24.04,61,980.5610961914062,363.646728515625,1278.64208984375,637.5128173828125,0.6034700870513916,motorcycle,18.964111328125,-0.69390869140625
601,24.04,62,288.25872802734375,315.5457763671875,428.27569580078125,512.6937255859375,0.3883008062839508,person,-0.1610633002387153,1.00958251953125
601,24.04,63,1081.425048828125,301.57867431640625,1279.678466796875,635.8916015625,0.4175451397895813,person,-1.00067138671875,-1.9661102294921875
602,24.08,4,39.878662109375,378.2005310058594,1280.0,712.7823486328125,0.31725800037384033,car,-26.752838134765625,3.8877792358398438
602,24.08,46,301.73846435546875,315.59954833984375,403.25042724609375,516.4917602539062,0.7014531493186951,person,-2.43548583984375,2.501251220703125
602,24.08,55,365.51708984375,374.0455322265625,452.1558837890625,506.8529052734375,0.3158216178417206,bicycle,-0.933258056640625,-2.301513671875
602,24.08,57,0.3116455078125,557.433837890625,1204.3192138671875,713.427490234375,0.6908557415008545,car,-10.38531494140625,0.244873046875
602,24.08,58,816.476318359375,302.9642639160156,947.01416015625,390.1745300292969,0.8719263672828674,car,0.24798583984375,0.0185546875
602,24.08,59,1087.14111328125,307.73150634765625,1156.4052734375,484.17584228515625,0.6565996408462524,person,0.59033203125,1.037109375
602,24.08,60,248.3459930419922,363.9249267578125,451.55181884765625,509.834716796875,0.6436173915863037,bicycle,-2.459716796875,-4.63824462890625
602,24.08,61,947.786376953125,361.560791015625,1278.67138671875,641.5927734375,0.592574954032898,motorcycle,-16.372711181640625,0.99700927734375
602,24.08,62,288.25872802734375,315.5457763671875,428.27569580078125,512.6937255859375,0.3883008062839508,person,-0.1610633002387153,1.00958251953125
602,24.08,63,1068.349853515625,302.75714111328125,1279.895751953125,632.9776611328125,0.41307371854782104,person,-6.428955078125,-0.86773681640625
603,24.12,4,39.878662109375,378.2005310058594,1280.0,712.7823486328125,0.31725800037384033,car,-26.752838134765625,3.8877792358398438
603,24.12,46,302.58135986328125,315.27374267578125,404.39410400390625,515.3428344726562,0.7801530361175537,person,0.9932861328125,-0.73736572265625
603,24.12,55,365.51708984375,374.0455322265625,452.1558837890625,506.8529052734375,0.3158216178417206,bicycle,-0.933258056640625,-2.301513671875
603,24.12,57,0.0,558.6135864257812,1190.6494140625,713.4251098632812,0.6748005747795105,car,-6.99072265625,0.58868408203125
603,24.12,58,816.5723266601562,302.98870849609375,947.3109741210938,390.32781982421875,0.8704127669334412,car,0.1964111328125,0.0888671875
603,24.12,59,1087.14111328125,307.73150634765625,1156.4052734375,484.17584228515625,0.6565996408462524,person,0.59033203125,1.037109375
603,24.12,60,248.60287475585938,364.17840576171875,451.2563171386719,510.68377685546875,0.6457539200782776,bicycle,-0.01930999755859375,0.55126953125
603,24.12,61,942.7576293945312,363.22509765625,1279.527099609375,635.711181640625,0.5046755075454712,motorcycle,-2.086517333984375,-2.108642578125
603,24.12,62,288.25872802734375,315.5457763671875,428.27569580078125,512.6937255859375,0.3883008062839508,person,-0.1610633002387153,1.00958251953125
603,24.12,63,1056.061767578125,292.385986328125,1279.010498046875,632.634765625,0.7152114510536194,person,-6.586669921875,-5.357025146484375
604,24.16,4,48.3126220703125,592.421630859375,1280.0,715.5377197265625,0.3021210730075836,car,0.2108489990234375,5.424411773681641
604,24.16,46,301.6002197265625,315.7728271484375,403.7227783203125,515.0603637695312,0.7759655117988586,person,-0.82623291015625,0.108306884765625
604,24.16,55,365.51708984375,374.0455322265625,452.1558837890625,506.8529052734375,0.3158216178417206,bicycle,-0.933258056640625,-2.301513671875
604,24.16,57,0.0426025390625,557.0234985351562,1142.21484375,713.5630493164062,0.6896377801895142,car,-24.19598388671875,-0.72607421875
604,24.16,58,817.56005859375,303.53814697265625,947.118408203125,389.73248291015625,0.8707888126373291,car,0.3975830078125,-0.02294921875
604,24.16,59,1087.14111328125,307.73150634765625,1156.4052734375,484.17584228515625,0.6565996408462524,person,0.59033203125,1.037109375
604,24.16,60,247.80421447753906,363.42218017578125,451.7288818359375,510.82733154296875,0.6364250779151917,bicycle,-0.16304779052734375,-0.30633544921875
604,24.16,61,943.5746459960938,392.32806396484375,1279.53759765625,646.9384155273438,0.575173556804657,motorcycle,0.41375732421875,20.16510009765625
604,24.16,62,288.25872802734375,315.5457763671875,428.27569580078125,512.6937255859375,0.3883008062839508,person,-0.1610633002387153,1.00958251953125
604,24.16,63,1049.53662109375,292.90777587890625,1279.1328125,632.307373046875,0.7324532270431519,person,-3.201416015625,0.097198486328125
605,24.2,4,48.3126220703125,592.421630859375,1280.0,715.5377197265625,0.3021210730075836,car,0.2108489990234375,5.424411773681641
605,24.2,46,300.6181640625,316.28717041015625,403.951416015625,514.3180541992188,0.759809672832489,person,-0.376708984375,-0.113983154296875
605,24.2,55,365.51708984375,374.0455322265625,452.1558837890625,506.8529052734375,0.3158216178417206,bicycle,-0.933258056640625,-2.301513671875
605,24.2,57,0.0,558.0958251953125,1213.895751953125,713.5362548828125,0.6937767267227173,car,35.81915283203125,0.52276611328125
605,24.2,58,817.583740234375,303.54443359375,947.2193603515625,389.867919921875,0.8701106309890747,car,0.06231689453125,0.07086181640625
605,24.2,59,1087.14111328125,307.73150634765625,1156.4052734375,484.17584228515625,0.6565996408462524,person,0.59033203125,1.037109375
605,24.2,60,246.8320770263672,364.2449951171875,453.27923583984375,510.6082763671875,0.6180837154388428,bicycle,0.2891082763671875,0.3018798828125
605,24.2,61,945.126953125,372.216552734375,1279.3408203125,655.1439208984375,0.6041665077209473,motorcycle,0.677764892578125,-5.9530029296875
605,24.2,62,254.15513610839844,381.30657958984375,450.9234619140625,544.1971435546875,0.355134516954422,bicycle,-1.4319782257080078,12.158027648925781
605,24.2,63,1048.88916015625,290.1514892578125,1279.19140625,632.1331787109375,0.8163062334060669,person,-0.29443359375,-1.465240478515625
606,24.24,4,48.3126220703125,592.421630859375,1280.0,715.5377197265625,0.3021210730075836,car,0.2108489990234375,5.424411773681641
606,24.24,46,301.9171142578125,317.53961181640625,404.6854248046875,509.71588134765625,0.6809279322624207,person,1.0164794921875,-1.67486572265625
606,24.24,55,365.51708984375,374.0455322265625,452.1558837890625,506.8529052734375,0.3158216178417206,bicycle,-0.933258056640625,-2.301513671875
606,24.24,57,0.064208984375,558.6051025390625,1190.568115234375,713.6287841796875,0.6972774863243103,car,-11.6317138671875,0.3009033203125
606,24.24,58,817.585693359375,303.5447998046875,947.3017578125,389.97662353515625,0.8702219724655151,car,0.04217529296875,0.054534912109375
606,24.24,59,1087.14111328125,307.73150634765625,1156.4052734375,484.17584228515625,0.6565996408462524,person,0.59033203125,1.037109375
606,24.24,60,246.231201171875,364.3658447265625,454.5462646484375,511.56005859375,0.5967718958854675,bicycle,0.33307647705078125,0.53631591796875
606,24.24,61,945.1314086914062,370.04888916015625,1279.37255859375,656.1362915039062,0.48582911491394043,motorcycle,0.018096923828125,-0.587646484375
606,24.24,62,254.15513610839844,381.30657958984375,450.9234619140625,544.1971435546875,0.355134516954422,bicycle,-1.4319782257080078,12.158027648925781
606,24.24,63,1036.07568359375,291.22393798828125,1279.17041015625,626.6920776367188,0.8208922743797302,person,-6.417236328125,-2.184326171875
607,24.28,4,48.3126220703125,592.421630859375,1280.0,715.5377197265625,0.3021210730075836,car,0.2108489990234375,5.424411773681641
607,24.28,46,299.29803466796875,316.9925537109375,403.29010009765625,512.7313842773438,0.7333035469055176,person,-2.0072021484375,1.234222412109375
607,24.28,55,365.51708984375,374.0455322265625,452.1558837890625,506.8529052734375,0.3158216178417206,bicycle,-0.933258056640625,-2.301513671875
607,24.28,57,0.0,558.278076171875,1165.1162109375,713.4853515625,0.688424825668335,car,-12.758056640625,-0.2352294921875
607,24.28,58,817.5845336914062,303.50439453125,947.6549682617188,390.11309814453125,0.8687376379966736,car,0.176025390625,0.04803466796875
607,24.28,59,1087.14111328125,307.73150634765625,1156.4052734375,484.17584228515625,0.6565996408462524,person,0.59033203125,1.037109375
607,24.28,60,246.07730102539062,366.40301513671875,455.3038635253906,512.2412719726562,0.605995774269104,bicycle,0.301849365234375,1.35919189453125
607,24.28,61,944.4469604492188,402.35272216796875,1278.247314453125,616.9772338867188,0.5593962669372559,motorcycle,-0.90484619140625,-3.4276123046875
607,24.28,62,254.15513610839844,381.30657958984375,450.9234619140625,544.1971435546875,0.355134516954422,bicycle,-1.4319782257080078,12.158027648925781
607,24.28,63,1036.05615234375,293.699462890625,1279.029296875,621.1740112304688,0.8341739773750305,person,-0.080322265625,-1.521270751953125
608,24.32,4,48.3126220703125,592.421630859375,1280.0,715.5377197265625,0.3021210730075836,car,0.2108489990234375,5.424411773681641
608,24.32,46,301.00048828125,316.67767333984375,403.44390869140625,514.2625122070312,0.6262760162353516,person,0.928131103515625,0.608123779296875
608,24.32,55,365.51708984375,374.0455322265625,452.1558837890625,506.8529052734375,0.3158216178417206,bicycle,-0.933258056640625,-2.301513671875
608,24.32,57,0.0,559.07080078125,1223.89453125,713.409912109375,0.6785641312599182,car,29.38916015625,0.358642578125
608,24.32,58,817.63427734375,303.57415771484375,947.70556640625,390.15081787109375,0.8699803352355957,car,0.0501708984375,0.053741455078125
608,24.32,59,1087.14111328125,307.73150634765625,1156.4052734375,484.17584228515625,0.6565996408462524,person,0.59033203125,1.037109375
608,24.32,60,244.73663330078125,364.38116455078125,455.50982666015625,513.7183227539062,0.560806393623352,bicycle,-0.567352294921875,-0.27239990234375
608,24.32,61,944.6535034179688,392.2239990234375,1277.807861328125,624.5799560546875,0.5856196284294128,motorcycle,-0.116455078125,-1.26300048828125
608,24.32,62,254.15513610839844,381.30657958984375,450.9234619140625,544.1971435546875,0.355134516954422,bicycle,-1.4319782257080078,12.158027648925781
608,24.32,63,1031.807861328125,288.79840087890625,1273.171142578125,613.1609497070312,0.8250206112861633,person,-5.05322265625,-6.457061767578125
609,24.36,4,48.3126220703125,592.421630859375,1280.0,715.5377197265625,0.3021210730075836,car,0.2108489990234375,5.424411773681641
609,24.36,46,300.0303955078125,317.0220947265625,403.4649658203125,517.671142578125,0.7366999387741089,person,-0.474517822265625,1.87652587890625
609,24.36,55,365.51708984375,374.0455322265625,452.1558837890625,506.8529052734375,0.3158216178417206,bicycle,-0.933258056640625,-2.301513671875
609,24.36,57,0.0,559.3240356445312,1229.036865234375,713.6769409179688,0.6479809880256653,car,2.5711669921875,0.2601318359375
609,24.36,58,817.5179443359375,303.5849609375,947.8958740234375,390.1357421875,0.8689712882041931,car,0.0369873046875,-0.00213623046875
609,24.36,59,1087.14111328125,307.73150634765625,1156.4052734375,484.17584228515625,0.6565996408462524,person,0.59033203125,1.037109375
609,24.36,60,243.9678192138672,365.86932373046875,455.74920654296875,514.2033081054688,0.6013957858085632,bicycle,-0.26471710205078125,0.986572265625
609,24.36,61,945.768798828125,390.48681640625,1276.71875,644.952392578125,0.5489866137504578,motorcycle,0.013092041015625,9.317626953125
609,24.36,62,254.15513610839844,381.30657958984375,450.9234619140625,544.1971435546875,0.355134516954422,bicycle,-1.4319782257080078,12.158027648925781
609,24.36,63,1026.757080078125,291.88665771484375,1265.593505859375,609.4381713867188,0.8076934218406677,person,-6.314208984375,-0.3172607421875
610,24.4,4,48.3126220703125,592.421630859375,1280.0,715.5377197265625,0.3021210730075836,car,0.2108489990234375,5.424411773681641
610,24.4,46,300.699951171875,316.51519775390625,402.7186279296875,516.9194946289062,0.7136505246162415,person,-0.03839111328125,-0.6292724609375
610,24.4,55,365.51708984375,374.0455322265625,452.1558837890625,506.8529052734375,0.3158216178417206,bicycle,-0.933258056640625,-2.301513671875
610,24.4,57,0.0,559.1114501953125,1248.0048828125,713.5601806640625,0.6237424612045288,car,9.4840087890625,-0.1646728515625
610,24.4,58,817.4166259765625,303.6144104003906,947.9434814453125,390.4965515136719,0.8695793151855469,car,-0.02685546875,0.19512939453125
610,24.4,59,1087.14111328125,307.73150634765625,1156.4052734375,484.17584228515625,0.6565996408462524,person,0.59033203125,1.037109375
610,24.4,60,245.0149383544922,365.0052490234375,455.76263427734375,516.0869140625,0.6107058525085449,bicycle,0.5302734375,0.509765625
610,24.4,61,948.825439453125,371.357177734375,1271.7783203125,605.8353271484375,0.42963993549346924,motorcycle,-0.94189453125,-29.12335205078125
610,24.4,62,254.15513610839844,381.30657958984375,450.9234619140625,544.1971435546875,0.355134516954422,bicycle,-1.4319782257080078,12.158027648925781
610,24.4,63,1012.01318359375,291.627197265625,1262.078857421875,605.53125,0.838462769985199,person,-9.1292724609375,-2.08319091796875
611,24.44,4,48.3126220703125,592.421630859375,1280.0,715.5377197265625,0.3021210730075836,car,0.2108489990234375,5.424411773681641
611,24.44,46,300.0166931152344,317.01690673828125,402.6329040527344,518.4697875976562,0.7678857445716858,person,-0.384490966796875,1.0260009765625
611,24.44,55,365.51708984375,374.0455322265625,452.1558837890625,506.8529052734375,0.3158216178417206,bicycle,-0.933258056640625,-2.301513671875
611,24.44,57,0.0,559.2041625976562,1249.346435546875,713.7545776367188,0.6195560693740845,car,0.6707763671875,0.1435546875
611,24.44,58,817.43505859375,303.589111328125,947.8363037109375,390.5831298828125,0.8689362406730652,car,-0.04437255859375,0.0306396484375
611,24.44,59,1087.14111328125,307.73150634765625,1156.4052734375,484.17584228515625,0.6565996408462524,person,0.59033203125,1.037109375
611,24.44,60,244.6538543701172,365.70074462890625,455.65716552734375,516.4535522460938,0.6497982740402222,bicycle,-0.2332763671875,0.53106689453125
611,24.44,61,947.9866333007812,385.1536865234375,1272.429443359375,605.9661865234375,0.5053423047065735,motorcycle,-0.093841552734375,6.96368408203125
611,24.44,62,254.15513610839844,381.30657958984375,450.9234619140625,544.1971435546875,0.355134516954422,bicycle,-1.4319782257080078,12.158027648925781
611,24.44,63,1003.7323608398438,292.62188720703125,1245.22265625,603.7755126953125,0.8432846665382385,person,-12.568511962890625,-0.380523681640625
612,24.48,4,48.3126220703125,592.421630859375,1280.0,715.5377197265625,0.3021210730075836,car,0.2108489990234375,5.424411773681641
612,24.48,46,298.57122802734375,317.3619384765625,404.06231689453125,520.4176025390625,0.7974243760108948,person,-0.008026123046875,1.14642333984375
612,24.48,55,365.51708984375,374.0455322265625,452.1558837890625,506.8529052734375,0.3158216178417206,bicycle,-0.933258056640625,-2.301513671875
612,24.48,57,0.335693359375,557.9603271484375,1250.98828125,713.7806396484375,0.6426557302474976,car,0.98876953125,-0.60888671875
612,24.48,58,817.369384765625,303.53662109375,947.822265625,390.751953125,0.8666841387748718,car,-0.03985595703125,0.05816650390625
612,24.48,59,1087.14111328125,307.73150634765625,1156.4052734375,484.17584228515625,0.6565996408462524,person,0.59033203125,1.037109375
612,24.48,60,244.5724639892578,365.9921875,455.68804931640625,517.6751708984375,0.6265089511871338,bicycle,-0.0252532958984375,0.75653076171875
612,24.48,61,948.7160034179688,394.3793029785156,1273.608642578125,602.5972900390625,0.38895365595817566,motorcycle,0.95428466796875,2.9283599853515625
612,24.48,62,254.15513610839844,381.30657958984375,450.9234619140625,544.1971435546875,0.355134516954422,bicycle,-1.4319782257080078,12.158027648925781
612,24.48,63,999.7173461914062,296.9334716796875,1230.591796875,601.1572875976562,0.8472906351089478,person,-9.32293701171875,0.8466796875
612,24.48,64,948.4037475585938,378.1990051269531,1279.2529296875,690.82666015625,0.4422132670879364,motorcycle,0.0,0.0
613,24.52,4,71.4912109375,587.1429443359375,1280.0,715.4639892578125,0.34576165676116943,car,1.2876993815104167,-0.2973564995659722
613,24.52,46,298.3533630371094,317.40716552734375,400.7739562988281,522.6141967773438,0.8130752444267273,person,-1.75311279296875,1.12091064453125
613,24.52,55,365.51708984375,374.0455322265625,452.1558837890625,506.8529052734375,0.3158216178417206,bicycle,-0.933258056640625,-2.301513671875
613,24.52,57,0.0,558.6705322265625,1094.7884521484375,714.4166259765625,0.6393532752990723,car,-78.26776123046875,0.673095703125
613,24.52,58,817.3116455078125,303.69769287109375,948.0614013671875,390.8525390625,0.8671876788139343,car,0.0906982421875,0.130828857421875
613,24.52,59,1087.14111328125,307.73150634765625,1156.4052734375,484.17584228515625,0.6565996408462524,person,0.59033203125,1.037109375
613,24.52,60,246.4093780517578,367.2359619140625,455.54766845703125,520.052490234375,0.6672855615615845,bicycle,0.8482666015625,1.810546875
613,24.52,61,946.1788940429688,378.7153625488281,1279.049560546875,618.559814453125,0.5199995636940002,motorcycle,1.451904296875,0.1492919921875
613,24.52,62,254.15513610839844,381.30657958984375,450.9234619140625,544.1971435546875,0.355134516954422,bicycle,-1.4319782257080078,12.158027648925781
613,24.52,63,987.4788818359375,299.8118896484375,1219.2169189453125,602.150390625,0.8394218683242798,person,-11.806671142578125,1.935760498046875
614,24.56,4,71.856689453125,585.8692626953125,1280.0,715.993896484375,0.34849226474761963,car,0.1827392578125,-0.37188720703125
614,24.56,46,298.0379638671875,317.6593017578125,397.6337890625,524.315673828125,0.8451674580574036,person,-1.727783203125,0.976806640625
614,24.56,55,365.51708984375,374.0455322265625,452.1558837890625,506.8529052734375,0.3158216178417206,bicycle,-0.933258056640625,-2.301513671875
614,24.56,57,0.0,559.8898315429688,1136.3740234375,714.4506225585938,0.5868239402770996,car,20.79278564453125,0.62664794921875
614,24.56,58,817.1756591796875,303.7979431152344,947.9918212890625,391.0490417480469,0.8721166849136353,car,-0.102783203125,0.14837646484375
614,24.56,59,1087.14111328125,307.73150634765625,1156.4052734375,484.17584228515625,0.6565996408462524,person,0.59033203125,1.037109375
614,24.56,60,246.594482421875,368.1593017578125,455.37109375,522.554443359375,0.6803591251373291,bicycle,0.00426483154296875,1.712646484375
614,24.56,61,946.9805297851562,396.48785400390625,1257.017578125,604.9266967773438,0.6369103789329529,motorcycle,-10.61517333984375,2.0696868896484375
614,24.56,62,254.15513610839844,381.30657958984375,450.9234619140625,544.1971435546875,0.355134516954422,bicycle,-1.4319782257080078,12.158027648925781
614,24.56,63,974.61376953125,303.08026123046875,1210.725341796875,602.334716796875,0.8439487218856812,person,-10.6783447265625,1.726348876953125
615,24.6,4,71.856689453125,585.8692626953125,1280.0,715.993896484375,0.34849226474761963,car,0.1827392578125,-0.37188720703125
615,24.6,46,297.1453857421875,319.08831787109375,394.3079833984375,523.8260498046875,0.8391838073730469,person,-2.10919189453125,0.469696044921875
615,24.6,55,365.51708984375,374.0455322265625,452.1558837890625,506.8529052734375,0.3158216178417206,bicycle,-0.933258056640625,-2.301513671875
615,24.6,57,0.3140869140625,560.0665283203125,1255.565673828125,713.7991943359375,0.5836861729621887,car,59.75286865234375,-0.23736572265625
615,24.6,58,817.186279296875,303.89093017578125,948.3404541015625,391.40191650390625,0.872410774230957,car,0.17962646484375,0.222930908203125
615,24.6,59,1087.14111328125,307.73150634765625,1156.4052734375,484.17584228515625,0.6565996408462524,person,0.59033203125,1.037109375
615,24.6,60,246.11595153808594,368.0941162109375,455.268310546875,523.36962890625,0.6380419135093689,bicycle,-0.29065704345703125,0.375
615,24.6,61,942.2001953125,381.6399230957031,1268.9794921875,609.935546875,0.6652372479438782,motorcycle,3.590789794921875,-4.9195404052734375
615,24.6,62,254.15513610839844,381.30657958984375,450.9234619140625,544.1971435546875,0.355134516954422,bicycle,-1.4319782257080078,12.158027648925781
615,24.6,63,972.1577758789062,302.1270751953125,1199.1162109375,604.4186401367188,0.8355998992919922,person,-7.032562255859375,0.56536865234375
615,24.6,64,932.7505493164062,363.9204406738281,1278.9599609375,703.87646484375,0.4169257581233978,motorcycle,-2.6576944986979165,-0.20479329427083334
616,24.64,4,71.856689453125,585.8692626953125,1280.0,715.993896484375,0.34849226474761963,car,0.1827392578125,-0.37188720703125
616,24.64,46,296.1422119140625,319.1754150390625,393.2703857421875,523.2418212890625,0.8430477380752563,person,-1.0203857421875,-0.248565673828125
616,24.64,55,365.51708984375,374.0455322265625,452.1558837890625,506.8529052734375,0.3158216178417206,bicycle,-0.933258056640625,-2.301513671875
616,24.64,57,0.0,566.378173828125,1264.2335205078125,714.329345703125,0.5646774172782898,car,4.1768798828125,3.4208984375
616,24.64,58,817.2772216796875,303.94085693359375,948.5037841796875,391.20440673828125,0.8672181367874146,car,0.12713623046875,-0.07379150390625
616,24.64,59,1087.14111328125,307.73150634765625,1156.4052734375,484.17584228515625,0.6565996408462524,person,0.59033203125,1.037109375
616,24.64,60,246.27203369140625,368.65606689453125,455.55926513671875,522.6835327148438,0.633667528629303,bicycle,0.22351837158203125,-0.06207275390625
616,24.64,61,931.5467529296875,399.7916564941406,1270.8441162109375,610.7637939453125,0.4932040572166443,motorcycle,-4.3944091796875,9.489990234375
616,24.64,62,254.15513610839844,381.30657958984375,450.9234619140625,544.1971435546875,0.355134516954422,bicycle,-1.4319782257080078,12.158027648925781
616,24.64,63,964.20068359375,303.4351806640625,1190.608642578125,605.954833984375,0.8434602618217468,person,-8.232330322265625,1.422149658203125
616,24.64,64,934.171142578125,397.2726745605469,1276.6552734375,710.171142578125,0.47661322355270386,motorcycle,-0.442047119140625,19.823455810546875
617,24.68,4,71.856689453125,585.8692626953125,1280.0,715.993896484375,0.34849226474761963,car,0.1827392578125,-0.37188720703125
617,24.68,46,294.7541198730469,320.25933837890625,387.3346252441406,524.0219116210938,0.8445675373077393,person,-3.66192626953125,0.9320068359375
617,24.68,55,365.51708984375,374.0455322265625,452.1558837890625,506.8529052734375,0.3158216178417206,bicycle,-0.933258056640625,-2.301513671875
617,24.68,57,0.0,559.985595703125,1251.0257568359375,713.9853515625,0.5523857474327087,car,-6.6038818359375,-3.3682861328125
617,24.68,58,817.194580078125,303.93511962890625,948.554443359375,391.38165283203125,0.8622311353683472,car,-0.0159912109375,0.08575439453125
617,24.68,59,1087.14111328125,307.73150634765625,1156.4052734375,484.17584228515625,0.6565996408462524,person,0.59033203125,1.037109375
617,24.68,60,247.82037353515625,373.82733154296875,453.56317138671875,525.7891845703125,0.5996925830841064,bicycle,-0.223876953125,4.138458251953125
617,24.68,61,931.5467529296875,399.7916564941406,1270.8441162109375,610.7637939453125,0.4932040572166443,motorcycle,-4.3944091796875,9.489990234375
617,24.68,62,254.15513610839844,381.30657958984375,450.9234619140625,544.1971435546875,0.355134516954422,bicycle,-1.4319782257080078,12.158027648925781
617,24.68,63,954.1088256835938,303.35009765625,1183.134765625,608.401123046875,0.8343775272369385,person,-8.782867431640625,1.18060302734375
617,24.68,64,925.3187866210938,398.4720153808594,1266.869140625,708.5338134765625,0.46988990902900696,motorcycle,-9.319244384765625,-0.218994140625
618,24.72,4,71.856689453125,585.8692626953125,1280.0,715.993896484375,0.34849226474761963,car,0.1827392578125,-0.37188720703125
618,24.72,46,293.65380859375,322.1341552734375,383.9476318359375,525.71435546875,0.8477606177330017,person,-2.24365234375,1.78363037109375
618,24.72,55,365.51708984375,374.0455322265625,452.1558837890625,506.8529052734375,0.3158216178417206,bicycle,-0.933258056640625,-2.301513671875
618,24.72,57,0.0,562.5400390625,1250.787841796875,714.478271484375,0.5875359773635864,car,-0.11895751953125,1.523681640625
618,24.72,58,817.1522216796875,304.018310546875,948.5889892578125,391.91290283203125,0.8547841310501099,car,-0.00390625,0.307220458984375
618,24.72,59,1087.14111328125,307.73150634765625,1156.4052734375,484.17584228515625,0.6565996408462524,person,0.59033203125,1.037109375
618,24.72,60,243.82809448242188,370.263427734375,456.8012390136719,523.9953002929688,0.5806184411048889,bicycle,-0.377105712890625,-2.67889404296875
618,24.72,61,931.5467529296875,399.7916564941406,1270.8441162109375,610.7637939453125,0.4932040572166443,motorcycle,-4.3944091796875,9.489990234375
618,24.72,62,254.15513610839844,381.30657958984375,450.9234619140625,544.1971435546875,0.355134516954422,bicycle,-1.4319782257080078,12.158027648925781
618,24.72,63,942.837646484375,301.840087890625,1169.494873046875,609.1416015625,0.8572421073913574,person,-12.455535888671875,-0.384765625
618,24.72,64,914.6373291015625,385.7833251953125,1253.4947509765625,710.8380126953125,0.5837844014167786,motorcycle,-12.027923583984375,-5.1922454833984375
619,24.76,4,71.856689453125,585.8692626953125,1280.0,715.993896484375,0.34849226474761963,car,0.1827392578125,-0.37188720703125
619,24.76,46,293.22698974609375,323.668701171875,382.7647705078125,525.024658203125,0.8467283248901367,person,-0.804840087890625,0.42242431640625
619,24.76,55,365.51708984375,374.0455322265625,452.1558837890625,506.8529052734375,0.3158216178417206,bicycle,-0.933258056640625,-2.301513671875
619,24.76,57,0.0,562.3314208984375,1104.6314697265625,715.7938232421875,0.5509259104728699,car,-73.07818603515625,0.553466796875
619,24.76,58,816.9525146484375,303.90460205078125,948.4678955078125,391.95147705078125,0.8559460043907166,car,-0.160400390625,-0.037567138671875
619,24.76,59,1087.14111328125,307.73150634765625,1156.4052734375,484.17584228515625,0.6565996408462524,person,0.59033203125,1.037109375
619,24.76,60,246.97764587402344,375.0614013671875,453.9400634765625,523.0106201171875,0.5484877824783325,bicycle,0.14418792724609375,1.906646728515625
619,24.76,61,931.5467529296875,399.7916564941406,1270.8441162109375,610.7637939453125,0.4932040572166443,motorcycle,-4.3944091796875,9.489990234375
619,24.76,62,254.15513610839844,381.30657958984375,450.9234619140625,544.1971435546875,0.355134516954422,bicycle,-1.4319782257080078,12.158027648925781
619,24.76,63,942.4713134765625,301.03143310546875,1160.9627685546875,609.7606811523438,0.8557875156402588,person,-4.44921875,-0.09478759765625
619,24.76,64,912.4688110351562,363.4900817871094,1244.52490234375,712.6021728515625,0.6255359649658203,motorcycle,-5.569183349609375,-10.264541625976562
620,24.8,4,71.856689453125,585.8692626953125,1280.0,715.993896484375,0.34849226474761963,car,0.1827392578125,-0.37188720703125
620,24.8,46,291.3428649902344,324.61285400390625,381.4961853027344,524.6529541015625,0.8418601751327515,person,-1.57635498046875,0.286224365234375
620,24.8,55,365.51708984375,374.0455322265625,452.1558837890625,506.8529052734375,0.3158216178417206,bicycle,-0.933258056640625,-2.301513671875
620,24.8,57,0.0,564.0339965820312,1097.946533203125,715.9967651367188,0.4878268539905548,car,-3.34246826171875,0.9527587890625
620,24.8,58,816.978271484375,303.998291015625,949.0390625,392.257568359375,0.8466693162918091,car,0.2984619140625,0.19989013671875
620,24.8,59,1087.14111328125,307.73150634765625,1156.4052734375,484.17584228515625,0.6565996408462524,person,0.59033203125,1.037109375
620,24.8,60,246.68812561035156,375.16693115234375,453.6461181640625,524.7139892578125,0.6121729016304016,bicycle,-0.2917327880859375,0.904449462890625
620,24.8,61,915.35888671875,300.1365661621094,1152.60986328125,714.2032470703125,0.4232726991176605,person,-16.802764892578125,0.47304534912109375
620,24.8,62,254.15513610839844,381.30657958984375,450.9234619140625,544.1971435546875,0.355134516954422,bicycle,-1.4319782257080078,12.158027648925781
620,24.8,63,927.801513671875,300.0274658203125,1151.521484375,606.9759521484375,0.5153380036354065,person,-12.0555419921875,-1.89434814453125
620,24.8,64,906.11279296875,382.52972412109375,1230.115478515625,714.1580200195312,0.4279758930206299,motorcycle,-10.382720947265625,10.297744750976562
620,24.8,65,1061.951171875,437.9718933105469,1222.682861328125,559.194091796875,0.402012437582016,handbag,0.0,0.0
621,24.84,4,71.856689453125,585.8692626953125,1280.0,715.993896484375,0.34849226474761963,car,0.1827392578125,-0.37188720703125
621,24.84,46,290.959228515625,324.894287109375,380.4017333984375,525.8079833984375,0.8288753628730774,person,-0.739044189453125,0.718231201171875
621,24.84,55,365.51708984375,374.0455322265625,452.1558837890625,506.8529052734375,0.3158216178417206,bicycle,-0.933258056640625,-2.301513671875
621,24.84,57,1.2369384765625,569.715576171875,1262.2821044921875,714.571044921875,0.537385880947113,car,82.7862548828125,2.1279296875
621,24.84,58,816.888916015625,303.90350341796875,949.572998046875,392.667236328125,0.8412843942642212,car,0.2222900390625,0.157440185546875
621,24.84,59,1087.14111328125,307.73150634765625,1156.4052734375,484.17584228515625,0.6565996408462524,person,0.59033203125,1.037109375
621,24.84,60,240.53152465820312,372.2950439453125,456.3973693847656,525.8551025390625,0.5885332822799683,bicycle,-1.7026748657226562,-0.865386962890625
621,24.84,61,915.35888671875,300.1365661621094,1152.60986328125,714.2032470703125,0.4232726991176605,person,-16.802764892578125,0.47304534912109375
621,24.84,62,254.15513610839844,381.30657958984375,450.9234619140625,544.1971435546875,0.355134516954422,bicycle,-1.4319782257080078,12.158027648925781
621,24.84,63,917.7557373046875,302.48583984375,1136.1405029296875,604.7451171875,0.7776461839675903,person,-12.71337890625,0.11376953125
621,24.84,64,906.11279296875,382.52972412109375,1230.115478515625,714.1580200195312,0.4279758930206299,motorcycle,-10.382720947265625,10.297744750976562
622,24.88,4,71.856689453125,585.8692626953125,1280.0,715.993896484375,0.34849226474761963,car,0.1827392578125,-0.37188720703125
622,24.88,46,288.36456298828125,324.7528076171875,378.83551025390625,522.76513671875,0.7613200545310974,person,-2.0804443359375,-1.5921630859375
622,24.88,55,365.51708984375,374.0455322265625,452.1558837890625,506.8529052734375,0.3158216178417206,bicycle,-0.933258056640625,-2.301513671875
622,24.88,57,0.6492919921875,565.5621948242188,1253.820068359375,714.7514038085938,0.561852753162384,car,-4.52484130859375,-1.98651123046875
622,24.88,58,816.749755859375,304.09698486328125,949.758056640625,392.70416259765625,0.8248976469039917,car,0.02294921875,0.115203857421875
622,24.88,59,1087.14111328125,307.73150634765625,1156.4052734375,484.17584228515625,0.6565996408462524,person,0.59033203125,1.037109375
622,24.88,60,237.89053344726562,370.2291259765625,455.9913635253906,527.3978271484375,0.5174192190170288,bicycle,-1.52349853515625,-0.2615966796875
622,24.88,61,915.35888671875,300.1365661621094,1152.60986328125,714.2032470703125,0.4232726991176605,person,-16.802764892578125,0.47304534912109375
622,24.88,62,254.15513610839844,381.30657958984375,450.9234619140625,544.1971435546875,0.355134516954422,bicycle,-1.4319782257080078,12.158027648925781
622,24.88,63,904.827392578125,304.19586181640625,1126.286865234375,605.3323364257812,0.8275570273399353,person,-11.3909912109375,1.14862060546875
622,24.88,64,898.4071044921875,423.9237060546875,1208.7132568359375,713.1937255859375,0.30403149127960205,motorcycle,-7.2769775390625,10.107421875
623,24.92,4,71.856689453125,585.8692626953125,1280.0,715.993896484375,0.34849226474761963,car,0.1827392578125,-0.37188720703125
623,24.92,46,284.436279296875,323.95465087890625,376.0628662109375,521.1487426757812,0.753116250038147,person,-3.3504638671875,-1.207275390625
623,24.92,55,365.51708984375,374.0455322265625,452.1558837890625,506.8529052734375,0.3158216178417206,bicycle,-0.933258056640625,-2.301513671875
623,24.92,57,1.177978515625,566.7055053710938,1251.3544921875,715.0233764648438,0.6030043959617615,car,-0.96844482421875,0.7076416015625
623,24.92,58,816.509033203125,304.123779296875,951.740234375,393.388916015625,0.8160471320152283,car,0.8707275390625,0.35577392578125
623,24.92,59,1087.14111328125,307.73150634765625,1156.4052734375,484.17584228515625,0.6565996408462524,person,0.59033203125,1.037109375
623,24.92,60,235.69760131835938,371.91424560546875,454.9186096191406,530.8151245117188,0.5050902962684631,bicycle,-1.632843017578125,2.55120849609375
623,24.92,61,915.35888671875,300.1365661621094,1152.60986328125,714.2032470703125,0.4232726991176605,person,-16.802764892578125,0.47304534912109375
623,24.92,62,254.15513610839844,381.30657958984375,450.9234619140625,544.1971435546875,0.355134516954422,bicycle,-1.4319782257080078,12.158027648925781
623,24.92,63,901.1710205078125,303.9951171875,1116.7655029296875,605.7371826171875,0.8090850114822388,person,-6.5888671875,0.10205078125
623,24.92,64,898.4071044921875,423.9237060546875,1208.7132568359375,713.1937255859375,0.30403149127960205,motorcycle,-7.2769775390625,10.107421875
624,24.96,4,71.856689453125,585.8692626953125,1280.0,715.993896484375,0.34849226474761963,car,0.1827392578125,-0.37188720703125
624,24.96,46,282.23114013671875,324.38818359375,379.15850830078125,515.7083740234375,0.6811851263046265,person,0.44525146484375,-2.50341796875
624,24.96,55,365.51708984375,374.0455322265625,452.1558837890625,506.8529052734375,0.3158216178417206,bicycle,-0.933258056640625,-2.301513671875
624,24.96,57,1.1510009765625,566.720947265625,1249.4658203125,715.0888671875,0.5705470442771912,car,-0.95782470703125,0.04046630859375
624,24.96,58,816.0953369140625,303.9046630859375,950.5887451171875,392.2159423828125,0.793809711933136,car,-0.7825927734375,-0.696044921875
624,24.96,59,1087.14111328125,307.73150634765625,1156.4052734375,484.17584228515625,0.6565996408462524,person,0.59033203125,1.037109375
624,24.96,60,235.41136169433594,374.9039306640625,453.4615478515625,530.359619140625,0.5261844396591187,bicycle,-0.8716506958007812,1.26708984375
624,24.96,61,915.35888671875,300.1365661621094,1152.60986328125,714.2032470703125,0.4232726991176605,person,-16.802764892578125,0.47304534912109375
624,24.96,62,254.15513610839844,381.30657958984375,450.9234619140625,544.1971435546875,0.355134516954422,bicycle,-1.4319782257080078,12.158027648925781
624,24.96,63,896.708984375,302.906494140625,1105.6796875,607.4298095703125,0.789599597454071,person,-7.77392578125,0.302001953125
624,24.96,64,885.6597900390625,384.37652587890625,1192.4356689453125,623.6646118164062,0.3060348629951477,motorcycle,-7.2562255859375,-32.269073486328125
625,25.0,4,71.856689453125,585.8692626953125,1280.0,715.993896484375,0.34849226474761963,car,0.1827392578125,-0.37188720703125
625,25.0,46,280.6676330566406,325.13458251953125,378.0228576660156,497.8560791015625,0.5753472447395325,person,-1.349578857421875,-8.552947998046875
625,25.0,55,365.51708984375,374.0455322265625,452.1558837890625,506.8529052734375,0.3158216178417206,bicycle,-0.933258056640625,-2.301513671875
625,25.0,57,1.0726318359375,568.311279296875,1245.7410888671875,715.11669921875,0.5989629626274109,car,-1.90155029296875,0.80908203125
625,25.0,58,815.967529296875,303.1466979980469,946.433837890625,390.2342224121094,0.7632100582122803,car,-2.141357421875,-1.369842529296875
625,25.0,59,1087.14111328125,307.73150634765625,1156.4052734375,484.17584228515625,0.6565996408462524,person,0.59033203125,1.037109375
625,25.0,60,234.46826171875,371.87969970703125,452.18511962890625,533.1970825195312,0.37169837951660156,bicycle,-1.1097640991210938,-0.0933837890625
625,25.0,61,915.35888671875,300.1365661621094,1152.60986328125,714.2032470703125,0.4232726991176605,person,-16.802764892578125,0.47304534912109375
625,25.0,62,232.08966064453125,374.70855712890625,452.9412841796875,535.3643188476562,0.4640786647796631,motorcycle,-0.5011913299560546,-0.38577117919921877
625,25.0,63,888.6380615234375,300.25262451171875,1097.9761962890625,611.5331420898438,0.824076771736145,person,-7.88720703125,0.7247314453125
625,25.0,64,879.9979858398438,377.845458984375,1168.9384765625,631.5787353515625,0.5189080834388733,motorcycle,-14.579498291015625,0.6915283203125
626,25.04,4,71.856689453125,585.8692626953125,1280.0,715.993896484375,0.34849226474761963,car,0.1827392578125,-0.37188720703125
626,25.04,46,279.7724304199219,326.082275390625,378.2995910644531,480.722412109375,0.5264158844947815,person,-0.309234619140625,-8.092987060546875
626,25.04,55,365.51708984375,374.0455322265625,452.1558837890625,506.8529052734375,0.3158216178417206,bicycle,-0.933258056640625,-2.301513671875
626,25.04,57,0.4288330078125,563.3534545898438,1237.765380859375,714.8761596679688,0.6570653915405273,car,-4.30975341796875,-2.59918212890625
626,25.04,58,816.0836791992188,303.57354736328125,944.9067993164062,389.21087646484375,0.7551618218421936,car,-0.7054443359375,-0.298248291015625
626,25.04,59,1087.14111328125,307.73150634765625,1156.4052734375,484.17584228515625,0.6565996408462524,person,0.59033203125,1.037109375
626,25.04,60,233.86898803710938,368.13446044921875,449.8520812988281,537.6173706054688,0.4487214982509613,bicycle,-1.466156005859375,0.3375244140625
626,25.04,61,915.35888671875,300.1365661621094,1152.60986328125,714.2032470703125,0.4232726991176605,person,-16.802764892578125,0.47304534912109375
626,25.04,62,232.08966064453125,374.70855712890625,452.9412841796875,535.3643188476562,0.4640786647796631,motorcycle,-0.5011913299560546,-0.38577117919921877
626,25.04,63,879.380126953125,299.38916015625,1081.601318359375,608.795654296875,0.8169243931770325,person,-12.81640625,-1.80047607421875
626,25.04,64,878.0242919921875,386.86700439453125,1157.4705810546875,621.4711303710938,0.5271772146224976,motorcycle,-6.720794677734375,-0.54302978515625
627,25.08,4,71.856689453125,585.8692626953125,1280.0,715.993896484375,0.34849226474761963,car,0.1827392578125,-0.37188720703125
627,25.08,46,278.0202941894531,325.58148193359375,376.0609436035156,490.00579833984375,0.6224889755249023,person,-1.995391845703125,4.39129638671875
627,25.08,55,365.51708984375,374.0455322265625,452.1558837890625,506.8529052734375,0.3158216178417206,bicycle,-0.933258056640625,-2.301513671875
627,25.08,57,0.6649169921875,561.4755859375,1245.1064453125,714.625732421875,0.6525009274482727,car,3.78857421875,-1.06414794921875
627,25.08,58,815.81689453125,303.093994140625,943.3475341796875,389.3157958984375,0.7618191242218018,car,-0.91302490234375,-0.18731689453125
627,25.08,59,1087.14111328125,307.73150634765625,1156.4052734375,484.17584228515625,0.6565996408462524,person,0.59033203125,1.037109375
627,25.08,60,229.01812744140625,370.166259765625,450.3245849609375,539.0047607421875,0.5638599991798401,motorcycle,-2.189178466796875,1.7095947265625
627,25.08,61,915.35888671875,300.1365661621094,1152.60986328125,714.2032470703125,0.4232726991176605,person,-16.802764892578125,0.47304534912109375
627,25.08,62,232.08966064453125,374.70855712890625,452.9412841796875,535.3643188476562,0.4640786647796631,motorcycle,-0.5011913299560546,-0.38577117919921877
627,25.08,63,873.831298828125,301.33404541015625,1073.15380859375,604.1953125,0.8409926891326904,person,-6.9981689453125,-1.327728271484375
627,25.08,64,874.7261962890625,395.2619934082031,1116.98876953125,605.24365234375,0.3586028516292572,motorcycle,-21.88995361328125,-3.9162445068359375
628,25.12,4,71.856689453125,585.8692626953125,1280.0,715.993896484375,0.34849226474761963,car,0.1827392578125,-0.37188720703125
628,25.12,46,276.0056457519531,325.5570068359375,375.3911437988281,505.18365478515625,0.7342742681503296,person,-1.34222412109375,7.576690673828125
628,25.12,55,365.51708984375,374.0455322265625,452.1558837890625,506.8529052734375,0.3158216178417206,bicycle,-0.933258056640625,-2.301513671875
628,25.12,57,0.7415771484375,556.6617431640625,1236.0313720703125,714.7833251953125,0.5907093286514282,car,-4.49920654296875,-2.328125
628,25.12,58,815.4097290039062,302.9408874511719,943.2350463867188,386.7762756347656,0.7492576837539673,car,-0.25982666015625,-1.3463134765625
628,25.12,59,1087.14111328125,307.73150634765625,1156.4052734375,484.17584228515625,0.6565996408462524,person,0.59033203125,1.037109375
628,25.12,60,227.13925170898438,368.955078125,449.0027770996094,538.5199584960938,0.42212608456611633,motorcycle,-1.600341796875,-0.847991943359375
628,25.12,61,915.35888671875,300.1365661621094,1152.60986328125,714.2032470703125,0.4232726991176605,person,-16.802764892578125,0.47304534912109375
628,25.12,62,232.08966064453125,374.70855712890625,452.9412841796875,535.3643188476562,0.4640786647796631,motorcycle,-0.5011913299560546,-0.38577117919921877
628,25.12,63,869.5560302734375,301.29632568359375,1065.0496826171875,603.0653076171875,0.7722482085227966,person,-6.189697265625,-0.5838623046875
628,25.12,64,869.4219970703125,385.96441650390625,1130.1837158203125,607.4683227539062,0.5786779522895813,motorcycle,3.94537353515625,-3.5364532470703125
629,25.16,4,71.856689453125,585.8692626953125,1280.0,715.993896484375,0.34849226474761963,car,0.1827392578125,-0.37188720703125
629,25.16,46,275.126708984375,326.9949951171875,378.4305419921875,479.986572265625,0.73677659034729,person,1.080230712890625,-11.879547119140625
629,25.16,55,365.51708984375,374.0455322265625,452.1558837890625,506.8529052734375,0.3158216178417206,bicycle,-0.933258056640625,-2.301513671875
629,25.16,57,1.1815185546875,562.0067138671875,1236.375,715.2491455078125,0.6512006521224976,car,0.39178466796875,2.9053955078125
629,25.16,58,815.0216064453125,302.6268310546875,945.6529541015625,387.9127197265625,0.7382169365882874,car,1.014892578125,0.41119384765625
629,25.16,59,1087.14111328125,307.73150634765625,1156.4052734375,484.17584228515625,0.6565996408462524,person,0.59033203125,1.037109375
629,25.16,60,226.872802734375,371.66522216796875,448.2396240234375,539.0379028320312,0.6756312847137451,motorcycle,-0.514801025390625,1.614044189453125
629,25.16,61,915.35888671875,300.1365661621094,1152.60986328125,714.2032470703125,0.4232726991176605,person,-16.802764892578125,0.47304534912109375
629,25.16,62,232.08966064453125,374.70855712890625,452.9412841796875,535.3643188476562,0.4640786647796631,motorcycle,-0.5011913299560546,-0.38577117919921877
629,25.16,63,862.3753662109375,303.61138916015625,1052.8775634765625,607.3265380859375,0.7976731061935425,person,-9.6763916015625,3.28814697265625
629,25.16,64,863.8836669921875,393.6048278808594,1123.0394287109375,607.1829833984375,0.6792998313903809,motorcycle,-6.34130859375,3.6775360107421875
630,25.2,4,71.856689453125,585.8692626953125,1280.0,715.993896484375,0.34849226474761963,car,0.1827392578125,-0.37188720703125
630,25.2,46,273.390380859375,327.8238830566406,378.296875,484.0679626464844,0.6841503381729126,person,-0.93499755859375,2.45513916015625
630,25.2,55,365.51708984375,374.0455322265625,452.1558837890625,506.8529052734375,0.3158216178417206,bicycle,-0.933258056640625,-2.301513671875
630,25.2,57,1.125244140625,561.4801635742188,1196.4580078125,715.7357788085938,0.6656011939048767,car,-19.98663330078125,-0.01995849609375
630,25.2,58,814.877685546875,302.59735107421875,949.02685546875,389.30413818359375,0.7880459427833557,car,1.614990234375,0.68096923828125
630,25.2,59,1087.14111328125,307.73150634765625,1156.4052734375,484.17584228515625,0.6565996408462524,person,0.59033203125,1.037109375
630,25.2,60,226.903564453125,377.954833984375,446.63873291015625,543.2216186523438,0.6425978541374207,motorcycle,-0.785064697265625,5.236663818359375
630,25.2,61,915.35888671875,300.1365661621094,1152.60986328125,714.2032470703125,0.4232726991176605,person,-16.802764892578125,0.47304534912109375
630,25.2,62,232.08966064453125,374.70855712890625,452.9412841796875,535.3643188476562,0.4640786647796631,motorcycle,-0.5011913299560546,-0.38577117919921877
630,25.2,63,857.49853515625,303.98211669921875,1042.0958251953125,603.9454345703125,0.8248663544654846,person,-7.82928466796875,-1.50518798828125
630,25.2,64,858.1102294921875,397.3207702636719,1110.62255859375,607.306640625,0.7418268918991089,motorcycle,-9.09515380859375,1.9197998046875
631,25.24,4,71.856689453125,585.8692626953125,1280.0,715.993896484375,0.34849226474761963,car,0.1827392578125,-0.37188720703125
631,25.24,46,270.66522216796875,327.79632568359375,378.00128173828125,483.95355224609375,0.7044858336448669,person,-1.5103759765625,-0.07098388671875
631,25.24,55,365.51708984375,374.0455322265625,452.1558837890625,506.8529052734375,0.3158216178417206,bicycle,-0.933258056640625,-2.301513671875
631,25.24,57,0.0,560.935302734375,1173.511474609375,715.885009765625,0.659705400466919,car,-12.035888671875,-0.19781494140625
631,25.24,58,814.233642578125,302.7178955078125,946.667236328125,391.3099365234375,0.7701545357704163,car,-1.5018310546875,1.06317138671875
631,25.24,60,226.5685272216797,375.67193603515625,447.18475341796875,544.1339721679688,0.4571629762649536,bicycle,0.10549163818359375,-0.685272216796875
631,25.24,61,915.35888671875,300.1365661621094,1152.60986328125,714.2032470703125,0.4232726991176605,person,-16.802764892578125,0.47304534912109375
631,25.24,62,232.08966064453125,374.70855712890625,452.9412841796875,535.3643188476562,0.4640786647796631,motorcycle,-0.5011913299560546,-0.38577117919921877
631,25.24,63,845.125732421875,303.4130859375,1035.93896484375,600.0942993164062,0.7409254312515259,person,-9.26483154296875,-2.2100830078125
631,25.24,64,850.1756591796875,407.3963317871094,1093.4610595703125,606.2379150390625,0.7291440367698669,motorcycle,-12.54803466796875,4.50341796875
632,25.28,4,71.856689453125,585.8692626953125,1280.0,715.993896484375,0.34849226474761963,car,0.1827392578125,-0.37188720703125
632,25.28,46,268.67388916015625,327.61669921875,374.53900146484375,491.64306640625,0.7582519054412842,person,-2.726806640625,3.75494384765625
632,25.28,55,365.51708984375,374.0455322265625,452.1558837890625,506.8529052734375,0.3158216178417206,bicycle,-0.933258056640625,-2.301513671875
632,25.28,57,0.0,564.229248046875,1181.6630859375,715.8310546875,0.635405421257019,car,4.0758056640625,1.6199951171875
632,25.28,58,814.0731201171875,303.0584716796875,941.7481689453125,391.3521728515625,0.7476511001586914,car,-2.539794921875,0.19140625
632,25.28,60,223.5681610107422,375.0777587890625,445.82171630859375,544.0936279296875,0.5360991954803467,bicycle,-2.18170166015625,-0.3172607421875
632,25.28,61,915.35888671875,300.1365661621094,1152.60986328125,714.2032470703125,0.4232726991176605,person,-16.802764892578125,0.47304534912109375
632,25.28,62,232.08966064453125,374.70855712890625,452.9412841796875,535.3643188476562,0.4640786647796631,motorcycle,-0.5011913299560546,-0.38577117919921877
632,25.28,63,845.0740966796875,302.7613525390625,1024.9456787109375,595.0001220703125,0.7210742831230164,person,-5.5224609375,-2.872955322265625
632,25.28,64,845.51416015625,402.7769775390625,1085.8106689453125,607.47607421875,0.755677342414856,motorcycle,-6.15594482421875,-1.6905975341796875
633,25.32,4,71.856689453125,585.8692626953125,1280.0,715.993896484375,0.34849226474761963,car,0.1827392578125,-0.37188720703125
633,25.32,46,265.76934814453125,327.6871337890625,374.57049560546875,501.3345947265625,0.7482761144638062,person,-1.4365234375,4.8809814453125
633,25.32,55,365.51708984375,374.0455322265625,452.1558837890625,506.8529052734375,0.3158216178417206,bicycle,-0.933258056640625,-2.301513671875
633,25.32,57,0.0,564.4678955078125,1243.2762451171875,715.9273681640625,0.5854092836380005,car,30.80657958984375,0.16748046875
633,25.32,58,813.475830078125,303.0416259765625,935.4805908203125,395.2940673828125,0.7044838666915894,car,-3.43243408203125,1.9625244140625
633,25.32,60,220.1540985107422,376.9439697265625,445.02593994140625,547.7242431640625,0.6381645798683167,bicycle,-2.10491943359375,2.7484130859375
633,25.32,61,915.35888671875,300.1365661621094,1152.60986328125,714.2032470703125,0.4232726991176605,person,-16.802764892578125,0.47304534912109375
633,25.32,62,232.08966064453125,374.70855712890625,452.9412841796875,535.3643188476562,0.4640786647796631,motorcycle,-0.5011913299560546,-0.38577117919921877
633,25.32,63,838.6962890625,297.59442138671875,1013.772705078125,598.5999145507812,0.7629294395446777,person,-8.775390625,-0.7835693359375
633,25.32,64,838.754638671875,399.8312683105469,1072.349609375,606.782470703125,0.7435925006866455,motorcycle,-10.11029052734375,-1.8196563720703125
634,25.36,4,71.856689453125,585.8692626953125,1280.0,715.993896484375,0.34849226474761963,car,0.1827392578125,-0.37188720703125
634,25.36,46,263.3436584472656,327.81280517578125,374.4573059082031,496.4329833984375,0.6884531378746033,person,-1.269439697265625,-2.387969970703125
634,25.36,55,365.51708984375,374.0455322265625,452.1558837890625,506.8529052734375,0.3158216178417206,bicycle,-0.933258056640625,-2.301513671875
634,25.36,57,1.7861328125,561.3977661132812,1249.3955078125,715.8640747070312,0.6206033825874329,car,3.95269775390625,-1.56671142578125
634,25.36,58,813.4663696289062,302.43914794921875,929.2152709960938,401.64288330078125,0.6398783326148987,car,-3.13739013671875,2.8731689453125
634,25.36,60,218.7496337890625,377.3394775390625,441.9598388671875,547.32568359375,0.32401686906814575,motorcycle,-2.2352828979492188,-0.00152587890625
634,25.36,61,915.35888671875,300.1365661621094,1152.60986328125,714.2032470703125,0.4232726991176605,person,-16.802764892578125,0.47304534912109375
634,25.36,62,219.8258819580078,373.539794921875,443.49700927734375,546.7040405273438,0.503533661365509,bicycle,-1.2060029771592882,0.5650533040364584
634,25.36,63,834.8058471679688,302.70697021484375,1003.3970336914062,594.1484375,0.7720922827720642,person,-7.133056640625,0.330535888671875
634,25.36,64,830.87841796875,391.9176025390625,1061.67138671875,609.091552734375,0.6248127818107605,motorcycle,-9.2772216796875,-2.8022918701171875
634,25.36,66,893.2974853515625,407.0896301269531,1062.4234619140625,608.498291015625,0.34218570590019226,motorcycle,0.0,0.0
635,25.4,4,71.856689453125,585.8692626953125,1280.0,715.993896484375,0.34849226474761963,car,0.1827392578125,-0.37188720703125
635,25.4,46,260.34796142578125,326.9945068359375,374.93511962890625,491.8797607421875,0.636539101600647,person,-1.258941650390625,-2.685760498046875
635,25.4,55,365.51708984375,374.0455322265625,452.1558837890625,506.8529052734375,0.3158216178417206,bicycle,-0.933258056640625,-2.301513671875
635,25.4,57,0.1512451171875,558.38525390625,1256.8599853515625,715.9002685546875,0.640461266040802,car,2.914794921875,-1.4881591796875
635,25.4,58,812.52685546875,325.62017822265625,915.61962890625,398.93096923828125,0.5829989910125732,car,-7.267578125,10.23455810546875
635,25.4,60,213.503173828125,377.32958984375,442.2122802734375,546.94921875,0.5521942377090454,bicycle,-2.49700927734375,-0.19317626953125
635,25.4,61,915.35888671875,300.1365661621094,1152.60986328125,714.2032470703125,0.4232726991176605,person,-16.802764892578125,0.47304534912109375
635,25.4,62,219.8258819580078,373.539794921875,443.49700927734375,546.7040405273438,0.503533661365509,bicycle,-1.2060029771592882,0.5650533040364584
635,25.4,63,826.08984375,302.557861328125,997.5777587890625,590.8809204101562,0.8024197220802307,person,-7.26763916015625,-1.70831298828125
635,25.4,64,823.992431640625,395.8208923339844,1056.376953125,605.8482666015625,0.7360441088676453,motorcycle,-6.0902099609375,0.3300018310546875
636,25.44,4,71.856689453125,585.8692626953125,1280.0,715.993896484375,0.34849226474761963,car,0.1827392578125,-0.37188720703125
636,25.44,46,258.03802490234375,326.67059326171875,374.72650146484375,482.8780517578125,0.6566715240478516,person,-1.25927734375,-4.662811279296875
636,25.44,55,365.51708984375,374.0455322265625,452.1558837890625,506.8529052734375,0.3158216178417206,bicycle,-0.933258056640625,-2.301513671875
636,25.44,57,0.0,560.909912109375,1242.4716796875,716.160400390625,0.602929949760437,car,-7.269775390625,1.39239501953125
636,25.44,58,811.3095703125,303.29638671875,913.66259765625,391.8170166015625,0.5304027199745178,car,-1.587158203125,-14.7188720703125
636,25.44,60,212.5781707763672,379.144287109375,440.52703857421875,546.198974609375,0.6338472962379456,bicycle,-1.3051223754882812,0.5322265625
636,25.44,61,915.35888671875,300.1365661621094,1152.60986328125,714.2032470703125,0.4232726991176605,person,-16.802764892578125,0.47304534912109375
636,25.44,62,219.8258819580078,373.539794921875,443.49700927734375,546.7040405273438,0.503533661365509,bicycle,-1.2060029771592882,0.5650533040364584
636,25.44,63,815.322509765625,301.26104736328125,985.081787109375,574.4034423828125,0.7899227738380432,person,-11.63165283203125,-8.88714599609375
636,25.44,64,819.08837890625,396.62451171875,1046.256591796875,606.3385009765625,0.723051905632019,motorcycle,-7.51220703125,0.6469268798828125
637,25.48,4,71.856689453125,585.8692626953125,1280.0,715.993896484375,0.34849226474761963,car,0.1827392578125,-0.37188720703125
637,25.48,46,254.66773986816406,328.33477783203125,371.9241943359375,482.89361572265625,0.5313255190849304,person,-3.0862960815429688,0.839874267578125
637,25.48,55,365.51708984375,374.0455322265625,452.1558837890625,506.8529052734375,0.3158216178417206,bicycle,-0.933258056640625,-2.301513671875
637,25.48,57,0.4459228515625,563.05859375,1246.951171875,716.6826171875,0.6033593416213989,car,2.46270751953125,1.33544921875
637,25.48,58,809.6041259765625,303.85382080078125,906.2115478515625,387.840576171875,0.48313742876052856,car,-4.5782470703125,-1.709503173828125
637,25.48,60,213.56845092773438,382.44146728515625,439.3937072753906,547.6370849609375,0.4769439697265625,bicycle,-0.07152557373046875,2.367645263671875
637,25.48,61,915.35888671875,300.1365661621094,1152.60986328125,714.2032470703125,0.4232726991176605,person,-16.802764892578125,0.47304534912109375
637,25.48,62,219.8258819580078,373.539794921875,443.49700927734375,546.7040405273438,0.503533661365509,bicycle,-1.2060029771592882,0.5650533040364584
637,25.48,63,813.2691650390625,300.90826416015625,978.2537841796875,568.9414672851562,0.7837586402893066,person,-4.440673828125,-2.907379150390625
637,25.48,64,811.330322265625,385.4783935546875,1063.1513671875,606.0435791015625,0.7922196388244629,motorcycle,4.568359375,-5.72052001953125
638,25.52,4,71.856689453125,585.8692626953125,1280.0,715.993896484375,0.34849226474761963,car,0.1827392578125,-0.37188720703125
638,25.52,46,251.74087524414062,327.40008544921875,370.9701843261719,487.41766357421875,0.6490640044212341,person,-1.9404373168945312,1.794677734375
638,25.52,55,365.51708984375,374.0455322265625,452.1558837890625,506.8529052734375,0.3158216178417206,bicycle,-0.933258056640625,-2.301513671875
638,25.52,57,0.0,558.052734375,1214.962158203125,716.319091796875,0.6929431557655334,car,-16.21746826171875,-2.6846923828125
638,25.52,58,809.97265625,319.26361083984375,895.4854736328125,390.05487060546875,0.3530955910682678,car,-5.17877197265625,8.812042236328125
638,25.52,60,212.451904296875,383.56793212890625,438.14215087890625,548.5160522460938,0.6385339498519897,bicycle,-1.184051513671875,1.002716064453125
638,25.52,61,915.35888671875,300.1365661621094,1152.60986328125,714.2032470703125,0.4232726991176605,person,-16.802764892578125,0.47304534912109375
638,25.52,62,219.8258819580078,373.539794921875,443.49700927734375,546.7040405273438,0.503533661365509,bicycle,-1.2060029771592882,0.5650533040364584
638,25.52,63,812.1158447265625,302.4742431640625,966.7056884765625,558.4112548828125,0.7703765034675598,person,-6.3507080078125,-4.48211669921875
638,25.52,64,806.448974609375,384.06256103515625,1068.2137451171875,607.5494995117188,0.8032334446907043,motorcycle,0.09051513671875,0.0450439453125
639,25.56,4,71.856689453125,585.8692626953125,1280.0,715.993896484375,0.34849226474761963,car,0.1827392578125,-0.37188720703125
639,25.56,46,248.54425048828125,327.772705078125,368.42083740234375,492.576416015625,0.7062799334526062,person,-2.87298583984375,2.76568603515625
639,25.56,55,365.51708984375,374.0455322265625,452.1558837890625,506.8529052734375,0.3158216178417206,bicycle,-0.933258056640625,-2.301513671875
639,25.56,57,0.0,560.557373046875,1228.07275390625,716.796875,0.7095382809638977,car,6.5552978515625,1.4912109375
639,25.56,58,812.7528076171875,308.072509765625,886.8856201171875,386.9715576171875,0.30030566453933716,car,-2.90985107421875,-7.13720703125
639,25.56,60,210.04214477539062,384.26409912109375,436.1395568847656,551.2244873046875,0.7894808053970337,bicycle,-2.2061767578125,1.702301025390625
639,25.56,61,915.35888671875,300.1365661621094,1152.60986328125,714.2032470703125,0.4232726991176605,person,-16.802764892578125,0.47304534912109375
639,25.56,62,219.8258819580078,373.539794921875,443.49700927734375,546.7040405273438,0.503533661365509,bicycle,-1.2060029771592882,0.5650533040364584
639,25.56,63,803.19091796875,301.99835205078125,957.10498046875,547.4822998046875,0.7818226218223572,person,-9.2628173828125,-5.702423095703125
639,25.56,64,798.5140380859375,378.96905517578125,1021.3646240234375,606.0139770507812,0.7195926308631897,motorcycle,-27.39202880859375,-3.31451416015625
640,25.6,4,71.856689453125,585.8692626953125,1280.0,715.993896484375,0.34849226474761963,car,0.1827392578125,-0.37188720703125
640,25.6,46,245.8256378173828,327.26495361328125,366.39776611328125,493.56195068359375,0.7336168885231018,person,-2.3708419799804688,0.2388916015625
640,25.6,55,365.51708984375,374.0455322265625,452.1558837890625,506.8529052734375,0.3158216178417206,bicycle,-0.933258056640625,-2.301513671875
640,25.6,57,0.0,559.2069702148438,1229.23974609375,716.6140747070312,0.7086930274963379,car,0.58349609375,-0.7666015625
640,25.6,58,812.7528076171875,308.072509765625,886.8856201171875,386.9715576171875,0.30030566453933716,car,-2.90985107421875,-7.13720703125
640,25.6,60,204.29196166992188,383.53271484375,434.0378723144531,553.06103515625,0.6696155667304993,bicycle,-3.925933837890625,0.552581787109375
640,25.6,61,915.35888671875,300.1365661621094,1152.60986328125,714.2032470703125,0.4232726991176605,person,-16.802764892578125,0.47304534912109375
640,25.6,62,219.8258819580078,373.539794921875,443.49700927734375,546.7040405273438,0.503533661365509,bicycle,-1.2060029771592882,0.5650533040364584
640,25.6,63,792.1642456054688,301.7459716796875,954.8024291992188,538.5634765625,0.7562236785888672,person,-6.66461181640625,-4.585601806640625
640,25.6,64,786.9122314453125,383.3897399902344,1009.6429443359375,604.5550537109375,0.6692138910293579,motorcycle,-11.6617431640625,1.4808807373046875
641,25.64,4,71.856689453125,585.8692626953125,1280.0,715.993896484375,0.34849226474761963,car,0.1827392578125,-0.37188720703125
641,25.64,46,243.56439208984375,326.37115478515625,365.72552490234375,489.64984130859375,0.7100547552108765,person,-1.4667434692382812,-2.4029541015625
641,25.64,55,365.51708984375,374.0455322265625,452.1558837890625,506.8529052734375,0.3158216178417206,bicycle,-0.933258056640625,-2.301513671875
641,25.64,57,0.0,559.812744140625,1244.9044189453125,716.51953125,0.6755844950675964,car,7.83233642578125,0.255615234375
641,25.64,58,812.7528076171875,308.072509765625,886.8856201171875,386.9715576171875,0.30030566453933716,car,-2.90985107421875,-7.13720703125
641,25.64,60,198.53765869140625,382.6134033203125,433.54986572265625,557.7109985351562,0.7098933458328247,bicycle,-3.12115478515625,1.865325927734375
641,25.64,61,915.35888671875,300.1365661621094,1152.60986328125,714.2032470703125,0.4232726991176605,person,-16.802764892578125,0.47304534912109375
641,25.64,62,219.8258819580078,373.539794921875,443.49700927734375,546.7040405273438,0.503533661365509,bicycle,-1.2060029771592882,0.5650533040364584
641,25.64,63,786.3598022460938,304.98974609375,946.5973510742188,534.1195068359375,0.693396270275116,person,-7.0047607421875,-0.60009765625
641,25.64,64,783.6248779296875,377.03997802734375,987.5518798828125,598.7619018554688,0.7716496586799622,motorcycle,-12.689208984375,-6.0714569091796875
642,25.68,4,71.856689453125,585.8692626953125,1280.0,715.993896484375,0.34849226474761963,car,0.1827392578125,-0.37188720703125
642,25.68,46,239.99630737304688,326.23956298828125,364.6927185058594,492.60516357421875,0.7160378098487854,person,-2.300445556640625,1.411865234375
642,25.68,55,365.51708984375,374.0455322265625,452.1558837890625,506.8529052734375,0.3158216178417206,bicycle,-0.933258056640625,-2.301513671875
642,25.68,57,0.0,561.3325805664062,1233.829345703125,716.3688354492188,0.7183133363723755,car,-5.53753662109375,0.6845703125
642,25.68,58,812.7528076171875,308.072509765625,886.8856201171875,386.9715576171875,0.30030566453933716,car,-2.90985107421875,-7.13720703125
642,25.68,60,197.38992309570312,381.5794677734375,429.6687927246094,556.5239868164062,0.672980010509491,bicycle,-2.514404296875,-1.1104736328125
642,25.68,61,915.35888671875,300.1365661621094,1152.60986328125,714.2032470703125,0.4232726991176605,person,-16.802764892578125,0.47304534912109375
642,25.68,62,219.8258819580078,373.539794921875,443.49700927734375,546.7040405273438,0.503533661365509,bicycle,-1.2060029771592882,0.5650533040364584
642,25.68,63,776.885009765625,302.79547119140625,943.784912109375,526.2637939453125,0.595924973487854,person,-6.14361572265625,-5.024993896484375
642,25.68,64,776.6287841796875,372.00164794921875,975.6260986328125,594.9989624023438,0.7221392393112183,motorcycle,-9.4609375,-4.400634765625
643,25.72,4,71.856689453125,585.8692626953125,1280.0,715.993896484375,0.34849226474761963,car,0.1827392578125,-0.37188720703125
643,25.72,46,237.06649780273438,326.22149658203125,361.3582458496094,497.66058349609375,0.7533283233642578,person,-3.13214111328125,2.5186767578125
643,25.72,55,365.51708984375,374.0455322265625,452.1558837890625,506.8529052734375,0.3158216178417206,bicycle,-0.933258056640625,-2.301513671875
643,25.72,57,0.0,566.177734375,1237.27783203125,716.2587890625,0.6859397888183594,car,1.7242431640625,2.3675537109375
643,25.72,58,804.2037353515625,301.715087890625,949.9024658203125,397.6517333984375,0.5235369205474854,car,6.8084716796875,0.54034423828125
643,25.72,60,192.987060546875,379.224853515625,427.2349853515625,557.88037109375,0.5506533980369568,bicycle,-3.4183349609375,-0.499114990234375
643,25.72,61,915.35888671875,300.1365661621094,1152.60986328125,714.2032470703125,0.4232726991176605,person,-16.802764892578125,0.47304534912109375
643,25.72,62,219.8258819580078,373.539794921875,443.49700927734375,546.7040405273438,0.503533661365509,bicycle,-1.2060029771592882,0.5650533040364584
643,25.72,63,775.89501953125,310.226318359375,930.383544921875,512.8720703125,0.6174880862236023,person,-7.1956787109375,-2.980438232421875
643,25.72,64,769.0526123046875,362.87286376953125,965.160888671875,596.94677734375,0.8060744404792786,motorcycle,-9.02069091796875,-3.590484619140625
644,25.76,4,71.856689453125,585.8692626953125,1280.0,715.993896484375,0.34849226474761963,car,0.1827392578125,-0.37188720703125
644,25.76,46,234.3807373046875,326.44464111328125,358.4547119140625,501.73614501953125,0.7568337917327881,person,-2.794647216796875,2.14935302734375
644,25.76,55,365.51708984375,374.0455322265625,452.1558837890625,506.8529052734375,0.3158216178417206,bicycle,-0.933258056640625,-2.301513671875
644,25.76,57,0.0,565.319580078125,1248.59814453125,715.716552734375,0.6747321486473083,car,5.66015625,-0.7001953125
644,25.76,58,792.1892700195312,301.862060546875,949.8585815429688,397.2366943359375,0.41905614733695984,car,-6.0291748046875,-0.134033203125
644,25.76,60,189.7437744140625,378.85888671875,425.6495361328125,559.2692260742188,0.47242388129234314,motorcycle,-2.41436767578125,0.511444091796875
644,25.76,61,915.35888671875,300.1365661621094,1152.60986328125,714.2032470703125,0.4232726991176605,person,-16.802764892578125,0.47304534912109375
644,25.76,62,189.6559295654297,378.61285400390625,424.76629638671875,559.4515991210938,0.47630774974823,bicycle,-2.4450332641601564,0.8910308837890625
644,25.76,63,768.06103515625,303.70977783203125,913.665283203125,513.9281616210938,0.6143249869346619,person,-12.276123046875,-2.730224609375
644,25.76,64,767.744873046875,367.596435546875,956.560302734375,597.4814453125,0.7522632479667664,motorcycle,-4.95416259765625,2.629119873046875
645,25.8,4,71.856689453125,585.8692626953125,1280.0,715.993896484375,0.34849226474761963,car,0.1827392578125,-0.37188720703125
645,25.8,46,230.4970703125,326.890625,357.71795654296875,512.791015625,0.7638095617294312,person,-2.310211181640625,5.75042724609375
645,25.8,55,365.51708984375,374.0455322265625,452.1558837890625,506.8529052734375,0.3158216178417206,bicycle,-0.933258056640625,-2.301513671875
645,25.8,57,0.0,567.4693603515625,1220.3245849609375,715.9613037109375,0.6065280437469482,car,-14.13677978515625,1.197265625
645,25.8,58,841.7421875,302.527099609375,950.707763671875,392.3760986328125,0.4246995747089386,car,25.2010498046875,-2.0977783203125
645,25.8,60,189.7437744140625,378.85888671875,425.6495361328125,559.2692260742188,0.47242388129234314,motorcycle,-2.41436767578125,0.511444091796875
645,25.8,61,915.35888671875,300.1365661621094,1152.60986328125,714.2032470703125,0.4232726991176605,person,-16.802764892578125,0.47304534912109375
645,25.8,62,187.10208129882812,379.041259765625,422.2705383300781,562.7901000976562,0.5128207802772522,bicycle,-2.5248031616210938,1.883453369140625
645,25.8,63,759.77490234375,304.88140869140625,906.044189453125,512.6968383789062,0.6980659365653992,person,-7.95361328125,-0.02984619140625
645,25.8,64,773.490234375,382.90533447265625,948.432373046875,597.0806274414062,0.7579739093780518,motorcycle,-1.1912841796875,7.45404052734375
646,25.84,4,71.856689453125,585.8692626953125,1280.0,715.993896484375,0.34849226474761963,car,0.1827392578125,-0.37188720703125
646,25.84,46,226.0855712890625,326.29364013671875,356.33673095703125,507.43743896484375,0.8161597847938538,person,-2.8963623046875,-2.97528076171875
646,25.84,55,365.51708984375,374.0455322265625,452.1558837890625,506.8529052734375,0.3158216178417206,bicycle,-0.933258056640625,-2.301513671875
646,25.84,57,0.0,567.0360107421875,1237.534423828125,716.3106689453125,0.5731761455535889,car,8.60491943359375,-0.0419921875
646,25.84,58,859.3005981445312,302.08447265625,950.8270874023438,392.1612548828125,0.5874060392379761,car,8.8388671875,-0.3287353515625
646,25.84,60,189.7437744140625,378.85888671875,425.6495361328125,559.2692260742188,0.47242388129234314,motorcycle,-2.41436767578125,0.511444091796875
646,25.84,61,915.35888671875,300.1365661621094,1152.60986328125,714.2032470703125,0.4232726991176605,person,-16.802764892578125,0.47304534912109375
646,25.84,62,183.13406372070312,379.3389892578125,419.1255798339844,563.87841796875,0.4827965795993805,motorcycle,-3.556488037109375,0.693023681640625
646,25.84,63,757.2178955078125,305.15557861328125,898.180908203125,501.170654296875,0.7248029112815857,person,-5.21014404296875,-5.626007080078125
646,25.84,64,762.1622314453125,377.4080810546875,937.6920166015625,592.1276245117188,0.741227388381958,motorcycle,-11.0341796875,-5.225128173828125
647,25.88,4,71.856689453125,585.8692626953125,1280.0,715.993896484375,0.34849226474761963,car,0.1827392578125,-0.37188720703125
647,25.88,46,223.5936737060547,324.48486328125,351.88995361328125,521.3223876953125,0.847939670085907,person,-3.4693374633789062,6.0380859375
647,25.88,55,365.51708984375,374.0455322265625,452.1558837890625,506.8529052734375,0.3158216178417206,bicycle,-0.933258056640625,-2.301513671875
647,25.88,57,0.712890625,575.745849609375,1242.324462890625,715.9000244140625,0.4768970012664795,car,2.75146484375,4.14959716796875
647,25.88,58,861.6715087890625,301.55615234375,949.927978515625,392.5203857421875,0.6992279887199402,car,0.73590087890625,-0.0845947265625
647,25.88,60,189.7437744140625,378.85888671875,425.6495361328125,559.2692260742188,0.47242388129234314,motorcycle,-2.41436767578125,0.511444091796875
647,25.88,61,915.35888671875,300.1365661621094,1152.60986328125,714.2032470703125,0.4232726991176605,person,-16.802764892578125,0.47304534912109375
647,25.88,62,179.8765411376953,378.74774169921875,417.10577392578125,567.6045532226562,0.5811958909034729,motorcycle,-2.6386642456054688,1.56744384765625
647,25.88,63,750.0348510742188,302.9599609375,888.7837524414062,489.537109375,0.48201194405555725,person,-8.29010009765625,-6.914581298828125
647,25.88,64,759.378173828125,375.36834716796875,929.172607421875,586.2802734375,0.8072187304496765,motorcycle,-5.6517333984375,-3.94354248046875
647,25.88,67,751.3639526367188,303.00311279296875,888.2092895507812,408.6337890625,0.5051716566085815,person,0.0,0.0
647,25.88,68,754.0458984375,301.24285888671875,949.906982421875,394.55487060546875,0.3979320824146271,car,0.0,0.0
648,25.92,4,71.856689453125,585.8692626953125,1280.0,715.993896484375,0.34849226474761963,car,0.1827392578125,-0.37188720703125
648,25.92,46,219.4013671875,323.691162109375,346.724365234375,538.2857666015625,0.7997319102287292,person,-4.678947448730469,8.0848388671875
648,25.92,55,365.51708984375,374.0455322265625,452.1558837890625,506.8529052734375,0.3158216178417206,bicycle,-0.933258056640625,-2.301513671875
648,25.92,57,0.5728759765625,579.1766967773438,1255.826171875,715.7269897460938,0.5141732692718506,car,6.68084716796875,1.62890625
648,25.92,58,854.9996337890625,302.157958984375,949.5013427734375,392.6015625,0.7072434425354004,car,-3.54925537109375,0.34149169921875
648,25.92,60,189.7437744140625,378.85888671875,425.6495361328125,559.2692260742188,0.47242388129234314,motorcycle,-2.41436767578125,0.511444091796875
648,25.92,61,915.35888671875,300.1365661621094,1152.60986328125,714.2032470703125,0.4232726991176605,person,-16.802764892578125,0.47304534912109375
648,25.92,62,174.58978271484375,378.7830810546875,412.86376953125,575.8975830078125,0.7227200865745544,motorcycle,-4.764381408691406,4.1641845703125
648,25.92,63,743.39404296875,304.813232421875,880.3876953125,468.827880859375,0.5325108170509338,person,-7.5184326171875,-9.427978515625
648,25.92,64,761.0621337890625,371.95947265625,918.93212890625,580.406005859375,0.7792074084281921,motorcycle,-4.27825927734375,-4.641571044921875
648,25.92,67,744.5973510742188,304.9081726074219,879.5169067382812,408.3324890136719,0.4945245385169983,person,-7.7294921875,0.8018798828125
648,25.92,68,759.7459716796875,301.6749572753906,949.6011962890625,394.5390930175781,0.32924243807792664,car,2.6971435546875,0.208160400390625
648,25.92,69,815.7843017578125,301.63525390625,950.1024169921875,394.05810546875,0.5589038729667664,car,0.0,0.0
649,25.96,4,71.856689453125,585.8692626953125,1280.0,715.993896484375,0.34849226474761963,car,0.1827392578125,-0.37188720703125
649,25.96,46,215.14828491210938,323.04913330078125,342.9602966308594,541.6817016601562,0.7939130067825317,person,-4.008575439453125,1.376953125
649,25.96,55,365.51708984375,374.0455322265625,452.1558837890625,506.8529052734375,0.3158216178417206,bicycle,-0.933258056640625,-2.301513671875
649,25.96,57,0.6239013671875,581.4273681640625,1258.2899169921875,715.656005859375,0.47201037406921387,car,1.25738525390625,1.08984375
649,25.96,58,848.7407836914062,302.73052978515625,949.3992309570312,393.09381103515625,0.7826739549636841,car,-3.18048095703125,0.53240966796875
649,25.96,60,189.7437744140625,378.85888671875,425.6495361328125,559.2692260742188,0.47242388129234314,motorcycle,-2.41436767578125,0.511444091796875
649,25.96,61,915.35888671875,300.1365661621094,1152.60986328125,714.2032470703125,0.4232726991176605,person,-16.802764892578125,0.47304534912109375
649,25.96,62,167.2078857421875,374.4066162109375,408.9979248046875,576.028076171875,0.717620313167572,motorcycle,-5.623870849609375,-2.12298583984375
649,25.96,63,740.226318359375,304.6961669921875,871.292724609375,444.230712890625,0.533135175704956,person,-6.13134765625,-12.35711669921875
649,25.96,64,750.0565185546875,372.51165771484375,907.1641845703125,573.4334106445312,0.7628404498100281,motorcycle,-11.38677978515625,-3.210205078125
650,26.0,4,156.62255859375,484.5539245605469,1277.29931640625,714.755615234375,0.33415302634239197,car,1.1397942437065973,-1.4243558247884114
650,26.0,46,210.01962280273438,322.847900390625,341.3892517089844,545.5361328125,0.8091811537742615,person,-3.349853515625,1.82659912109375
650,26.0,57,1.41650390625,577.20849609375,1274.1044921875,715.8546142578125,0.4143313765525818,car,8.3035888671875,-2.0101318359375
650,26.0,58,835.5447387695312,301.1543273925781,949.5631713867188,393.7167663574219,0.7736929655075073,car,-6.51605224609375,-0.47662353515625
650,26.0,60,164.99346923828125,373.48822021484375,406.6727294921875,574.9664916992188,0.3096069097518921,motorcycle,-3.643925984700521,0.8605499267578125
650,26.0,61,915.35888671875,300.1365661621094,1152.60986328125,714.2032470703125,0.4232726991176605,person,-16.802764892578125,0.47304534912109375
650,26.0,62,164.77597045898438,375.28900146484375,407.3572692871094,575.04345703125,0.6545925140380859,bicycle,-2.036285400390625,-0.051116943359375
650,26.0,63,734.6396484375,306.6331787109375,866.13916015625,476.8065185546875,0.30449968576431274,person,-5.3701171875,17.25640869140625
650,26.0,64,747.31787109375,372.43804931640625,899.408447265625,567.51806640625,0.7562162280082703,motorcycle,-5.2471923828125,-2.994476318359375
650,26.0,67,734.9209594726562,306.02606201171875,865.5801391601562,404.99627685546875,0.4342873692512512,person,-5.903289794921875,-0.5545806884765625
651,26.04,4,22.0704345703125,477.2219543457031,1277.5003662109375,714.3505859375,0.48440343141555786,car,-67.175537109375,-3.868499755859375
651,26.04,46,202.756103515625,323.021484375,336.23297119140625,544.224853515625,0.793849527835846,person,-6.20989990234375,-0.56884765625
651,26.04,57,1.213623046875,578.8272705078125,1266.980712890625,715.6566162109375,0.47144851088523865,car,-3.663330078125,0.71038818359375
651,26.04,58,827.8748779296875,301.2412109375,949.3111572265625,393.058837890625,0.7928490042686462,car,-3.9609375,-0.2855224609375
651,26.04,60,162.26283264160156,377.299072265625,404.9547119140625,579.30029296875,0.6487486958503723,bicycle,-2.2243270874023438,4.07232666015625
651,26.04,61,915.35888671875,300.1365661621094,1152.60986328125,714.2032470703125,0.4232726991176605,person,-16.802764892578125,0.47304534912109375
651,26.04,62,161.82054138183594,375.53662109375,404.7353515625,579.8863525390625,0.42353111505508423,motorcycle,-2.7886734008789062,2.545257568359375
651,26.04,63,731.0918579101562,303.41259765625,856.8573608398438,492.72607421875,0.3506244421005249,person,-6.414794921875,6.3494873046875
651,26.04,64,745.421875,366.41326904296875,890.875244140625,561.9219360351562,0.814963161945343,motorcycle,-5.214599609375,-5.810455322265625
651,26.04,67,729.08984375,303.7481689453125,856.1199951171875,402.17266845703125,0.3660443127155304,person,-7.6456298828125,-2.550750732421875
652,26.08,4,21.2271728515625,475.65716552734375,1276.7584228515625,715.3240356445312,0.490731805562973,car,-0.7926025390625,-0.2956695556640625
652,26.08,46,196.17803955078125,322.941650390625,335.13177490234375,545.8553466796875,0.8146580457687378,person,-3.839630126953125,0.77532958984375
652,26.08,57,0.0,575.3799438476562,1270.652587890625,716.6644897460938,0.4359681010246277,car,1.2291259765625,-1.2197265625
652,26.08,58,822.1015625,300.52984619140625,949.08740234375,393.36895751953125,0.7992300987243652,car,-2.99853515625,-0.20062255859375
652,26.08,60,151.59954833984375,382.88116455078125,402.241455078125,584.666748046875,0.7328495383262634,bicycle,-6.688270568847656,5.474273681640625
652,26.08,61,915.35888671875,300.1365661621094,1152.60986328125,714.2032470703125,0.4232726991176605,person,-16.802764892578125,0.47304534912109375
652,26.08,62,161.82054138183594,375.53662109375,404.7353515625,579.8863525390625,0.42353111505508423,motorcycle,-2.7886734008789062,2.545257568359375
652,26.08,63,731.0918579101562,303.41259765625,856.8573608398438,492.72607421875,0.3506244421005249,person,-6.414794921875,6.3494873046875
652,26.08,64,743.6396484375,356.55133056640625,882.9144287109375,558.5381469726562,0.7782008051872253,motorcycle,-4.87152099609375,-6.62286376953125
652,26.08,67,730.6060791015625,305.9364013671875,843.0047607421875,401.2821044921875,0.5612899661064148,person,-5.79949951171875,0.648834228515625
653,26.12,4,28.175048828125,478.30987548828125,1278.216552734375,714.6915893554688,0.4428894519805908,car,4.2030029296875,1.0101318359375
653,26.12,46,193.45431518554688,323.4654541015625,328.2268371582031,548.0943603515625,0.7924007773399353,person,-4.8143310546875,1.38140869140625
653,26.12,57,0.0081787109375,582.5103759765625,1271.014404296875,716.3797607421875,0.44694820046424866,car,0.18499755859375,3.4228515625
653,26.12,58,822.1015625,300.52984619140625,949.08740234375,393.36895751953125,0.7992300987243652,car,-2.99853515625,-0.20062255859375
653,26.12,60,149.12982177734375,384.52252197265625,398.610595703125,582.3342895507812,0.8299545645713806,bicycle,-3.05029296875,-0.345550537109375
653,26.12,61,915.35888671875,300.1365661621094,1152.60986328125,714.2032470703125,0.4232726991176605,person,-16.802764892578125,0.47304534912109375
653,26.12,62,161.82054138183594,375.53662109375,404.7353515625,579.8863525390625,0.42353111505508423,motorcycle,-2.7886734008789062,2.545257568359375
653,26.12,63,731.0918579101562,303.41259765625,856.8573608398438,492.72607421875,0.3506244421005249,person,-6.414794921875,6.3494873046875
653,26.12,64,737.0042724609375,366.5965576171875,873.1080322265625,549.9696044921875,0.7329010367393494,motorcycle,-8.22088623046875,0.73834228515625
653,26.12,67,720.9180908203125,303.480712890625,836.6163330078125,401.212890625,0.340474933385849,person,-8.0382080078125,-1.262451171875
653,26.12,69,816.9561767578125,300.82861328125,949.3248291015625,393.87274169921875,0.8044061064720154,car,0.0394287109375,-0.099200439453125
654,26.16,4,32.9598388671875,475.70269775390625,1279.4820556640625,715.3692016601562,0.4214821755886078,car,3.025146484375,-0.96478271484375
654,26.16,46,189.040771484375,323.4326171875,322.00616455078125,550.4722900390625,0.862444281578064,person,-5.317108154296875,1.17254638671875
654,26.16,57,0.0,581.90869140625,1271.0809326171875,717.000244140625,0.42921099066734314,car,0.0291748046875,0.0093994140625
654,26.16,58,822.1015625,300.52984619140625,949.08740234375,393.36895751953125,0.7992300987243652,car,-2.99853515625,-0.20062255859375
654,26.16,60,142.80580139160156,384.83807373046875,393.8912353515625,582.0357055664062,0.8193825483322144,bicycle,-5.521690368652344,0.00848388671875
654,26.16,61,915.35888671875,300.1365661621094,1152.60986328125,714.2032470703125,0.4232726991176605,person,-16.802764892578125,0.47304534912109375
654,26.16,62,161.82054138183594,375.53662109375,404.7353515625,579.8863525390625,0.42353111505508423,motorcycle,-2.7886734008789062,2.545257568359375
654,26.16,63,731.0918579101562,303.41259765625,856.8573608398438,492.72607421875,0.3506244421005249,person,-6.414794921875,6.3494873046875
654,26.16,64,732.9131469726562,367.63848876953125,864.3982543945312,547.1510620117188,0.6951422095298767,motorcycle,-6.40045166015625,-0.8883056640625
654,26.16,67,716.2117309570312,303.59967041015625,832.3069458007812,404.51837158203125,0.4732470214366913,person,-4.50787353515625,1.71221923828125
654,26.16,69,812.64208984375,301.1481628417969,948.72412109375,394.8631896972656,0.8378461003303528,car,-2.4573974609375,0.654998779296875
655,26.2,4,172.2291259765625,486.8178405761719,1278.5218505859375,715.125732421875,0.4910857677459717,car,69.154541015625,5.4358367919921875
655,26.2,46,185.23440551757812,322.53045654296875,320.0789489746094,552.8882446289062,0.8195968270301819,person,-2.866790771484375,0.75689697265625
655,26.2,57,1.85107421875,582.7357177734375,1270.1934814453125,717.3282470703125,0.47130072116851807,car,0.4818115234375,0.5775146484375
655,26.2,58,822.1015625,300.52984619140625,949.08740234375,393.36895751953125,0.7992300987243652,car,-2.99853515625,-0.20062255859375
655,26.2,60,135.4271240234375,383.5880126953125,392.1043701171875,583.021728515625,0.8135895729064941,bicycle,-4.582771301269531,-0.13201904296875
655,26.2,61,915.35888671875,300.1365661621094,1152.60986328125,714.2032470703125,0.4232726991176605,person,-16.802764892578125,0.47304534912109375
655,26.2,62,161.82054138183594,375.53662109375,404.7353515625,579.8863525390625,0.42353111505508423,motorcycle,-2.7886734008789062,2.545257568359375
655,26.2,63,719.2379150390625,305.34417724609375,819.5965576171875,483.00506591796875,0.3812170624732971,person,-6.13934326171875,-0.9736785888671875
655,26.2,64,728.85302734375,365.3145751953125,855.519287109375,541.8701171875,0.7981584072113037,motorcycle,-6.46954345703125,-3.80242919921875
655,26.2,67,720.4468994140625,304.9505310058594,818.4471435546875,397.4629821777344,0.48434290289878845,person,-4.81231689453125,-2.852264404296875
655,26.2,69,809.9623413085938,301.3592529296875,948.5466918945312,395.9742431640625,0.854299008846283,car,-1.4285888671875,0.66107177734375
656,26.24,4,147.912841796875,487.5133972167969,1278.9798583984375,715.02294921875,0.4335934817790985,car,-11.92913818359375,0.29638671875
656,26.24,46,180.17752075195312,324.54248046875,316.3277282714844,548.77880859375,0.8132380843162537,person,-4.404052734375,-1.0487060546875
656,26.24,57,1.0545654296875,581.59423828125,1272.402099609375,717.361083984375,0.43035680055618286,car,0.7060546875,-0.5543212890625
656,26.24,58,822.1015625,300.52984619140625,949.08740234375,393.36895751953125,0.7992300987243652,car,-2.99853515625,-0.20062255859375
656,26.24,60,130.9569549560547,387.24688720703125,387.82061767578125,585.2076416015625,0.8306443095207214,bicycle,-4.376960754394531,2.922393798828125
656,26.24,61,915.35888671875,300.1365661621094,1152.60986328125,714.2032470703125,0.4232726991176605,person,-16.802764892578125,0.47304534912109375
656,26.24,62,161.82054138183594,375.53662109375,404.7353515625,579.8863525390625,0.42353111505508423,motorcycle,-2.7886734008789062,2.545257568359375
656,26.24,63,704.0738525390625,305.86383056640625,810.267578125,458.40118408203125,0.3323419690132141,person,-12.24652099609375,-12.0421142578125
656,26.24,64,721.8985595703125,365.9166259765625,846.7081298828125,537.2208251953125,0.7656373977661133,motorcycle,-7.8828125,-2.02362060546875
656,26.24,67,704.88671875,305.4173889160156,809.4617919921875,394.6195983886719,0.5627241134643555,person,-12.27276611328125,-1.188262939453125
656,26.24,69,806.40283203125,300.99676513671875,948.119384765625,396.04998779296875,0.8319187760353088,car,-1.993408203125,-0.14337158203125
657,26.28,4,68.9571533203125,482.2119445800781,1278.6588134765625,715.43994140625,0.3298547863960266,car,-39.63836669921875,-2.442230224609375
657,26.28,46,173.85629272460938,323.0914306640625,312.6498718261719,550.3468017578125,0.8187882304191589,person,-4.999542236328125,0.0584716796875
657,26.28,57,0.6456298828125,580.0523681640625,1273.351318359375,717.3582763671875,0.44600677490234375,car,0.2701416015625,-0.7723388671875
657,26.28,58,822.1015625,300.52984619140625,949.08740234375,393.36895751953125,0.7992300987243652,car,-2.99853515625,-0.20062255859375
657,26.28,60,126.99057006835938,389.80816650390625,383.2737121582031,588.5617065429688,0.7657620906829834,bicycle,-4.256645202636719,2.957672119140625
657,26.28,61,915.35888671875,300.1365661621094,1152.60986328125,714.2032470703125,0.4232726991176605,person,-16.802764892578125,0.47304534912109375
657,26.28,62,161.82054138183594,375.53662109375,404.7353515625,579.8863525390625,0.42353111505508423,motorcycle,-2.7886734008789062,2.545257568359375
657,26.28,63,704.0738525390625,305.86383056640625,810.267578125,458.40118408203125,0.3323419690132141,person,-12.24652099609375,-12.0421142578125
657,26.28,64,717.4815673828125,358.6336669921875,838.2918701171875,533.3866577148438,0.7936678528785706,motorcycle,-6.4166259765625,-5.558563232421875
657,26.28,67,704.88671875,305.4173889160156,809.4617919921875,394.6195983886719,0.5627241134643555,person,-12.27276611328125,-1.188262939453125
657,26.28,69,804.838134765625,300.89923095703125,947.903076171875,396.35601806640625,0.8288357257843018,car,-0.8905029296875,0.104248046875
658,26.32,4,93.1986083984375,489.41162109375,1278.5360107421875,715.455322265625,0.34037265181541443,car,12.059326171875,3.6075286865234375
658,26.32,46,173.0780029296875,322.05987548828125,310.1967468261719,547.7681884765625,0.8210238218307495,person,-1.6157073974609375,-1.805084228515625
658,26.32,57,0.366943359375,581.1361083984375,1271.2296142578125,717.1766357421875,0.459838330745697,car,-1.2001953125,0.4510498046875
658,26.32,58,822.1015625,300.52984619140625,949.08740234375,393.36895751953125,0.7992300987243652,car,-2.99853515625,-0.20062255859375
658,26.32,60,118.580078125,392.77923583984375,379.77789306640625,589.1614379882812,0.7583311796188354,bicycle,-5.953155517578125,1.785400390625
658,26.32,61,915.35888671875,300.1365661621094,1152.60986328125,714.2032470703125,0.4232726991176605,person,-16.802764892578125,0.47304534912109375
658,26.32,62,161.82054138183594,375.53662109375,404.7353515625,579.8863525390625,0.42353111505508423,motorcycle,-2.7886734008789062,2.545257568359375
658,26.32,63,704.0738525390625,305.86383056640625,810.267578125,458.40118408203125,0.3323419690132141,person,-12.24652099609375,-12.0421142578125
658,26.32,64,713.208740234375,358.52716064453125,831.05322265625,529.3230590820312,0.777637243270874,motorcycle,-5.7557373046875,-2.085052490234375
658,26.32,67,704.88671875,305.4173889160156,809.4617919921875,394.6195983886719,0.5627241134643555,person,-12.27276611328125,-1.188262939453125
658,26.32,69,802.416748046875,301.0633544921875,947.698486328125,396.9049072265625,0.8435469269752502,car,-1.31298828125,0.35650634765625
659,26.36,4,116.1412353515625,490.8026123046875,1279.0062255859375,715.3302001953125,0.349569708108902,car,11.7064208984375,0.6329345703125
659,26.36,46,161.64852905273438,322.0748291015625,302.7402648925781,547.2105712890625,0.7935348153114319,person,-9.442977905273438,-0.271331787109375
659,26.36,57,7.52978515625,583.0962524414062,1269.448486328125,717.3793334960938,0.48501914739608765,car,2.69085693359375,1.0814208984375
659,26.36,58,822.1015625,300.52984619140625,949.08740234375,393.36895751953125,0.7992300987243652,car,-2.99853515625,-0.20062255859375
659,26.36,60,114.44268798828125,392.33746337890625,375.75823974609375,593.2971801757812,0.8091341853141785,bicycle,-4.078521728515625,1.84698486328125
659,26.36,61,915.35888671875,300.1365661621094,1152.60986328125,714.2032470703125,0.4232726991176605,person,-16.802764892578125,0.47304534912109375
659,26.36,62,161.82054138183594,375.53662109375,404.7353515625,579.8863525390625,0.42353111505508423,motorcycle,-2.7886734008789062,2.545257568359375
659,26.36,63,689.2066650390625,306.460693359375,790.4932861328125,437.74554443359375,0.32342854142189026,person,-5.773579915364583,-3.3431294759114585
659,26.36,64,703.2408447265625,356.78802490234375,823.2630615234375,525.5073852539062,0.7163730263710022,motorcycle,-8.8790283203125,-2.77740478515625
659,26.36,67,689.378173828125,304.4322509765625,788.9609375,393.92364501953125,0.32400181889533997,person,-6.001566569010417,-0.280181884765625
659,26.36,69,800.2344970703125,300.9554443359375,947.7677001953125,396.86083984375,0.8271782994270325,car,-1.0565185546875,-0.07598876953125
660,26.4,4,116.1412353515625,490.8026123046875,1279.0062255859375,715.3302001953125,0.349569708108902,car,11.7064208984375,0.6329345703125
660,26.4,46,155.1536865234375,325.937255859375,294.1395568847656,548.5416870117188,0.7882351279258728,person,-7.5477752685546875,2.596771240234375
660,26.4,57,28.7696533203125,581.24365234375,1276.2940673828125,717.091796875,0.41319629549980164,car,14.042724609375,-1.070068359375
660,26.4,58,822.1015625,300.52984619140625,949.08740234375,393.36895751953125,0.7992300987243652,car,-2.99853515625,-0.20062255859375
660,26.4,60,104.36407470703125,390.8487854003906,371.88006591796875,596.8839111328125,0.8095741271972656,bicycle,-6.9783935546875,1.0490264892578125
660,26.4,61,915.35888671875,300.1365661621094,1152.60986328125,714.2032470703125,0.4232726991176605,person,-16.802764892578125,0.47304534912109375
660,26.4,62,161.82054138183594,375.53662109375,404.7353515625,579.8863525390625,0.42353111505508423,motorcycle,-2.7886734008789062,2.545257568359375
660,26.4,63,689.2066650390625,306.460693359375,790.4932861328125,437.74554443359375,0.32342854142189026,person,-5.773579915364583,-3.3431294759114585
660,26.4,64,701.6168212890625,364.33636474609375,813.8565673828125,519.2271118164062,0.7033089399337769,motorcycle,-5.5152587890625,0.634033203125
660,26.4,67,685.011474609375,308.242919921875,785.32080078125,391.13525390625,0.48646894097328186,person,-4.00341796875,0.511138916015625
660,26.4,69,798.207275390625,300.7896728515625,947.87548828125,397.10919189453125,0.8171619772911072,car,-0.959716796875,0.041290283203125
661,26.44,4,23.8582763671875,511.481689453125,1278.4473876953125,715.923583984375,0.37554121017456055,car,-23.21044921875,5.318115234375
661,26.44,46,153.63192749023438,323.37066650390625,291.5558776855469,545.6616821289062,0.7671343684196472,person,-2.0527191162109375,-2.723297119140625
661,26.44,57,22.974365234375,582.2928466796875,1272.78076171875,717.39111328125,0.41382262110710144,car,-4.654296875,0.67425537109375
661,26.44,58,822.1015625,300.52984619140625,949.08740234375,393.36895751953125,0.7992300987243652,car,-2.99853515625,-0.20062255859375
661,26.44,60,100.37469482421875,388.1815185546875,366.25299072265625,603.0518798828125,0.7740894556045532,bicycle,-4.8082275390625,1.7503509521484375
661,26.44,61,915.35888671875,300.1365661621094,1152.60986328125,714.2032470703125,0.4232726991176605,person,-16.802764892578125,0.47304534912109375
661,26.44,62,161.82054138183594,375.53662109375,404.7353515625,579.8863525390625,0.42353111505508423,motorcycle,-2.7886734008789062,2.545257568359375
661,26.44,63,689.2066650390625,306.460693359375,790.4932861328125,437.74554443359375,0.32342854142189026,person,-5.773579915364583,-3.3431294759114585
661,26.44,64,695.290283203125,362.000732421875,806.26123046875,516.420166015625,0.6780511140823364,motorcycle,-6.9609375,-2.5712890625
661,26.44,67,685.011474609375,308.242919921875,785.32080078125,391.13525390625,0.48646894097328186,person,-4.00341796875,0.511138916015625
661,26.44,69,798.0963745117188,300.33740234375,948.1128540039062,397.2388916015625,0.8328547477722168,car,0.063232421875,-0.161285400390625
662,26.48,4,85.727783203125,494.2005615234375,1279.251708984375,715.2005615234375,0.35261476039886475,car,31.3369140625,-9.0020751953125
662,26.48,46,148.05206298828125,321.76812744140625,287.18536376953125,550.4989624023438,0.7393456101417542,person,-4.975189208984375,1.61737060546875
662,26.48,57,18.4912109375,584.5126342773438,1271.94580078125,717.7227172851562,0.4092521369457245,car,-2.6590576171875,1.27569580078125
662,26.48,58,822.1015625,300.52984619140625,949.08740234375,393.36895751953125,0.7992300987243652,car,-2.99853515625,-0.20062255859375
662,26.48,60,90.99966430664062,385.00927734375,361.8942565917969,606.5108642578125,0.7776336669921875,bicycle,-6.86688232421875,0.14337158203125
662,26.48,61,915.35888671875,300.1365661621094,1152.60986328125,714.2032470703125,0.4232726991176605,person,-16.802764892578125,0.47304534912109375
662,26.48,62,161.82054138183594,375.53662109375,404.7353515625,579.8863525390625,0.42353111505508423,motorcycle,-2.7886734008789062,2.545257568359375
662,26.48,63,689.2066650390625,306.460693359375,790.4932861328125,437.74554443359375,0.32342854142189026,person,-5.773579915364583,-3.3431294759114585
662,26.48,64,689.2481079101562,358.4918212890625,798.7175903320312,510.7410888671875,0.7446010112762451,motorcycle,-6.79290771484375,-4.593994140625
662,26.48,67,676.8291015625,306.03973388671875,773.872314453125,391.11175537109375,0.38155776262283325,person,-4.90771484375,-0.556671142578125
662,26.48,69,797.301025390625,300.66339111328125,947.8193359375,397.77752685546875,0.8421989679336548,car,-0.54443359375,0.43231201171875
663,26.52,4,81.212646484375,493.7593994140625,1279.51123046875,715.1737060546875,0.3391920328140259,car,-2.1278076171875,-0.2340087890625
663,26.52,46,137.9287109375,319.1898193359375,271.4949951171875,562.843994140625,0.7317546010017395,person,-12.9068603515625,4.88336181640625
663,26.52,57,34.86083984375,586.7197265625,1274.17529296875,717.856689453125,0.36595219373703003,car,9.299560546875,1.1705322265625
663,26.52,58,822.1015625,300.52984619140625,949.08740234375,393.36895751953125,0.7992300987243652,car,-2.99853515625,-0.20062255859375
663,26.52,60,84.86981201171875,380.4425048828125,357.69622802734375,610.8782958984375,0.8166812062263489,bicycle,-5.1639404296875,-0.09967041015625
663,26.52,61,915.35888671875,300.1365661621094,1152.60986328125,714.2032470703125,0.4232726991176605,person,-16.802764892578125,0.47304534912109375
663,26.52,62,161.82054138183594,375.53662109375,404.7353515625,579.8863525390625,0.42353111505508423,motorcycle,-2.7886734008789062,2.545257568359375
663,26.52,63,689.2066650390625,306.460693359375,790.4932861328125,437.74554443359375,0.32342854142189026,person,-5.773579915364583,-3.3431294759114585
663,26.52,64,685.3272705078125,360.72412109375,792.0086669921875,508.0721435546875,0.838424801826477,motorcycle,-5.31488037109375,-0.21832275390625
663,26.52,67,670.6357421875,306.9934387207031,768.476806640625,386.8753356933594,0.6152001023292542,person,-5.79443359375,-1.641357421875
663,26.52,69,796.3605346679688,300.4805908203125,947.8391723632812,397.838134765625,0.8595975637435913,car,-0.4603271484375,-0.06109619140625
664,26.56,4,83.227294921875,497.5404052734375,1279.3223876953125,714.876220703125,0.3989059031009674,car,0.91290283203125,1.74176025390625
664,26.56,46,130.81613159179688,317.9036865234375,272.4338073730469,562.2197265625,0.7584022283554077,person,-3.086883544921875,-0.9552001953125
664,26.56,57,26.8243408203125,587.1334228515625,1273.8935546875,717.5943603515625,0.4028838872909546,car,-4.15911865234375,0.07568359375
664,26.56,58,822.1015625,300.52984619140625,949.08740234375,393.36895751953125,0.7992300987243652,car,-2.99853515625,-0.20062255859375
664,26.56,60,80.6842041015625,387.7861328125,355.13336181640625,608.375244140625,0.7694740891456604,bicycle,-3.374237060546875,2.4202880859375
664,26.56,61,915.35888671875,300.1365661621094,1152.60986328125,714.2032470703125,0.4232726991176605,person,-16.802764892578125,0.47304534912109375
664,26.56,62,161.82054138183594,375.53662109375,404.7353515625,579.8863525390625,0.42353111505508423,motorcycle,-2.7886734008789062,2.545257568359375
664,26.56,63,669.0286254882812,306.0706787109375,770.4855346679688,408.6904296875,0.33868566155433655,person,-4.0185791015625,-2.944512939453125
664,26.56,64,681.534423828125,361.617919921875,783.4383544921875,502.92681884765625,0.7785764336585999,motorcycle,-6.18157958984375,-2.125762939453125
664,26.56,67,665.5682373046875,306.609130859375,760.9989013671875,387.8372802734375,0.6220541596412659,person,-6.272705078125,0.288818359375
664,26.56,69,795.54296875,300.62677001953125,947.75,398.24786376953125,0.8816189765930176,car,-0.453369140625,0.2779541015625
665,26.6,4,41.860595703125,504.28570556640625,1278.41796875,715.2140502929688,0.31845948100090027,car,-21.13555908203125,3.54156494140625
665,26.6,46,122.45650482177734,318.7677001953125,255.23294067382812,569.7783813476562,0.7493281960487366,person,-12.78024673461914,4.211334228515625
665,26.6,57,11.1273193359375,583.782470703125,1275.753662109375,717.059814453125,0.36555197834968567,car,-6.91845703125,-1.9427490234375
665,26.6,58,822.1015625,300.52984619140625,949.08740234375,393.36895751953125,0.7992300987243652,car,-2.99853515625,-0.20062255859375
665,26.6,60,71.50634765625,384.5144958496094,350.5738830566406,610.4366455078125,0.8216233253479004,bicycle,-6.8686676025390625,-0.6051177978515625
665,26.6,61,915.35888671875,300.1365661621094,1152.60986328125,714.2032470703125,0.4232726991176605,person,-16.802764892578125,0.47304534912109375
665,26.6,62,161.82054138183594,375.53662109375,404.7353515625,579.8863525390625,0.42353111505508423,motorcycle,-2.7886734008789062,2.545257568359375
665,26.6,63,669.0286254882812,306.0706787109375,770.4855346679688,408.6904296875,0.33868566155433655,person,-4.0185791015625,-2.944512939453125
665,26.6,64,675.0851440429688,361.92724609375,774.5704956054688,499.966796875,0.7790694236755371,motorcycle,-7.6585693359375,-1.325347900390625
665,26.6,67,660.416259765625,305.94525146484375,754.896484375,389.91546630859375,0.5925289392471313,person,-5.627197265625,0.7071533203125
665,26.6,69,794.7305908203125,300.5721435546875,947.5697021484375,398.1968994140625,0.8794607520103455,car,-0.496337890625,-0.05279541015625
666,26.64,4,41.860595703125,504.28570556640625,1278.41796875,715.2140502929688,0.31845948100090027,car,-21.13555908203125,3.54156494140625
666,26.64,46,113.07814025878906,315.525390625,247.7967071533203,581.8123168945312,0.8087411522865295,person,-8.407299041748047,4.39581298828125
666,26.64,57,25.5479736328125,582.9935302734375,1276.45458984375,716.8846435546875,0.3599400222301483,car,7.560791015625,-0.4820556640625
666,26.64,58,822.1015625,300.52984619140625,949.08740234375,393.36895751953125,0.7992300987243652,car,-2.99853515625,-0.20062255859375
666,26.64,60,65.90179443359375,386.8007507324219,346.01995849609375,612.0380859375,0.786832869052887,bicycle,-5.0792388916015625,1.94384765625
666,26.64,61,915.35888671875,300.1365661621094,1152.60986328125,714.2032470703125,0.4232726991176605,person,-16.802764892578125,0.47304534912109375
666,26.64,62,161.82054138183594,375.53662109375,404.7353515625,579.8863525390625,0.42353111505508423,motorcycle,-2.7886734008789062,2.545257568359375
666,26.64,63,669.0286254882812,306.0706787109375,770.4855346679688,408.6904296875,0.33868566155433655,person,-4.0185791015625,-2.944512939453125
666,26.64,64,670.2960815429688,357.78900146484375,768.3352661132812,497.6767578125,0.7662185430526733,motorcycle,-5.51214599609375,-3.214141845703125
666,26.64,67,655.3837890625,302.6591796875,747.2410888671875,387.3665771484375,0.6010629534721375,person,-6.34393310546875,-2.91748046875
666,26.64,69,794.1930541992188,300.091552734375,947.5269165039062,398.38116455078125,0.8802735209465027,car,-0.2901611328125,-0.148162841796875
667,26.68,4,41.860595703125,504.28570556640625,1278.41796875,715.2140502929688,0.31845948100090027,car,-21.13555908203125,3.54156494140625
667,26.68,46,106.68243408203125,315.70721435546875,253.46499633789062,582.4760131835938,0.7805085778236389,person,-0.36370849609375,0.422760009765625
667,26.68,57,33.650390625,583.1646728515625,1276.509033203125,717.1783447265625,0.4048590660095215,car,4.07843017578125,0.232421875
667,26.68,58,822.1015625,300.52984619140625,949.08740234375,393.36895751953125,0.7992300987243652,car,-2.99853515625,-0.20062255859375
667,26.68,60,57.935028076171875,393.08709716796875,340.3901062011719,615.2699584960938,0.7904310822486877,bicycle,-6.798309326171875,4.7591094970703125
667,26.68,61,915.35888671875,300.1365661621094,1152.60986328125,714.2032470703125,0.4232726991176605,person,-16.802764892578125,0.47304534912109375
667,26.68,62,161.82054138183594,375.53662109375,404.7353515625,579.8863525390625,0.42353111505508423,motorcycle,-2.7886734008789062,2.545257568359375
667,26.68,63,651.2491455078125,305.0556640625,745.4010009765625,443.00732421875,0.5413680672645569,person,-7.144002278645833,5.550313313802083
667,26.68,64,663.7279052734375,354.15325927734375,761.4268798828125,493.96630859375,0.7865554094314575,motorcycle,-6.73828125,-3.673095703125
667,26.68,67,651.474365234375,302.5028076171875,746.35498046875,399.7796630859375,0.35279136896133423,person,-2.39776611328125,6.12835693359375
667,26.68,69,793.440673828125,299.5514221191406,947.3485107421875,398.4811096191406,0.8774668574333191,car,-0.46539306640625,-0.2200927734375
668,26.72,4,41.860595703125,504.28570556640625,1278.41796875,715.2140502929688,0.31845948100090027,car,-21.13555908203125,3.54156494140625
668,26.72,46,101.02462768554688,315.376220703125,248.74530029296875,579.7255859375,0.783317506313324,person,-5.188751220703125,-1.54071044921875
668,26.72,57,28.2171630859375,584.0744018554688,1276.6846923828125,717.0975952148438,0.4731239676475525,car,-2.6287841796875,0.41448974609375
668,26.72,58,822.1015625,300.52984619140625,949.08740234375,393.36895751953125,0.7992300987243652,car,-2.99853515625,-0.20062255859375
668,26.72,60,50.67633056640625,392.44512939453125,336.4351806640625,616.0902709960938,0.8368480205535889,bicycle,-5.6068115234375,0.08917236328125
668,26.72,61,915.35888671875,300.1365661621094,1152.60986328125,714.2032470703125,0.4232726991176605,person,-16.802764892578125,0.47304534912109375
668,26.72,62,161.82054138183594,375.53662109375,404.7353515625,579.8863525390625,0.42353111505508423,motorcycle,-2.7886734008789062,2.545257568359375
668,26.72,63,646.0777587890625,303.3603515625,741.1337890625,436.5970458984375,0.5233946442604065,person,-4.71929931640625,-4.05279541015625
668,26.72,64,655.802001953125,354.5640869140625,753.76123046875,489.4171142578125,0.6545317769050598,motorcycle,-7.7957763671875,-2.069183349609375
668,26.72,67,651.474365234375,302.5028076171875,746.35498046875,399.7796630859375,0.35279136896133423,person,-2.39776611328125,6.12835693359375
668,26.72,69,792.023681640625,299.2640380859375,947.095703125,398.6568603515625,0.8779626488685608,car,-0.83489990234375,-0.055816650390625
669,26.76,4,41.860595703125,504.28570556640625,1278.41796875,715.2140502929688,0.31845948100090027,car,-21.13555908203125,3.54156494140625
669,26.76,46,101.07925415039062,314.8319091796875,248.82528686523438,579.5614624023438,0.7783623337745667,person,0.0673065185546875,-0.354217529296875
669,26.76,57,28.358642578125,584.14404296875,1277.453857421875,717.343505859375,0.454266220331192,car,0.455322265625,0.15777587890625
669,26.76,58,822.1015625,300.52984619140625,949.08740234375,393.36895751953125,0.7992300987243652,car,-2.99853515625,-0.20062255859375
669,26.76,60,50.524383544921875,392.1798095703125,336.3932800292969,615.83544921875,0.8342873454093933,bicycle,-0.096923828125,-0.26007080078125
669,26.76,61,915.35888671875,300.1365661621094,1152.60986328125,714.2032470703125,0.4232726991176605,person,-16.802764892578125,0.47304534912109375
669,26.76,62,161.82054138183594,375.53662109375,404.7353515625,579.8863525390625,0.42353111505508423,motorcycle,-2.7886734008789062,2.545257568359375
669,26.76,63,646.6539306640625,305.59405517578125,740.6722412109375,437.334228515625,0.5521916747093201,person,0.05731201171875,1.485443115234375
669,26.76,64,655.8148193359375,355.07623291015625,753.8787841796875,489.42913818359375,0.656014084815979,motorcycle,0.065185546875,0.2620849609375
669,26.76,67,647.8343505859375,305.6898193359375,737.1275634765625,394.9884033203125,0.30828389525413513,person,-3.21685791015625,-0.40106201171875
669,26.76,69,792.0955810546875,299.3220520019531,947.1304931640625,398.7781066894531,0.8756148219108582,car,0.0533447265625,0.089630126953125
670,26.8,4,82.806396484375,499.59515380859375,1279.17138671875,714.1499633789062,0.3405359089374542,car,4.169921875,-0.5754638671875
670,26.8,46,86.61398315429688,317.8494873046875,223.13949584960938,583.4321899414062,0.8059279918670654,person,-20.075531005859375,3.44415283203125
670,26.8,57,18.977783203125,580.8953857421875,1276.044189453125,716.8397216796875,0.37837451696395874,car,-5.395263671875,-1.876220703125
670,26.8,58,822.1015625,300.52984619140625,949.08740234375,393.36895751953125,0.7992300987243652,car,-2.99853515625,-0.20062255859375
670,26.8,60,35.22857666015625,387.3517150878906,324.78515625,622.7279052734375,0.7921555638313293,bicycle,-13.45196533203125,1.0321807861328125
670,26.8,61,915.35888671875,300.1365661621094,1152.60986328125,714.2032470703125,0.4232726991176605,person,-16.802764892578125,0.47304534912109375
670,26.8,62,161.82054138183594,375.53662109375,404.7353515625,579.8863525390625,0.42353111505508423,motorcycle,-2.7886734008789062,2.545257568359375
670,26.8,63,645.6533203125,310.32958984375,729.5654296875,425.20611572265625,0.4812575578689575,person,-6.0537109375,-3.6962890625
670,26.8,64,651.773681640625,356.5928039550781,739.9244384765625,482.0603332519531,0.7116259336471558,motorcycle,-8.99774169921875,-2.926116943359375
670,26.8,67,644.726806640625,309.78582763671875,728.262939453125,389.72442626953125,0.34395653009414673,person,-5.986083984375,-0.583984375
670,26.8,69,790.7601318359375,299.5576477050781,946.8800048828125,399.3623352050781,0.8817713260650635,car,-0.79296875,0.409912109375
671,26.84,4,82.806396484375,499.59515380859375,1279.17138671875,714.1499633789062,0.3405359089374542,car,4.169921875,-0.5754638671875
671,26.84,46,80.50890350341797,319.07049560546875,225.1728515625,573.6234130859375,0.8155022263526917,person,-2.0358619689941406,-4.29388427734375
671,26.84,57,19.761962890625,582.8096923828125,1275.179931640625,716.84912109375,0.43229979276657104,car,-0.0400390625,0.96185302734375
671,26.84,58,822.1015625,300.52984619140625,949.08740234375,393.36895751953125,0.7992300987243652,car,-2.99853515625,-0.20062255859375
671,26.84,60,24.098663330078125,391.8407897949219,319.8240661621094,625.7177734375,0.8148534297943115,bicycle,-8.045501708984375,3.739471435546875
671,26.84,62,161.82054138183594,375.53662109375,404.7353515625,579.8863525390625,0.42353111505508423,motorcycle,-2.7886734008789062,2.545257568359375
671,26.84,63,635.478759765625,309.1217041015625,724.6328125,430.646484375,0.5023197531700134,person,-7.5535888671875,2.116241455078125
671,26.84,64,648.024169921875,358.6160888671875,732.272216796875,477.96356201171875,0.6432108283042908,motorcycle,-5.70086669921875,-1.0367431640625
671,26.84,67,634.40283203125,309.77764892578125,724.8509521484375,395.4931640625,0.3302614092826843,person,-6.86798095703125,2.880279541015625
671,26.84,69,790.486083984375,299.52288818359375,946.81689453125,399.3861083984375,0.8834547400474548,car,-0.1685791015625,-0.0054931640625
672,26.88,4,49.20458984375,517.26025390625,1278.1683349609375,714.1641845703125,0.3399340510368347,car,-8.651214599609375,4.419830322265625
672,26.88,46,73.04190063476562,319.70892333984375,222.012939453125,582.0535888671875,0.7895002365112305,person,-5.313457489013672,4.5343017578125
672,26.88,57,13.420654296875,583.699951171875,1275.884521484375,717.08447265625,0.5108633041381836,car,-2.818359375,0.56280517578125
672,26.88,58,822.1015625,300.52984619140625,949.08740234375,393.36895751953125,0.7992300987243652,car,-2.99853515625,-0.20062255859375
672,26.88,60,19.06634521484375,393.7325439453125,316.226318359375,626.12158203125,0.8258511424064636,bicycle,-4.315032958984375,1.1477813720703125
672,26.88,62,161.82054138183594,375.53662109375,404.7353515625,579.8863525390625,0.42353111505508423,motorcycle,-2.7886734008789062,2.545257568359375
672,26.88,63,630.8533935546875,307.9266357421875,719.8380126953125,431.3355712890625,0.47833701968193054,person,-4.7100830078125,-0.25299072265625
672,26.88,64,639.53271484375,354.04400634765625,727.890380859375,475.36968994140625,0.6652146577835083,motorcycle,-6.4366455078125,-3.582977294921875
672,26.88,67,636.009521484375,308.6200256347656,717.507568359375,401.7959899902344,0.319015771150589,person,-2.86834716796875,2.572601318359375
672,26.88,69,789.9371337890625,299.4017333984375,946.8282470703125,399.7889404296875,0.8854691386222839,car,-0.268798828125,0.140838623046875
673,26.92,4,69.195556640625,506.49853515625,1277.588623046875,713.3809814453125,0.4095921516418457,car,9.70562744140625,-5.7724609375
673,26.92,46,62.25225830078125,318.6690673828125,216.9183349609375,581.7449951171875,0.8006436824798584,person,-7.9421234130859375,-0.674224853515625
673,26.92,57,5.7657470703125,586.59423828125,1274.874267578125,716.5693359375,0.5032121539115906,car,-4.33258056640625,1.1895751953125
673,26.92,58,822.1015625,300.52984619140625,949.08740234375,393.36895751953125,0.7992300987243652,car,-2.99853515625,-0.20062255859375
673,26.92,60,13.05877685546875,395.98968505859375,311.07965087890625,628.6934204101562,0.8199727535247803,bicycle,-5.577117919921875,2.41448974609375
673,26.92,62,161.82054138183594,375.53662109375,404.7353515625,579.8863525390625,0.42353111505508423,motorcycle,-2.7886734008789062,2.545257568359375
673,26.92,63,630.8533935546875,307.9266357421875,719.8380126953125,431.3355712890625,0.47833701968193054,person,-4.7100830078125,-0.25299072265625
673,26.92,64,634.406005859375,352.9057922363281,717.162841796875,470.7125549316406,0.5520965456962585,motorcycle,-7.9271240234375,-2.897674560546875
673,26.92,67,625.117919921875,310.18182373046875,713.73828125,407.26483154296875,0.33557403087615967,person,-7.3304443359375,3.51531982421875
673,26.92,69,789.6170654296875,299.1614074707031,947.2261962890625,400.0702209472656,0.8882953524589539,car,0.0389404296875,0.020477294921875
674,26.96,4,11.0909423828125,529.9495849609375,1279.2861328125,714.2152099609375,0.45940959453582764,car,-28.20355224609375,12.14263916015625
674,26.96,46,49.40803527832031,317.50091552734375,215.12876892089844,586.62451171875,0.7785031199455261,person,-7.31689453125,1.855682373046875
674,26.96,57,1.9453125,583.4178466796875,1272.66259765625,716.4552001953125,0.47990500926971436,car,-3.01605224609375,-1.645263671875
674,26.96,58,822.1015625,300.52984619140625,949.08740234375,393.36895751953125,0.7992300987243652,car,-2.99853515625,-0.20062255859375
674,26.96,60,7.0511474609375,395.71038818359375,305.71649169921875,608.7295532226562,0.6723596453666687,bicycle,-5.685394287109375,-10.12158203125
674,26.96,62,161.82054138183594,375.53662109375,404.7353515625,579.8863525390625,0.42353111505508423,motorcycle,-2.7886734008789062,2.545257568359375
674,26.96,63,630.8533935546875,307.9266357421875,719.8380126953125,431.3355712890625,0.47833701968193054,person,-4.7100830078125,-0.25299072265625
674,26.96,64,627.9462890625,342.63519287109375,713.207763671875,468.69122314453125,0.6651886701583862,motorcycle,-5.2073974609375,-6.145965576171875
674,26.96,67,627.2094116210938,310.98211669921875,706.4736938476562,411.05712890625,0.41342446208000183,person,-2.5865478515625,2.296295166015625
674,26.96,69,789.1079711914062,298.90802001953125,947.3547973632812,400.22406005859375,0.892726480960846,car,-0.19024658203125,-0.049774169921875
675,27.0,4,74.505126953125,507.37652587890625,1278.65625,713.5753784179688,0.39157652854919434,car,31.39215087890625,-11.6064453125
675,27.0,46,42.919708251953125,316.265380859375,212.8916778564453,587.7564697265625,0.8200731873512268,person,-4.362709045410156,-0.051788330078125
675,27.0,57,2.900634765625,586.2540283203125,1274.670654296875,716.6260986328125,0.4870629906654358,car,1.481689453125,1.5035400390625
675,27.0,58,822.1015625,300.52984619140625,949.08740234375,393.36895751953125,0.7992300987243652,car,-2.99853515625,-0.20062255859375
675,27.0,60,0.166107177734375,399.1131591796875,302.6064147949219,618.6895751953125,0.7867356538772583,bicycle,-4.99755859375,6.681396484375
675,27.0,62,161.82054138183594,375.53662109375,404.7353515625,579.8863525390625,0.42353111505508423,motorcycle,-2.7886734008789062,2.545257568359375
675,27.0,63,630.8533935546875,307.9266357421875,719.8380126953125,431.3355712890625,0.47833701968193054,person,-4.7100830078125,-0.25299072265625
675,27.0,64,617.70703125,325.72442626953125,709.2347412109375,465.53277587890625,0.5961552858352661,motorcycle,-7.10614013671875,-10.03460693359375
675,27.0,67,627.2094116210938,310.98211669921875,706.4736938476562,411.05712890625,0.41342446208000183,person,-2.5865478515625,2.296295166015625
675,27.0,69,788.9215087890625,298.6046142578125,947.5875244140625,400.6165771484375,0.8922690153121948,car,0.02313232421875,0.0445556640625
676,27.04,4,80.203857421875,500.81524658203125,1279.188720703125,712.9829711914062,0.39864519238471985,car,3.1156005859375,-3.57684326171875
676,27.04,46,39.83018493652344,319.13153076171875,201.3955078125,590.6424560546875,0.8315800428390503,person,-7.2928466796875,2.876068115234375
676,27.04,57,3.5029296875,586.549560546875,1274.546630859375,716.051513671875,0.5070600509643555,car,0.2391357421875,-0.1395263671875
676,27.04,58,822.1015625,300.52984619140625,949.08740234375,393.36895751953125,0.7992300987243652,car,-2.99853515625,-0.20062255859375
676,27.04,60,2.298004150390625,402.0064392089844,297.0782165527344,616.5950927734375,0.7828097343444824,bicycle,-1.698150634765625,0.3993988037109375
676,27.04,62,161.82054138183594,375.53662109375,404.7353515625,579.8863525390625,0.42353111505508423,motorcycle,-2.7886734008789062,2.545257568359375
676,27.04,63,614.5245361328125,306.91693115234375,696.0174560546875,389.62493896484375,0.3564443290233612,person,-5.0186767578125,-5.3400421142578125
676,27.04,64,614.9415283203125,341.1326904296875,700.11083984375,462.6876220703125,0.5563012361526489,motorcycle,-5.9447021484375,6.28155517578125
676,27.04,67,613.595703125,308.44171142578125,697.75341796875,427.234130859375,0.34100624918937683,person,-5.58349609375,3.409149169921875
676,27.04,69,788.890869140625,298.47613525390625,947.526611328125,401.00677490234375,0.8915655016899109,car,-0.0457763671875,0.130859375
677,27.08,4,26.513671875,528.4200439453125,1278.3878173828125,713.270263671875,0.5369840264320374,car,-27.24554443359375,13.946044921875
677,27.08,46,34.52464294433594,320.97259521484375,196.1630859375,587.586669921875,0.8074668049812317,person,-5.26898193359375,-0.60736083984375
677,27.08,57,4.138427734375,587.2218017578125,1274.02001953125,716.261474609375,0.5935699343681335,car,0.054443359375,0.44110107421875
677,27.08,58,822.1015625,300.52984619140625,949.08740234375,393.36895751953125,0.7992300987243652,car,-2.99853515625,-0.20062255859375
677,27.08,60,3.179656982421875,409.80810546875,291.20819091796875,616.818603515625,0.75581955909729,bicycle,-2.4941864013671875,4.0125885009765625
677,27.08,62,161.82054138183594,375.53662109375,404.7353515625,579.8863525390625,0.42353111505508423,motorcycle,-2.7886734008789062,2.545257568359375
677,27.08,63,614.5245361328125,306.91693115234375,696.0174560546875,389.62493896484375,0.3564443290233612,person,-5.0186767578125,-5.3400421142578125
677,27.08,64,616.5109252929688,327.7882080078125,696.1321411132812,459.4534912109375,0.5378764271736145,motorcycle,-1.20465087890625,-8.289306640625
677,27.08,67,616.3867797851562,307.00897216796875,692.5726928710938,417.40789794921875,0.30455318093299866,person,-1.19482421875,-5.629486083984375
677,27.08,69,787.5032958984375,297.42584228515625,947.7713623046875,401.33331298828125,0.8915210962295532,car,-0.5714111328125,-0.36187744140625
678,27.12,4,25.030029296875,529.934814453125,1278.64794921875,713.041015625,0.5687360763549805,car,-0.61175537109375,0.64276123046875
678,27.12,46,27.42474365234375,316.2213134765625,180.80557250976562,558.79296875,0.7260838747024536,person,-11.228706359863281,-16.772491455078125
678,27.12,57,4.149658203125,587.2247314453125,1273.232421875,715.8231201171875,0.5891520977020264,car,-0.38818359375,-0.21771240234375
678,27.12,58,822.1015625,300.52984619140625,949.08740234375,393.36895751953125,0.7992300987243652,car,-2.99853515625,-0.20062255859375
678,27.12,60,0.980072021484375,408.1272277832031,285.42364501953125,609.432373046875,0.6906096339225769,bicycle,-3.9920654296875,-4.5335540771484375
678,27.12,62,161.82054138183594,375.53662109375,404.7353515625,579.8863525390625,0.42353111505508423,motorcycle,-2.7886734008789062,2.545257568359375
678,27.12,63,614.5245361328125,306.91693115234375,696.0174560546875,389.62493896484375,0.3564443290233612,person,-5.0186767578125,-5.3400421142578125
678,27.12,64,609.105224609375,341.8452453613281,690.159912109375,456.2099304199219,0.44687506556510925,motorcycle,-6.68896484375,5.40673828125
678,27.12,67,616.3867797851562,307.00897216796875,692.5726928710938,417.40789794921875,0.30455318093299866,person,-1.19482421875,-5.629486083984375
678,27.12,69,787.2149047851562,297.28631591796875,947.7958374023438,401.41668701171875,0.8903024792671204,car,-0.1319580078125,-0.028076171875
679,27.16,4,26.668701171875,535.8826904296875,1278.611328125,713.357421875,0.5577970743179321,car,0.801025390625,3.13214111328125
679,27.16,46,23.312881469726562,314.10845947265625,174.468994140625,561.6287841796875,0.7430472373962402,person,-5.224220275878906,0.361480712890625
679,27.16,57,7.22412109375,588.2464599609375,1273.59423828125,716.3074951171875,0.6290877461433411,car,1.7181396484375,0.7530517578125
679,27.16,58,822.1015625,300.52984619140625,949.08740234375,393.36895751953125,0.7992300987243652,car,-2.99853515625,-0.20062255859375
679,27.16,60,1.45562744140625,405.3212890625,280.11468505859375,613.069091796875,0.6632928848266602,bicycle,-2.4167022705078125,0.4153900146484375
679,27.16,62,161.82054138183594,375.53662109375,404.7353515625,579.8863525390625,0.42353111505508423,motorcycle,-2.7886734008789062,2.545257568359375
679,27.16,63,614.5245361328125,306.91693115234375,696.0174560546875,389.62493896484375,0.3564443290233612,person,-5.0186767578125,-5.3400421142578125
679,27.16,64,604.759033203125,328.09423828125,683.4072265625,452.8680419921875,0.49787771701812744,motorcycle,-5.5494384765625,-8.54644775390625
679,27.16,67,603.3316650390625,314.6221923828125,682.4503173828125,451.34698486328125,0.319745272397995,person,-5.79437255859375,10.388076782226562
679,27.16,69,786.9765625,297.3709716796875,948.1103515625,401.63885498046875,0.8900486826896667,car,0.0380859375,0.153411865234375
680,27.2,4,112.869384765625,518.6006469726562,1279.392578125,713.3673706054688,0.47278332710266113,car,43.490966796875,-8.63604736328125
680,27.2,46,14.876708984375,315.21246337890625,178.30299377441406,562.4837036132812,0.7503042221069336,person,-2.30108642578125,0.979461669921875
680,27.2,57,7.297119140625,589.16162109375,1273.787109375,716.2802734375,0.6525307893753052,car,0.1329345703125,0.4439697265625
680,27.2,58,822.1015625,300.52984619140625,949.08740234375,393.36895751953125,0.7992300987243652,car,-2.99853515625,-0.20062255859375
680,27.2,60,0.23321533203125,409.14788818359375,273.996337890625,617.0154418945312,0.7844473123550415,bicycle,-3.670379638671875,3.886474609375
680,27.2,62,161.82054138183594,375.53662109375,404.7353515625,579.8863525390625,0.42353111505508423,motorcycle,-2.7886734008789062,2.545257568359375
680,27.2,63,614.5245361328125,306.91693115234375,696.0174560546875,389.62493896484375,0.3564443290233612,person,-5.0186767578125,-5.3400421142578125
680,27.2,64,598.8587036132812,339.14801025390625,679.7111206054688,450.70953369140625,0.5660607814788818,motorcycle,-4.7982177734375,4.4476318359375
680,27.2,67,603.3316650390625,314.6221923828125,682.4503173828125,451.34698486328125,0.319745272397995,person,-5.79437255859375,10.388076782226562
680,27.2,69,786.4381103515625,297.4180908203125,948.382568359375,402.0579833984375,0.8906418085098267,car,-0.13311767578125,0.233123779296875
681,27.24,4,20.991455078125,535.1036376953125,1278.8525390625,713.5028076171875,0.5641990900039673,car,-46.208984375,8.3192138671875
681,27.24,46,5.51043701171875,314.07550048828125,169.8961181640625,555.677001953125,0.7949825525283813,person,-8.886573791503906,-3.971832275390625
681,27.24,57,12.7021484375,587.816162109375,1275.74462890625,716.06640625,0.6200989484786987,car,3.6812744140625,-0.7796630859375
681,27.24,58,822.1015625,300.52984619140625,949.08740234375,393.36895751953125,0.7992300987243652,car,-2.99853515625,-0.20062255859375
681,27.24,60,0.0,406.0044860839844,269.5699768066406,626.2467041015625,0.7545426487922668,bicycle,-2.3297882080078125,3.0439300537109375
681,27.24,62,161.82054138183594,375.53662109375,404.7353515625,579.8863525390625,0.42353111505508423,motorcycle,-2.7886734008789062,2.545257568359375
681,27.24,63,614.5245361328125,306.91693115234375,696.0174560546875,389.62493896484375,0.3564443290233612,person,-5.0186767578125,-5.3400421142578125
681,27.24,64,599.636962890625,333.49481201171875,674.576904296875,448.18756103515625,0.5861552953720093,motorcycle,-2.177978515625,-4.08758544921875
681,27.24,67,603.3316650390625,314.6221923828125,682.4503173828125,451.34698486328125,0.319745272397995,person,-5.79437255859375,10.388076782226562
681,27.24,69,785.459716796875,298.09295654296875,948.84765625,402.57366943359375,0.8910378217697144,car,-0.25665283203125,0.59527587890625
682,27.28,4,84.440673828125,525.9978637695312,1279.111083984375,713.1577758789062,0.36616554856300354,car,31.8538818359375,-4.72540283203125
682,27.28,46,0.048492431640625,312.88092041015625,162.05941772460938,558.4235229492188,0.7824094891548157,person,-6.649322509765625,0.775970458984375
682,27.28,57,7.2041015625,589.4420166015625,1275.2626953125,716.1495361328125,0.5803571939468384,car,-2.989990234375,0.8544921875
682,27.28,58,822.1015625,300.52984619140625,949.08740234375,393.36895751953125,0.7992300987243652,car,-2.99853515625,-0.20062255859375
682,27.28,60,0.0,405.5652770996094,264.5937194824219,623.0242919921875,0.5999908447265625,bicycle,-2.488128662109375,-1.830810546875
682,27.28,62,161.82054138183594,375.53662109375,404.7353515625,579.8863525390625,0.42353111505508423,motorcycle,-2.7886734008789062,2.545257568359375
682,27.28,63,614.5245361328125,306.91693115234375,696.0174560546875,389.62493896484375,0.3564443290233612,person,-5.0186767578125,-5.3400421142578125
682,27.28,64,596.7064208984375,335.2729187011719,667.2933349609375,445.7721252441406,0.566946268081665,motorcycle,-5.1070556640625,-0.31866455078125
682,27.28,67,603.3316650390625,314.6221923828125,682.4503173828125,451.34698486328125,0.319745272397995,person,-5.79437255859375,10.388076782226562
682,27.28,69,785.1746826171875,297.35992431640625,949.2686767578125,403.31207275390625,0.8857843279838562,car,0.0679931640625,0.002685546875
683,27.32,4,80.9188232421875,532.9642333984375,1279.141357421875,712.9617919921875,0.32154279947280884,car,-1.74578857421875,3.38519287109375
683,27.32,46,0.0074920654296875,319.05401611328125,158.69313049316406,573.0286254882812,0.7697535157203674,person,-1.703643798828125,10.38909912109375
683,27.32,57,9.6251220703125,590.24658203125,1275.03564453125,715.8797607421875,0.5731250643730164,car,1.09698486328125,0.26739501953125
683,27.32,58,822.1015625,300.52984619140625,949.08740234375,393.36895751953125,0.7992300987243652,car,-2.99853515625,-0.20062255859375
683,27.32,60,0.40570068359375,410.3564453125,259.2641906738281,629.87744140625,0.7768564820289612,bicycle,-2.4619140625,5.8221588134765625
683,27.32,62,161.82054138183594,375.53662109375,404.7353515625,579.8863525390625,0.42353111505508423,motorcycle,-2.7886734008789062,2.545257568359375
683,27.32,63,614.5245361328125,306.91693115234375,696.0174560546875,389.62493896484375,0.3564443290233612,person,-5.0186767578125,-5.3400421142578125
683,27.32,64,587.7225341796875,335.6847229003906,665.2734375,442.0831604003906,0.6232283711433411,motorcycle,-5.50189208984375,-1.638580322265625
683,27.32,67,603.3316650390625,314.6221923828125,682.4503173828125,451.34698486328125,0.319745272397995,person,-5.79437255859375,10.388076782226562
683,27.32,69,784.76611328125,297.07275390625,949.7353515625,403.5706787109375,0.8855211138725281,car,0.029052734375,-0.0142822265625
684,27.36,4,86.3309326171875,530.5000610351562,1278.9564208984375,713.2297973632812,0.304281085729599,car,2.61358642578125,-1.09808349609375
684,27.36,46,0.134857177734375,316.28936767578125,149.34323120117188,578.3184204101562,0.6950497031211853,person,-4.61126708984375,1.2625732421875
684,27.36,57,36.754638671875,591.6834106445312,1275.415283203125,715.7633666992188,0.5846364498138428,car,13.75457763671875,0.66021728515625
684,27.36,58,822.1015625,300.52984619140625,949.08740234375,393.36895751953125,0.7992300987243652,car,-2.99853515625,-0.20062255859375
684,27.36,60,0.4012603759765625,409.935791015625,253.1248321533203,618.3092041015625,0.7365278005599976,bicycle,-3.0718994140625,-5.99444580078125
684,27.36,62,161.82054138183594,375.53662109375,404.7353515625,579.8863525390625,0.42353111505508423,motorcycle,-2.7886734008789062,2.545257568359375
684,27.36,63,614.5245361328125,306.91693115234375,696.0174560546875,389.62493896484375,0.3564443290233612,person,-5.0186767578125,-5.3400421142578125
684,27.36,64,585.513671875,337.6837158203125,659.35107421875,437.758056640625,0.5665588974952698,motorcycle,-4.06561279296875,-1.163055419921875
684,27.36,67,603.3316650390625,314.6221923828125,682.4503173828125,451.34698486328125,0.319745272397995,person,-5.79437255859375,10.388076782226562
684,27.36,69,783.835205078125,297.06085205078125,949.990966796875,403.29547119140625,0.885671079158783,car,-0.337646484375,-0.1435546875
685,27.4,4,104.6500244140625,533.8344116210938,1279.1646728515625,712.9238891601562,0.319663941860199,car,9.263671875,1.51422119140625
685,27.4,46,0.0294189453125,317.07720947265625,145.03167724609375,584.4915771484375,0.5716339945793152,person,-2.20849609375,3.480499267578125
685,27.4,57,46.460693359375,591.4853515625,1276.32470703125,715.541259765625,0.58488929271698,car,5.3077392578125,-0.2100830078125
685,27.4,58,822.1015625,300.52984619140625,949.08740234375,393.36895751953125,0.7992300987243652,car,-2.99853515625,-0.20062255859375
685,27.4,60,0.5844879150390625,412.8587646484375,247.32098388671875,616.893798828125,0.6295464038848877,bicycle,-2.8103103637695312,0.7537841796875
685,27.4,62,161.82054138183594,375.53662109375,404.7353515625,579.8863525390625,0.42353111505508423,motorcycle,-2.7886734008789062,2.545257568359375
685,27.4,63,614.5245361328125,306.91693115234375,696.0174560546875,389.62493896484375,0.3564443290233612,person,-5.0186767578125,-5.3400421142578125
685,27.4,64,584.3065185546875,332.3977355957031,653.0924072265625,436.5541076660156,0.5541218519210815,motorcycle,-3.73291015625,-3.244964599609375
685,27.4,67,603.3316650390625,314.6221923828125,682.4503173828125,451.34698486328125,0.319745272397995,person,-5.79437255859375,10.388076782226562
685,27.4,69,783.542236328125,296.59033203125,949.771484375,403.962158203125,0.8859190344810486,car,-0.2562255859375,0.09808349609375
685,27.4,70,0.136474609375,410.1907653808594,246.91448974609375,708.6419677734375,0.3471466898918152,bicycle,0.0,0.0
686,27.44,4,71.139892578125,537.697998046875,1278.971435546875,713.125732421875,0.3077930808067322,car,-16.8516845703125,2.03271484375
686,27.44,46,0.405914306640625,316.860595703125,138.52182006835938,601.10888671875,0.7887747287750244,person,-3.066680908203125,8.200347900390625
686,27.44,57,20.4483642578125,590.65478515625,1272.656982421875,716.246826171875,0.6385465860366821,car,-14.84002685546875,-0.0625
686,27.44,58,822.1015625,300.52984619140625,949.08740234375,393.36895751953125,0.7992300987243652,car,-2.99853515625,-0.20062255859375
686,27.44,60,0.7574462890625,410.968505859375,241.14102172851562,628.5634765625,0.7518734931945801,bicycle,-3.0035018920898438,4.88970947265625
686,27.44,62,161.82054138183594,375.53662109375,404.7353515625,579.8863525390625,0.42353111505508423,motorcycle,-2.7886734008789062,2.545257568359375
686,27.44,63,614.5245361328125,306.91693115234375,696.0174560546875,389.62493896484375,0.3564443290233612,person,-5.0186767578125,-5.3400421142578125
686,27.44,64,580.6968994140625,333.35418701171875,648.8414306640625,434.64752197265625,0.5872491598129272,motorcycle,-3.9302978515625,-0.475067138671875
686,27.44,67,603.3316650390625,314.6221923828125,682.4503173828125,451.34698486328125,0.319745272397995,person,-5.79437255859375,10.388076782226562
686,27.44,69,782.1402587890625,296.353515625,949.9512939453125,404.099853515625,0.8827248811721802,car,-0.611083984375,-0.049560546875
687,27.48,4,99.2083740234375,534.4078369140625,1278.6029052734375,712.9078369140625,0.354640394449234,car,13.8499755859375,-1.7540283203125
687,27.48,46,0.0,314.115478515625,133.22964477539062,596.8092041015625,0.7776516079902649,person,-2.8490447998046875,-3.52239990234375
687,27.48,57,11.1956787109375,589.2137451171875,1272.5052490234375,715.7843017578125,0.6307093501091003,car,-4.70220947265625,-0.9517822265625
687,27.48,58,822.1015625,300.52984619140625,949.08740234375,393.36895751953125,0.7992300987243652,car,-2.99853515625,-0.20062255859375
687,27.48,60,0.191436767578125,410.66583251953125,231.8180694580078,612.0796508789062,0.7770704627037048,bicycle,-4.944480895996094,-8.39324951171875
687,27.48,62,161.82054138183594,375.53662109375,404.7353515625,579.8863525390625,0.42353111505508423,motorcycle,-2.7886734008789062,2.545257568359375
687,27.48,63,614.5245361328125,306.91693115234375,696.0174560546875,389.62493896484375,0.3564443290233612,person,-5.0186767578125,-5.3400421142578125
687,27.48,64,572.2804565429688,328.87554931640625,646.6624145507812,432.78021240234375,0.7173774838447571,motorcycle,-5.2977294921875,-3.1729736328125
687,27.48,67,603.3316650390625,314.6221923828125,682.4503173828125,451.34698486328125,0.319745272397995,person,-5.79437255859375,10.388076782226562
687,27.48,69,781.3713989257812,296.26568603515625,949.9904174804688,404.79412841796875,0.8832564353942871,car,-0.3648681640625,0.30322265625
688,27.52,4,96.1519775390625,540.99169921875,1278.8936767578125,713.09814453125,0.31544479727745056,car,-1.3828125,3.3870849609375
688,27.52,46,0.150115966796875,315.51104736328125,129.09619140625,604.0971069335938,0.7722039818763733,person,-1.991668701171875,4.34173583984375
688,27.52,57,7.95458984375,589.8421630859375,1272.440673828125,716.1865234375,0.6027603149414062,car,-1.65283203125,0.51531982421875
688,27.52,58,822.1015625,300.52984619140625,949.08740234375,393.36895751953125,0.7992300987243652,car,-2.99853515625,-0.20062255859375
688,27.52,60,0.53936767578125,403.7469482421875,226.34616088867188,616.7999267578125,0.7137922048568726,bicycle,-2.5619888305664062,-1.09930419921875
688,27.52,62,161.82054138183594,375.53662109375,404.7353515625,579.8863525390625,0.42353111505508423,motorcycle,-2.7886734008789062,2.545257568359375
688,27.52,63,614.5245361328125,306.91693115234375,696.0174560546875,389.62493896484375,0.3564443290233612,person,-5.0186767578125,-5.3400421142578125
688,27.52,64,571.8213500976562,332.3980712890625,641.7059936523438,430.5235595703125,0.6218728423118591,motorcycle,-2.707763671875,0.6329345703125
688,27.52,67,603.3316650390625,314.6221923828125,682.4503173828125,451.34698486328125,0.319745272397995,person,-5.79437255859375,10.388076782226562
688,27.52,69,781.1866455078125,296.225341796875,950.5914306640625,405.53411865234375,0.8877796530723572,car,0.2081298828125,0.349822998046875
689,27.56,4,96.1519775390625,540.99169921875,1278.8936767578125,713.09814453125,0.31544479727745056,car,-1.3828125,3.3870849609375
689,27.56,46,0.1839141845703125,313.7681884765625,116.55555725097656,594.2335815429688,0.6281301379203796,person,-6.25341796875,-5.803192138671875
689,27.56,57,10.4798583984375,588.0093994140625,1272.3271484375,715.737548828125,0.5836724638938904,car,1.20587158203125,-1.140869140625
689,27.56,58,822.1015625,300.52984619140625,949.08740234375,393.36895751953125,0.7992300987243652,car,-2.99853515625,-0.20062255859375
689,27.56,60,0.448699951171875,402.4116516113281,219.94940185546875,617.12255859375,0.5397570729255676,bicycle,-3.24371337890625,-0.5063323974609375
689,27.56,62,161.82054138183594,375.53662109375,404.7353515625,579.8863525390625,0.42353111505508423,motorcycle,-2.7886734008789062,2.545257568359375
689,27.56,63,614.5245361328125,306.91693115234375,696.0174560546875,389.62493896484375,0.3564443290233612,person,-5.0186767578125,-5.3400421142578125
689,27.56,64,569.1365356445312,331.14288330078125,634.0801391601562,428.67144775390625,0.6202825903892517,motorcycle,-5.15533447265625,-1.55364990234375
689,27.56,67,603.3316650390625,314.6221923828125,682.4503173828125,451.34698486328125,0.319745272397995,person,-5.79437255859375,10.388076782226562
689,27.56,69,781.0884399414062,296.483154296875,951.6983032226562,406.625,0.8935931921005249,car,0.50433349609375,0.674346923828125
689,27.56,70,0.27545166015625,398.20782470703125,221.17507934570312,708.8467407226562,0.38030552864074707,bicycle,-3.200054168701172,-1.4722709655761719
690,27.6,4,96.1519775390625,540.99169921875,1278.8936767578125,713.09814453125,0.31544479727745056,car,-1.3828125,3.3870849609375
690,27.6,46,0.19878387451171875,313.0140380859375,113.8717041015625,607.214111328125,0.7174220681190491,person,-1.3344917297363281,6.113189697265625
690,27.6,57,17.20849609375,589.540771484375,1273.09912109375,715.482666015625,0.6083586812019348,car,3.75030517578125,0.63824462890625
690,27.6,58,822.1015625,300.52984619140625,949.08740234375,393.36895751953125,0.7992300987243652,car,-2.99853515625,-0.20062255859375
690,27.6,60,0.4664306640625,399.3055725097656,214.92672729492188,621.7349853515625,0.6931448578834534,bicycle,-2.502471923828125,0.753173828125
690,27.6,62,161.82054138183594,375.53662109375,404.7353515625,579.8863525390625,0.42353111505508423,motorcycle,-2.7886734008789062,2.545257568359375
690,27.6,63,614.5245361328125,306.91693115234375,696.0174560546875,389.62493896484375,0.3564443290233612,person,-5.0186767578125,-5.3400421142578125
690,27.6,64,567.816650390625,324.88714599609375,631.898193359375,426.17340087890625,0.5297051668167114,motorcycle,-1.75091552734375,-4.37689208984375
690,27.6,67,603.3316650390625,314.6221923828125,682.4503173828125,451.34698486328125,0.319745272397995,person,-5.79437255859375,10.388076782226562
690,27.6,69,781.3673706054688,296.8786315917969,953.7539672851562,407.4079895019531,0.8933616876602173,car,1.16729736328125,0.5892333984375
690,27.6,71,353.3577880859375,319.1889343261719,372.8001708984375,355.2474670410156,0.3129817843437195,person,0.0,0.0
691,27.64,4,71.657470703125,541.3604736328125,1279.59765625,713.0113525390625,0.33904531598091125,car,-3.965087890625,0.0469970703125
691,27.64,46,0.13372802734375,315.67822265625,103.41647338867188,609.62841796875,0.7981880903244019,person,-5.260143280029297,2.53924560546875
691,27.64,57,6.947998046875,589.8857421875,1273.7255859375,715.82275390625,0.6235402822494507,car,-4.8170166015625,0.342529296875
691,27.64,58,822.1015625,300.52984619140625,949.08740234375,393.36895751953125,0.7992300987243652,car,-2.99853515625,-0.20062255859375
691,27.64,60,0.246978759765625,405.934814453125,208.2586212158203,628.102294921875,0.7541970610618591,bicycle,-3.4437789916992188,6.4982757568359375
691,27.64,62,161.82054138183594,375.53662109375,404.7353515625,579.8863525390625,0.42353111505508423,motorcycle,-2.7886734008789062,2.545257568359375
691,27.64,63,614.5245361328125,306.91693115234375,696.0174560546875,389.62493896484375,0.3564443290233612,person,-5.0186767578125,-5.3400421142578125
691,27.64,64,570.826416015625,338.27191162109375,626.9442138671875,423.66351318359375,0.48406991362571716,motorcycle,-0.97210693359375,5.43743896484375
691,27.64,67,603.3316650390625,314.6221923828125,682.4503173828125,451.34698486328125,0.319745272397995,person,-5.79437255859375,10.388076782226562
691,27.64,69,781.91552734375,297.1125183105469,955.1932373046875,408.1960754394531,0.893180251121521,car,0.99371337890625,0.510986328125
691,27.64,71,352.881591796875,320.151123046875,373.67596435546875,356.5330810546875,0.3595010042190552,person,0.199798583984375,1.1239013671875
692,27.68,4,71.657470703125,541.3604736328125,1279.59765625,713.0113525390625,0.33904531598091125,car,-3.965087890625,0.0469970703125
692,27.68,46,0.07086181640625,316.34521484375,100.96183776855469,612.5208740234375,0.6970083117485046,person,-1.2587509155273438,1.77972412109375
692,27.68,57,3.7767333984375,589.58544921875,1271.2322998046875,715.780517578125,0.6423645615577698,car,-2.832275390625,-0.1712646484375
692,27.68,58,822.1015625,300.52984619140625,949.08740234375,393.36895751953125,0.7992300987243652,car,-2.99853515625,-0.20062255859375
692,27.68,60,0.4673309326171875,403.7357177734375,199.92237854003906,626.75,0.7555177211761475,bicycle,-4.057945251464844,-1.77569580078125
692,27.68,62,161.82054138183594,375.53662109375,404.7353515625,579.8863525390625,0.42353111505508423,motorcycle,-2.7886734008789062,2.545257568359375
692,27.68,63,614.5245361328125,306.91693115234375,696.0174560546875,389.62493896484375,0.3564443290233612,person,-5.0186767578125,-5.3400421142578125
692,27.68,64,563.4229736328125,323.25189208984375,621.8720703125,422.39251708984375,0.46852895617485046,motorcycle,-6.23779296875,-8.1455078125
692,27.68,67,603.3316650390625,314.6221923828125,682.4503173828125,451.34698486328125,0.319745272397995,person,-5.79437255859375,10.388076782226562
692,27.68,69,781.6204833984375,297.56646728515625,956.9796142578125,408.44659423828125,0.8884955644607544,car,0.74566650390625,0.35223388671875
693,27.72,4,71.657470703125,541.3604736328125,1279.59765625,713.0113525390625,0.33904531598091125,car,-3.965087890625,0.0469970703125
693,27.72,46,0.1057586669921875,321.4310302734375,96.89703369140625,610.0335693359375,0.797746479511261,person,-2.01495361328125,1.29925537109375
693,27.72,57,3.591064453125,590.182861328125,1271.1195068359375,716.264892578125,0.6720658540725708,car,-0.14923095703125,0.5408935546875
693,27.72,58,822.1015625,300.52984619140625,949.08740234375,393.36895751953125,0.7992300987243652,car,-2.99853515625,-0.20062255859375
693,27.72,60,0.288330078125,407.02154541015625,193.06610107421875,631.2970581054688,0.7868252396583557,bicycle,-3.51763916015625,3.91644287109375
693,27.72,62,161.82054138183594,375.53662109375,404.7353515625,579.8863525390625,0.42353111505508423,motorcycle,-2.7886734008789062,2.545257568359375
693,27.72,63,614.5245361328125,306.91693115234375,696.0174560546875,389.62493896484375,0.3564443290233612,person,-5.0186767578125,-5.3400421142578125
693,27.72,64,562.1199951171875,330.85003662109375,618.0194091796875,421.15374755859375,0.44408705830574036,motorcycle,-2.57781982421875,3.1796875
693,27.72,67,603.3316650390625,314.6221923828125,682.4503173828125,451.34698486328125,0.319745272397995,person,-5.79437255859375,10.388076782226562
693,27.72,69,781.7578125,297.28204345703125,957.68359375,409.55029296875,0.8862614035606384,car,0.420654296875,0.409637451171875
694,27.76,4,71.657470703125,541.3604736328125,1279.59765625,713.0113525390625,0.33904531598091125,car,-3.965087890625,0.0469970703125
694,27.76,46,0.1483154296875,322.72137451171875,93.51295471191406,614.919189453125,0.7805191278457642,person,-1.6707611083984375,3.087982177734375
694,27.76,57,5.33740234375,590.2471313476562,1270.7098388671875,715.9634399414062,0.6695393919944763,car,0.6683349609375,-0.11859130859375
694,27.76,58,822.1015625,300.52984619140625,949.08740234375,393.36895751953125,0.7992300987243652,car,-2.99853515625,-0.20062255859375
694,27.76,60,0.35797119140625,405.800537109375,187.35513305664062,631.2742919921875,0.7794318199157715,bicycle,-2.8206634521484375,-0.62188720703125
694,27.76,62,161.82054138183594,375.53662109375,404.7353515625,579.8863525390625,0.42353111505508423,motorcycle,-2.7886734008789062,2.545257568359375
694,27.76,63,614.5245361328125,306.91693115234375,696.0174560546875,389.62493896484375,0.3564443290233612,person,-5.0186767578125,-5.3400421142578125
694,27.76,64,558.1660766601562,329.1072998046875,615.5581665039062,420.214111328125,0.46246814727783203,motorcycle,-3.20758056640625,-1.3411865234375
694,27.76,67,603.3316650390625,314.6221923828125,682.4503173828125,451.34698486328125,0.319745272397995,person,-5.79437255859375,10.388076782226562
694,27.76,69,781.8853759765625,297.37872314453125,957.8463134765625,409.69744873046875,0.888728678226471,car,0.1451416015625,0.121917724609375
695,27.8,4,71.657470703125,541.3604736328125,1279.59765625,713.0113525390625,0.33904531598091125,car,-3.965087890625,0.0469970703125
695,27.8,46,0.23673248291015625,317.57415771484375,85.31996154785156,617.9253540039062,0.8036195039749146,person,-4.052288055419922,-1.070526123046875
695,27.8,57,11.072265625,590.23095703125,1271.163818359375,715.9803466796875,0.6562653183937073,car,3.09442138671875,0.0003662109375
695,27.8,58,822.1015625,300.52984619140625,949.08740234375,393.36895751953125,0.7992300987243652,car,-2.99853515625,-0.20062255859375
695,27.8,60,0.341583251953125,405.07720947265625,180.47100830078125,632.0956420898438,0.7404983043670654,bicycle,-3.45025634765625,0.04901123046875
695,27.8,62,161.82054138183594,375.53662109375,404.7353515625,579.8863525390625,0.42353111505508423,motorcycle,-2.7886734008789062,2.545257568359375
695,27.8,63,614.5245361328125,306.91693115234375,696.0174560546875,389.62493896484375,0.3564443290233612,person,-5.0186767578125,-5.3400421142578125
695,27.8,64,555.4803466796875,329.46832275390625,611.0108642578125,419.22271728515625,0.5577999353408813,motorcycle,-3.61651611328125,-0.315185546875
695,27.8,67,603.3316650390625,314.6221923828125,682.4503173828125,451.34698486328125,0.319745272397995,person,-5.79437255859375,10.388076782226562
695,27.8,69,782.0560302734375,297.04107666015625,959.4046630859375,409.89178466796875,0.8914175033569336,car,0.864501953125,-0.0716552734375
696,27.84,4,71.657470703125,541.3604736328125,1279.59765625,713.0113525390625,0.33904531598091125,car,-3.965087890625,0.0469970703125
696,27.84,46,0.2484283447265625,322.47833251953125,80.34322357177734,621.7975463867188,0.48149335384368896,person,-2.4825210571289062,4.38818359375
696,27.84,57,16.5499267578125,589.9017944335938,1272.1358642578125,716.0862426757812,0.659740686416626,car,3.224853515625,-0.11163330078125
696,27.84,58,822.1015625,300.52984619140625,949.08740234375,393.36895751953125,0.7992300987243652,car,-2.99853515625,-0.20062255859375
696,27.84,60,0.208587646484375,400.53857421875,173.49896240234375,633.600341796875,0.7606301307678223,bicycle,-3.552520751953125,-1.5169677734375
696,27.84,62,161.82054138183594,375.53662109375,404.7353515625,579.8863525390625,0.42353111505508423,motorcycle,-2.7886734008789062,2.545257568359375
696,27.84,63,614.5245361328125,306.91693115234375,696.0174560546875,389.62493896484375,0.3564443290233612,person,-5.0186767578125,-5.3400421142578125
696,27.84,64,553.3197021484375,324.36578369140625,606.8050537109375,416.69573974609375,0.5580950379371643,motorcycle,-3.1832275390625,-3.81475830078125
696,27.84,67,603.3316650390625,314.6221923828125,682.4503173828125,451.34698486328125,0.319745272397995,person,-5.79437255859375,10.388076782226562
696,27.84,69,782.35205078125,296.5523376464844,961.195556640625,409.9065246582031,0.889611542224884,car,1.04345703125,-0.23699951171875
697,27.88,4,71.657470703125,541.3604736328125,1279.59765625,713.0113525390625,0.33904531598091125,car,-3.965087890625,0.0469970703125
697,27.88,46,0.2484283447265625,322.47833251953125,80.34322357177734,621.7975463867188,0.48149335384368896,person,-2.4825210571289062,4.38818359375
697,27.88,57,33.044921875,589.9434814453125,1273.109619140625,715.6253662109375,0.6665834784507751,car,8.734375,-0.2095947265625
697,27.88,58,822.1015625,300.52984619140625,949.08740234375,393.36895751953125,0.7992300987243652,car,-2.99853515625,-0.20062255859375
697,27.88,60,0.510101318359375,399.7724914550781,166.66941833496094,638.593017578125,0.3871059715747833,bicycle,-3.2640151977539062,2.1132965087890625
697,27.88,62,161.82054138183594,375.53662109375,404.7353515625,579.8863525390625,0.42353111505508423,motorcycle,-2.7886734008789062,2.545257568359375
697,27.88,63,614.5245361328125,306.91693115234375,696.0174560546875,389.62493896484375,0.3564443290233612,person,-5.0186767578125,-5.3400421142578125
697,27.88,64,553.9893798828125,338.8282470703125,602.4107666015625,415.1082763671875,0.5785737633705139,motorcycle,-1.8623046875,6.4375
697,27.88,67,603.3316650390625,314.6221923828125,682.4503173828125,451.34698486328125,0.319745272397995,person,-5.79437255859375,10.388076782226562
697,27.88,69,782.3067016601562,296.3587646484375,960.6969604492188,410.07470703125,0.8937257528305054,car,-0.27197265625,-0.0126953125
698,27.92,4,2.22998046875,399.219970703125,1240.381591796875,712.939208984375,0.5679815411567688,car,-7.76025390625,-10.158046177455358
698,27.92,46,0.2484283447265625,322.47833251953125,80.34322357177734,621.7975463867188,0.48149335384368896,person,-2.4825210571289062,4.38818359375
698,27.92,57,21.279296875,590.267333984375,1273.353515625,715.48193359375,0.653767466545105,car,-5.7608642578125,0.0902099609375
698,27.92,58,822.1015625,300.52984619140625,949.08740234375,393.36895751953125,0.7992300987243652,car,-2.99853515625,-0.20062255859375
698,27.92,60,0.510101318359375,399.7724914550781,166.66941833496094,638.593017578125,0.3871059715747833,bicycle,-3.2640151977539062,2.1132965087890625
698,27.92,62,161.82054138183594,375.53662109375,404.7353515625,579.8863525390625,0.42353111505508423,motorcycle,-2.7886734008789062,2.545257568359375
698,27.92,63,614.5245361328125,306.91693115234375,696.0174560546875,389.62493896484375,0.3564443290233612,person,-5.0186767578125,-5.3400421142578125
698,27.92,64,549.7346801757812,339.79754638671875,599.8613891601562,412.7064208984375,0.559604287147522,motorcycle,-3.40203857421875,-0.716278076171875
698,27.92,67,603.3316650390625,314.6221923828125,682.4503173828125,451.34698486328125,0.319745272397995,person,-5.79437255859375,10.388076782226562
698,27.92,69,782.3897705078125,296.1522216796875,962.2996826171875,410.679931640625,0.8937916159629822,car,0.8428955078125,0.1993408203125
699,27.96,4,2.1119384765625,414.2306823730469,1238.403076171875,713.551025390625,0.38269269466400146,car,-1.04827880859375,7.8112640380859375
699,27.96,46,0.2484283447265625,322.47833251953125,80.34322357177734,621.7975463867188,0.48149335384368896,person,-2.4825210571289062,4.38818359375
699,27.96,57,31.204345703125,590.4715576171875,1272.85205078125,715.4097900390625,0.6766935586929321,car,4.7117919921875,0.0660400390625
699,27.96,58,822.1015625,300.52984619140625,949.08740234375,393.36895751953125,0.7992300987243652,car,-2.99853515625,-0.20062255859375
699,27.96,60,0.510101318359375,399.7724914550781,166.66941833496094,638.593017578125,0.3871059715747833,bicycle,-3.2640151977539062,2.1132965087890625
699,27.96,62,161.82054138183594,375.53662109375,404.7353515625,579.8863525390625,0.42353111505508423,motorcycle,-2.7886734008789062,2.545257568359375
699,27.96,63,614.5245361328125,306.91693115234375,696.0174560546875,389.62493896484375,0.3564443290233612,person,-5.0186767578125,-5.3400421142578125
699,27.96,64,543.6832275390625,337.34588623046875,596.6578369140625,412.27264404296875,0.44485393166542053,motorcycle,-4.62750244140625,-1.442718505859375
699,27.96,67,603.3316650390625,314.6221923828125,682.4503173828125,451.34698486328125,0.319745272397995,person,-5.79437255859375,10.388076782226562
699,27.96,69,783.0062255859375,296.2588806152344,963.5989990234375,411.2753601074219,0.8957732319831848,car,0.9578857421875,0.351043701171875
700,28.0,4,2.7374267578125,398.7535400390625,1240.961181640625,713.220458984375,0.5448529124259949,car,1.591796875,-7.9038543701171875
700,28.0,46,0.2484283447265625,322.47833251953125,80.34322357177734,621.7975463867188,0.48149335384368896,person,-2.4825210571289062,4.38818359375
700,28.0,57,42.162353515625,591.125732421875,1274.676025390625,715.5875244140625,0.6451210379600525,car,6.3909912109375,0.41595458984375
700,28.0,58,822.1015625,300.52984619140625,949.08740234375,393.36895751953125,0.7992300987243652,car,-2.99853515625,-0.20062255859375
700,28.0,60,0.510101318359375,399.7724914550781,166.66941833496094,638.593017578125,0.3871059715747833,bicycle,-3.2640151977539062,2.1132965087890625
700,28.0,62,161.82054138183594,375.53662109375,404.7353515625,579.8863525390625,0.42353111505508423,motorcycle,-2.7886734008789062,2.545257568359375
700,28.0,63,614.5245361328125,306.91693115234375,696.0174560546875,389.62493896484375,0.3564443290233612,person,-5.0186767578125,-5.3400421142578125
700,28.0,64,541.6611328125,338.8699951171875,592.436767578125,410.6551513671875,0.5116228461265564,motorcycle,-3.12158203125,-0.04669189453125
700,28.0,67,603.3316650390625,314.6221923828125,682.4503173828125,451.34698486328125,0.319745272397995,person,-5.79437255859375,10.388076782226562
700,28.0,69,783.5390625,296.6702880859375,965.0419921875,411.9410400390625,0.9006537795066833,car,0.9879150390625,0.538543701171875
701,28.04,4,2.0767822265625,402.4114990234375,1172.724365234375,712.974365234375,0.5754556655883789,car,-34.44873046875,1.7059326171875
701,28.04,46,0.2484283447265625,322.47833251953125,80.34322357177734,621.7975463867188,0.48149335384368896,person,-2.4825210571289062,4.38818359375
701,28.04,57,18.5355224609375,590.9161376953125,1274.3955078125,715.4122314453125,0.615934431552887,car,-11.95367431640625,-0.19244384765625
701,28.04,58,822.1015625,300.52984619140625,949.08740234375,393.36895751953125,0.7992300987243652,car,-2.99853515625,-0.20062255859375
701,28.04,60,0.510101318359375,399.7724914550781,166.66941833496094,638.593017578125,0.3871059715747833,bicycle,-3.2640151977539062,2.1132965087890625
701,28.04,62,161.82054138183594,375.53662109375,404.7353515625,579.8863525390625,0.42353111505508423,motorcycle,-2.7886734008789062,2.545257568359375
701,28.04,63,614.5245361328125,306.91693115234375,696.0174560546875,389.62493896484375,0.3564443290233612,person,-5.0186767578125,-5.3400421142578125
701,28.04,64,537.8877563476562,337.82305908203125,588.1423950195312,407.74310302734375,0.4212047755718231,motorcycle,-4.03387451171875,-1.9794921875
701,28.04,67,603.3316650390625,314.6221923828125,682.4503173828125,451.34698486328125,0.319745272397995,person,-5.79437255859375,10.388076782226562
701,28.04,69,783.162353515625,296.63092041015625,965.531982421875,412.49078369140625,0.8997032046318054,car,0.056640625,0.25518798828125
702,28.08,4,3.248046875,407.4886474609375,1235.781005859375,713.332763671875,0.43735596537590027,car,32.11395263671875,2.7177734375
702,28.08,46,0.2484283447265625,322.47833251953125,80.34322357177734,621.7975463867188,0.48149335384368896,person,-2.4825210571289062,4.38818359375
702,28.08,57,21.4237060546875,590.724365234375,1274.3104248046875,715.592041015625,0.643796980381012,car,1.40155029296875,-0.0059814453125
702,28.08,58,822.1015625,300.52984619140625,949.08740234375,393.36895751953125,0.7992300987243652,car,-2.99853515625,-0.20062255859375
702,28.08,60,0.510101318359375,399.7724914550781,166.66941833496094,638.593017578125,0.3871059715747833,bicycle,-3.2640151977539062,2.1132965087890625
702,28.08,63,614.5245361328125,306.91693115234375,696.0174560546875,389.62493896484375,0.3564443290233612,person,-5.0186767578125,-5.3400421142578125
702,28.08,64,537.9154663085938,338.75848388671875,585.2067260742188,408.53424072265625,0.5053228139877319,motorcycle,-1.4539794921875,0.86328125
702,28.08,67,603.3316650390625,314.6221923828125,682.4503173828125,451.34698486328125,0.319745272397995,person,-5.79437255859375,10.388076782226562
702,28.08,69,783.240478515625,296.8604736328125,966.70751953125,412.8206787109375,0.8983324766159058,car,0.6268310546875,0.27972412109375
703,28.12,4,3.248046875,407.4886474609375,1235.781005859375,713.332763671875,0.43735596537590027,car,32.11395263671875,2.7177734375
703,28.12,46,0.2484283447265625,322.47833251953125,80.34322357177734,621.7975463867188,0.48149335384368896,person,-2.4825210571289062,4.38818359375
703,28.12,57,20.19580078125,590.2012939453125,1273.1260986328125,715.5968017578125,0.6474782824516296,car,-1.20611572265625,-0.2591552734375
703,28.12,60,0.510101318359375,399.7724914550781,166.66941833496094,638.593017578125,0.3871059715747833,bicycle,-3.2640151977539062,2.1132965087890625
703,28.12,63,614.5245361328125,306.91693115234375,696.0174560546875,389.62493896484375,0.3564443290233612,person,-5.0186767578125,-5.3400421142578125
703,28.12,64,536.11474609375,340.0372619628906,583.048095703125,406.9739685058594,0.5817034244537354,motorcycle,-1.97967529296875,-0.1407470703125
703,28.12,67,603.3316650390625,314.6221923828125,682.4503173828125,451.34698486328125,0.319745272397995,person,-5.79437255859375,10.388076782226562
703,28.12,69,783.3836669921875,297.16644287109375,968.2530517578125,413.56268310546875,0.8913567066192627,car,0.8443603515625,0.52398681640625
704,28.16,4,42.033203125,507.5455322265625,1279.490966796875,712.9481201171875,0.3741130530834198,car,20.623779296875,24.918060302734375
704,28.16,46,0.2484283447265625,322.47833251953125,80.34322357177734,621.7975463867188,0.48149335384368896,person,-2.4825210571289062,4.38818359375
704,28.16,57,1.6324462890625,589.61279296875,1272.0311279296875,716.25390625,0.6217604875564575,car,-9.82916259765625,0.0343017578125
704,28.16,60,0.510101318359375,399.7724914550781,166.66941833496094,638.593017578125,0.3871059715747833,bicycle,-3.2640151977539062,2.1132965087890625
704,28.16,63,614.5245361328125,306.91693115234375,696.0174560546875,389.62493896484375,0.3564443290233612,person,-5.0186767578125,-5.3400421142578125
704,28.16,64,532.0374755859375,340.075927734375,578.14306640625,405.277099609375,0.40430450439453125,motorcycle,-4.49114990234375,-0.8291015625
704,28.16,67,603.3316650390625,314.6221923828125,682.4503173828125,451.34698486328125,0.319745272397995,person,-5.79437255859375,10.388076782226562
704,28.16,69,783.093994140625,297.462158203125,969.4385986328125,413.876708984375,0.8803560137748718,car,0.44793701171875,0.30487060546875
705,28.2,4,49.66015625,532.4500122070312,1279.501708984375,713.3801879882812,0.34432855248451233,car,3.81884765625,12.66827392578125
705,28.2,46,0.2484283447265625,322.47833251953125,80.34322357177734,621.7975463867188,0.48149335384368896,person,-2.4825210571289062,4.38818359375
705,28.2,57,15.056640625,590.473876953125,1274.19970703125,715.8828125,0.6370195746421814,car,7.79638671875,0.2449951171875
705,28.2,60,0.510101318359375,399.7724914550781,166.66941833496094,638.593017578125,0.3871059715747833,bicycle,-3.2640151977539062,2.1132965087890625
705,28.2,63,614.5245361328125,306.91693115234375,696.0174560546875,389.62493896484375,0.3564443290233612,person,-5.0186767578125,-5.3400421142578125
705,28.2,64,527.843505859375,338.05865478515625,574.567138671875,404.59564208984375,0.5156180262565613,motorcycle,-3.88494873046875,-1.349365234375
705,28.2,67,603.3316650390625,314.6221923828125,682.4503173828125,451.34698486328125,0.319745272397995,person,-5.79437255859375,10.388076782226562
705,28.2,69,783.8121948242188,297.17022705078125,970.9332885742188,414.51544189453125,0.8780017495155334,car,1.1064453125,0.17340087890625
706,28.24,4,41.541748046875,484.6241455078125,1279.764892578125,713.16259765625,0.3692443370819092,car,-3.9276123046875,-24.021728515625
706,28.24,46,0.2484283447265625,322.47833251953125,80.34322357177734,621.7975463867188,0.48149335384368896,person,-2.4825210571289062,4.38818359375
706,28.24,57,3.2821044921875,589.7422485351562,1273.104248046875,716.4103393554688,0.5906461477279663,car,-6.43499755859375,-0.10205078125
706,28.24,60,0.510101318359375,399.7724914550781,166.66941833496094,638.593017578125,0.3871059715747833,bicycle,-3.2640151977539062,2.1132965087890625
706,28.24,63,614.5245361328125,306.91693115234375,696.0174560546875,389.62493896484375,0.3564443290233612,person,-5.0186767578125,-5.3400421142578125
706,28.24,64,525.4659423828125,338.58013916015625,571.7733154296875,402.55438232421875,0.5596692562103271,motorcycle,-2.585693359375,-0.7598876953125
706,28.24,67,603.3316650390625,314.6221923828125,682.4503173828125,451.34698486328125,0.319745272397995,person,-5.79437255859375,10.388076782226562
706,28.24,69,784.8148193359375,297.27850341796875,972.7628173828125,415.76995849609375,0.8731318116188049,car,1.41607666015625,0.681396484375
707,28.28,4,41.541748046875,484.6241455078125,1279.764892578125,713.16259765625,0.3692443370819092,car,-3.9276123046875,-24.021728515625
707,28.28,46,0.2484283447265625,322.47833251953125,80.34322357177734,621.7975463867188,0.48149335384368896,person,-2.4825210571289062,4.38818359375
707,28.28,57,10.0146484375,589.289794921875,1271.98486328125,716.686279296875,0.6681052446365356,car,2.80657958984375,-0.0882568359375
707,28.28,60,0.510101318359375,399.7724914550781,166.66941833496094,638.593017578125,0.3871059715747833,bicycle,-3.2640151977539062,2.1132965087890625
707,28.28,63,614.5245361328125,306.91693115234375,696.0174560546875,389.62493896484375,0.3564443290233612,person,-5.0186767578125,-5.3400421142578125
707,28.28,64,524.1368408203125,337.9310302734375,568.6307373046875,401.7491455078125,0.535566508769989,motorcycle,-2.23583984375,-0.7271728515625
707,28.28,67,603.3316650390625,314.6221923828125,682.4503173828125,451.34698486328125,0.319745272397995,person,-5.79437255859375,10.388076782226562
707,28.28,69,785.915283203125,297.2181396484375,974.5498046875,416.3095703125,0.8768725991249084,car,1.4437255859375,0.2396240234375
708,28.32,4,42.597900390625,533.7703247070312,1279.6591796875,713.3151245117188,0.32049867510795593,car,0.23760986328125,12.324676513671875
708,28.32,46,0.2484283447265625,322.47833251953125,80.34322357177734,621.7975463867188,0.48149335384368896,person,-2.4825210571289062,4.38818359375
708,28.32,57,11.376953125,589.3389892578125,1273.5364990234375,716.815185546875,0.6646217107772827,car,1.45697021484375,0.08905029296875
708,28.32,60,0.510101318359375,399.7724914550781,166.66941833496094,638.593017578125,0.3871059715747833,bicycle,-3.2640151977539062,2.1132965087890625
708,28.32,63,614.5245361328125,306.91693115234375,696.0174560546875,389.62493896484375,0.3564443290233612,person,-5.0186767578125,-5.3400421142578125
708,28.32,64,520.3857421875,337.19927978515625,566.298828125,400.63433837890625,0.39423611760139465,motorcycle,-3.04150390625,-0.92327880859375
708,28.32,67,603.3316650390625,314.6221923828125,682.4503173828125,451.34698486328125,0.319745272397995,person,-5.79437255859375,10.388076782226562
708,28.32,69,785.9388427734375,297.60870361328125,974.7425537109375,417.00616455078125,0.8622766137123108,car,0.108154296875,0.5435791015625
709,28.36,4,45.818603515625,532.6341552734375,1279.51416015625,713.0657958984375,0.33452850580215454,car,1.537841796875,-0.6927490234375
709,28.36,46,0.2484283447265625,322.47833251953125,80.34322357177734,621.7975463867188,0.48149335384368896,person,-2.4825210571289062,4.38818359375
709,28.36,57,2.169921875,588.2032470703125,1265.6329345703125,716.5047607421875,0.6830593347549438,car,-8.5552978515625,-0.72308349609375
709,28.36,60,0.510101318359375,399.7724914550781,166.66941833496094,638.593017578125,0.3871059715747833,bicycle,-3.2640151977539062,2.1132965087890625
709,28.36,63,614.5245361328125,306.91693115234375,696.0174560546875,389.62493896484375,0.3564443290233612,person,-5.0186767578125,-5.3400421142578125
709,28.36,64,519.6397094726562,335.54754638671875,564.6618041992188,400.09234619140625,0.4241626262664795,motorcycle,-1.1915283203125,-1.09686279296875
709,28.36,67,603.3316650390625,314.6221923828125,682.4503173828125,451.34698486328125,0.319745272397995,person,-5.79437255859375,10.388076782226562
709,28.36,69,786.5634155273438,298.0456237792969,977.0635375976562,418.1222839355469,0.8680639266967773,car,1.4727783203125,0.776519775390625
710,28.4,4,49.53466796875,499.5977783203125,1279.39794921875,713.0015869140625,0.35745131969451904,car,1.7999267578125,-16.55029296875
710,28.4,46,0.2484283447265625,322.47833251953125,80.34322357177734,621.7975463867188,0.48149335384368896,person,-2.4825210571289062,4.38818359375
710,28.4,57,2.505859375,588.4283447265625,1265.401123046875,716.7132568359375,0.6599324941635132,car,0.05206298828125,0.216796875
710,28.4,60,0.510101318359375,399.7724914550781,166.66941833496094,638.593017578125,0.3871059715747833,bicycle,-3.2640151977539062,2.1132965087890625
710,28.4,63,614.5245361328125,306.91693115234375,696.0174560546875,389.62493896484375,0.3564443290233612,person,-5.0186767578125,-5.3400421142578125
710,28.4,64,518.4202880859375,335.5550231933594,563.4967041015625,399.3297424316406,0.4406748116016388,motorcycle,-1.1922607421875,-0.3775634765625
710,28.4,67,603.3316650390625,314.6221923828125,682.4503173828125,451.34698486328125,0.319745272397995,person,-5.79437255859375,10.388076782226562
710,28.4,69,787.583984375,298.0501403808594,978.088623046875,418.9866027832031,0.8717839121818542,car,1.0228271484375,0.434417724609375
711,28.44,4,49.53466796875,499.5977783203125,1279.39794921875,713.0015869140625,0.35745131969451904,car,1.7999267578125,-16.55029296875
711,28.44,46,0.2484283447265625,322.47833251953125,80.34322357177734,621.7975463867188,0.48149335384368896,person,-2.4825210571289062,4.38818359375
711,28.44,57,3.42724609375,588.2352294921875,1265.8397216796875,716.8778076171875,0.6755261421203613,car,0.67999267578125,-0.0142822265625
711,28.44,60,0.510101318359375,399.7724914550781,166.66941833496094,638.593017578125,0.3871059715747833,bicycle,-3.2640151977539062,2.1132965087890625
711,28.44,63,614.5245361328125,306.91693115234375,696.0174560546875,389.62493896484375,0.3564443290233612,person,-5.0186767578125,-5.3400421142578125
711,28.44,64,517.041748046875,334.5157470703125,560.41943359375,398.75286865234375,0.47950443625450134,motorcycle,-2.2279052734375,-0.808074951171875
711,28.44,67,603.3316650390625,314.6221923828125,682.4503173828125,451.34698486328125,0.319745272397995,person,-5.79437255859375,10.388076782226562
711,28.44,69,788.3533935546875,298.78143310546875,979.352294921875,420.13873291015625,0.8761831521987915,car,1.01654052734375,0.94171142578125
712,28.48,4,49.839599609375,535.798828125,1279.577880859375,713.117919921875,0.31331318616867065,car,0.1212158203125,9.079345703125
712,28.48,46,0.2484283447265625,322.47833251953125,80.34322357177734,621.7975463867188,0.48149335384368896,person,-2.4825210571289062,4.38818359375
712,28.48,57,3.768310546875,588.3040771484375,1266.6806640625,717.0645751953125,0.6811110377311707,car,0.59100341796875,0.1278076171875
712,28.48,60,0.510101318359375,399.7724914550781,166.66941833496094,638.593017578125,0.3871059715747833,bicycle,-3.2640151977539062,2.1132965087890625
712,28.48,63,614.5245361328125,306.91693115234375,696.0174560546875,389.62493896484375,0.3564443290233612,person,-5.0186767578125,-5.3400421142578125
712,28.48,64,517.1558837890625,336.7987060546875,557.921875,397.0001220703125,0.5912182927131653,motorcycle,-1.19171142578125,0.265106201171875
712,28.48,67,603.3316650390625,314.6221923828125,682.4503173828125,451.34698486328125,0.319745272397995,person,-5.79437255859375,10.388076782226562
712,28.48,69,788.9339599609375,298.9488525390625,981.8714599609375,421.58544921875,0.8794457316398621,car,1.54986572265625,0.80706787109375
713,28.52,4,48.4769287109375,493.92138671875,1279.3890380859375,713.1824951171875,0.39728832244873047,car,-0.7757568359375,-20.90643310546875
713,28.52,46,0.2484283447265625,322.47833251953125,80.34322357177734,621.7975463867188,0.48149335384368896,person,-2.4825210571289062,4.38818359375
713,28.52,57,3.3560791015625,588.4969482421875,1268.36279296875,717.140380859375,0.6812206506729126,car,0.63494873046875,0.13433837890625
713,28.52,60,0.510101318359375,399.7724914550781,166.66941833496094,638.593017578125,0.3871059715747833,bicycle,-3.2640151977539062,2.1132965087890625
713,28.52,63,614.5245361328125,306.91693115234375,696.0174560546875,389.62493896484375,0.3564443290233612,person,-5.0186767578125,-5.3400421142578125
713,28.52,64,516.4737548828125,335.17254638671875,554.9429931640625,395.922119140625,0.5935462117195129,motorcycle,-1.83050537109375,-1.352081298828125
713,28.52,67,603.3316650390625,314.6221923828125,682.4503173828125,451.34698486328125,0.319745272397995,person,-5.79437255859375,10.388076782226562
713,28.52,69,790.02978515625,299.39044189453125,983.1181640625,422.68414306640625,0.8561103343963623,car,1.1712646484375,0.7701416015625
714,28.56,4,45.55419921875,491.37164306640625,1279.364013671875,712.6381225585938,0.423488050699234,car,-1.473876953125,-1.54705810546875
714,28.56,46,0.2484283447265625,322.47833251953125,80.34322357177734,621.7975463867188,0.48149335384368896,person,-2.4825210571289062,4.38818359375
714,28.56,57,4.2147216796875,588.763671875,1268.9505615234375,716.9942626953125,0.6575691103935242,car,0.72320556640625,0.060302734375
714,28.56,60,0.510101318359375,399.7724914550781,166.66941833496094,638.593017578125,0.3871059715747833,bicycle,-3.2640151977539062,2.1132965087890625
714,28.56,63,614.5245361328125,306.91693115234375,696.0174560546875,389.62493896484375,0.3564443290233612,person,-5.0186767578125,-5.3400421142578125
714,28.56,64,515.536865234375,339.62835693359375,553.2205810546875,396.85693359375,0.4525166153907776,motorcycle,-1.32965087890625,2.6953125
714,28.56,67,603.3316650390625,314.6221923828125,682.4503173828125,451.34698486328125,0.319745272397995,person,-5.79437255859375,10.388076782226562
714,28.56,69,791.178955078125,300.08123779296875,985.318115234375,424.2537841796875,0.8610407114028931,car,1.674560546875,1.130218505859375
715,28.6,4,8.5604248046875,534.05322265625,1279.2615966796875,713.01611328125,0.49427175521850586,car,-18.548095703125,21.52978515625
715,28.6,46,0.2484283447265625,322.47833251953125,80.34322357177734,621.7975463867188,0.48149335384368896,person,-2.4825210571289062,4.38818359375
715,28.6,57,9.243408203125,587.6260375976562,1275.560546875,716.8601684570312,0.6128551363945007,car,5.8193359375,-0.6358642578125
715,28.6,60,0.510101318359375,399.7724914550781,166.66941833496094,638.593017578125,0.3871059715747833,bicycle,-3.2640151977539062,2.1132965087890625
715,28.6,63,614.5245361328125,306.91693115234375,696.0174560546875,389.62493896484375,0.3564443290233612,person,-5.0186767578125,-5.3400421142578125
715,28.6,64,512.919189453125,339.0102844238281,552.212646484375,396.2973937988281,0.40652957558631897,motorcycle,-1.81280517578125,-0.58880615234375
715,28.6,67,603.3316650390625,314.6221923828125,682.4503173828125,451.34698486328125,0.319745272397995,person,-5.79437255859375,10.388076782226562
715,28.6,69,791.47265625,300.18988037109375,987.779296875,425.77325439453125,0.8613027930259705,car,1.37744140625,0.814056396484375
716,28.64,4,53.989990234375,496.85308837890625,1279.6326904296875,712.1452026367188,0.3960457146167755,car,22.90032958984375,-19.0355224609375
716,28.64,46,0.2484283447265625,322.47833251953125,80.34322357177734,621.7975463867188,0.48149335384368896,person,-2.4825210571289062,4.38818359375
716,28.64,57,9.80908203125,588.2557373046875,1274.944580078125,716.8680419921875,0.6207404136657715,car,-0.025146484375,0.31878662109375
716,28.64,60,0.510101318359375,399.7724914550781,166.66941833496094,638.593017578125,0.3871059715747833,bicycle,-3.2640151977539062,2.1132965087890625
716,28.64,63,614.5245361328125,306.91693115234375,696.0174560546875,389.62493896484375,0.3564443290233612,person,-5.0186767578125,-5.3400421142578125
716,28.64,64,511.9601135253906,338.56121826171875,550.4835205078125,395.8455810546875,0.30861538648605347,motorcycle,-1.3441009521484375,-0.450439453125
716,28.64,67,603.3316650390625,314.6221923828125,682.4503173828125,451.34698486328125,0.319745272397995,person,-5.79437255859375,10.388076782226562
716,28.64,69,792.77685546875,299.9124450683594,989.80322265625,425.9911193847656,0.8718726634979248,car,1.6640625,-0.02978515625
717,28.68,4,7.7486572265625,527.4146118164062,1278.75048828125,713.1878051757812,0.543513298034668,car,-23.561767578125,15.80206298828125
717,28.68,46,0.2484283447265625,322.47833251953125,80.34322357177734,621.7975463867188,0.48149335384368896,person,-2.4825210571289062,4.38818359375
717,28.68,57,7.1832275390625,588.2275390625,1275.634765625,716.9305419921875,0.6223232746124268,car,-0.96783447265625,0.01715087890625
717,28.68,60,0.510101318359375,399.7724914550781,166.66941833496094,638.593017578125,0.3871059715747833,bicycle,-3.2640151977539062,2.1132965087890625
717,28.68,63,614.5245361328125,306.91693115234375,696.0174560546875,389.62493896484375,0.3564443290233612,person,-5.0186767578125,-5.3400421142578125
717,28.68,64,511.9601135253906,338.56121826171875,550.4835205078125,395.8455810546875,0.30861538648605347,motorcycle,-1.3441009521484375,-0.450439453125
717,28.68,67,603.3316650390625,314.6221923828125,682.4503173828125,451.34698486328125,0.319745272397995,person,-5.79437255859375,10.388076782226562
717,28.68,69,793.6422119140625,301.0127868652344,992.5799560546875,427.0581359863281,0.8603675961494446,car,1.821044921875,1.08367919921875
718,28.72,4,8.2574462890625,535.292724609375,1279.444091796875,713.2572021484375,0.5555800795555115,car,0.6011962890625,3.9737548828125
718,28.72,46,0.2484283447265625,322.47833251953125,80.34322357177734,621.7975463867188,0.48149335384368896,person,-2.4825210571289062,4.38818359375
718,28.72,57,7.189453125,588.271240234375,1274.81689453125,716.87451171875,0.6448622345924377,car,-0.40582275390625,-0.00616455078125
718,28.72,60,0.510101318359375,399.7724914550781,166.66941833496094,638.593017578125,0.3871059715747833,bicycle,-3.2640151977539062,2.1132965087890625
718,28.72,63,614.5245361328125,306.91693115234375,696.0174560546875,389.62493896484375,0.3564443290233612,person,-5.0186767578125,-5.3400421142578125
718,28.72,64,511.9601135253906,338.56121826171875,550.4835205078125,395.8455810546875,0.30861538648605347,motorcycle,-1.3441009521484375,-0.450439453125
718,28.72,67,603.3316650390625,314.6221923828125,682.4503173828125,451.34698486328125,0.319745272397995,person,-5.79437255859375,10.388076782226562
718,28.72,69,795.00927734375,300.54754638671875,994.016357421875,427.52618408203125,0.8556819558143616,car,1.4017333984375,0.00140380859375
719,28.76,4,44.516357421875,504.636962890625,1280.0,712.669189453125,0.386717289686203,car,18.40740966796875,-15.62188720703125
719,28.76,46,0.2484283447265625,322.47833251953125,80.34322357177734,621.7975463867188,0.48149335384368896,person,-2.4825210571289062,4.38818359375
719,28.76,57,7.072021484375,588.0638427734375,1273.2431640625,716.9761962890625,0.6370905041694641,car,-0.8455810546875,-0.0528564453125
719,28.76,60,0.510101318359375,399.7724914550781,166.66941833496094,638.593017578125,0.3871059715747833,bicycle,-3.2640151977539062,2.1132965087890625
719,28.76,63,614.5245361328125,306.91693115234375,696.0174560546875,389.62493896484375,0.3564443290233612,person,-5.0186767578125,-5.3400421142578125
719,28.76,64,511.9601135253906,338.56121826171875,550.4835205078125,395.8455810546875,0.30861538648605347,motorcycle,-1.3441009521484375,-0.450439453125
719,28.76,67,603.3316650390625,314.6221923828125,682.4503173828125,451.34698486328125,0.319745272397995,person,-5.79437255859375,10.388076782226562
719,28.76,69,795.3660888671875,300.751708984375,996.296142578125,428.564697265625,0.853546679019928,car,1.31829833984375,0.621337890625
720,28.8,4,40.2611083984375,509.2332763671875,1279.56982421875,713.0704345703125,0.39219334721565247,car,-2.34271240234375,2.498779296875
720,28.8,46,0.2484283447265625,322.47833251953125,80.34322357177734,621.7975463867188,0.48149335384368896,person,-2.4825210571289062,4.38818359375
720,28.8,57,5.183349609375,588.3040771484375,1271.8095703125,717.4261474609375,0.6512805223464966,car,-1.6611328125,0.3450927734375
720,28.8,60,0.510101318359375,399.7724914550781,166.66941833496094,638.593017578125,0.3871059715747833,bicycle,-3.2640151977539062,2.1132965087890625
720,28.8,63,614.5245361328125,306.91693115234375,696.0174560546875,389.62493896484375,0.3564443290233612,person,-5.0186767578125,-5.3400421142578125
720,28.8,64,508.828369140625,336.31512451171875,544.2335205078125,392.69891357421875,0.39810463786125183,motorcycle,-1.1727180480957031,-0.6740951538085938
720,28.8,67,603.3316650390625,314.6221923828125,682.4503173828125,451.34698486328125,0.319745272397995,person,-5.79437255859375,10.388076782226562
720,28.8,69,796.6395263671875,301.14471435546875,997.4954833984375,429.56817626953125,0.8484756350517273,car,1.23638916015625,0.6982421875
721,28.84,4,45.6767578125,511.790771484375,1280.0,713.5693359375,0.35477662086486816,car,2.92291259765625,1.5281982421875
721,28.84,46,0.2484283447265625,322.47833251953125,80.34322357177734,621.7975463867188,0.48149335384368896,person,-2.4825210571289062,4.38818359375
721,28.84,57,4.7479248046875,587.9491577148438,1271.804443359375,717.6510620117188,0.6258541941642761,car,-0.22027587890625,-0.06500244140625
721,28.84,60,0.510101318359375,399.7724914550781,166.66941833496094,638.593017578125,0.3871059715747833,bicycle,-3.2640151977539062,2.1132965087890625
721,28.84,63,614.5245361328125,306.91693115234375,696.0174560546875,389.62493896484375,0.3564443290233612,person,-5.0186767578125,-5.3400421142578125
721,28.84,64,508.1567687988281,338.7515563964844,542.86767578125,392.0570983886719,0.3785731792449951,motorcycle,-1.0187225341796875,0.897308349609375
721,28.84,67,603.3316650390625,314.6221923828125,682.4503173828125,451.34698486328125,0.319745272397995,person,-5.79437255859375,10.388076782226562
721,28.84,69,797.5084838867188,300.6380920410156,998.7890014648438,429.3761291503906,0.8593365550041199,car,1.08123779296875,-0.349334716796875
722,28.88,4,47.050537109375,513.604736328125,1280.0,713.61376953125,0.3643806576728821,car,0.6868896484375,0.92919921875
722,28.88,46,0.2484283447265625,322.47833251953125,80.34322357177734,621.7975463867188,0.48149335384368896,person,-2.4825210571289062,4.38818359375
722,28.88,57,4.318359375,587.85400390625,1272.093505859375,717.722412109375,0.6438328623771667,car,-0.07025146484375,-0.01190185546875
722,28.88,60,0.510101318359375,399.7724914550781,166.66941833496094,638.593017578125,0.3871059715747833,bicycle,-3.2640151977539062,2.1132965087890625
722,28.88,63,614.5245361328125,306.91693115234375,696.0174560546875,389.62493896484375,0.3564443290233612,person,-5.0186767578125,-5.3400421142578125
722,28.88,64,507.15753173828125,341.2895812988281,541.6239624023438,391.1018981933594,0.3964207172393799,motorcycle,-1.1214752197265625,0.791412353515625
722,28.88,67,603.3316650390625,314.6221923828125,682.4503173828125,451.34698486328125,0.319745272397995,person,-5.79437255859375,10.388076782226562
722,28.88,69,797.8560791015625,301.96807861328125,1003.0391845703125,430.21881103515625,0.860415518283844,car,2.29888916015625,1.086334228515625
723,28.92,4,38.4337158203125,519.227294921875,1280.0,713.425048828125,0.31216058135032654,car,-4.30841064453125,2.7169189453125
723,28.92,46,0.2484283447265625,322.47833251953125,80.34322357177734,621.7975463867188,0.48149335384368896,person,-2.4825210571289062,4.38818359375
723,28.92,57,4.6427001953125,587.6378173828125,1271.6724853515625,717.3404541015625,0.627285897731781,car,-0.04833984375,-0.299072265625
723,28.92,60,0.510101318359375,399.7724914550781,166.66941833496094,638.593017578125,0.3871059715747833,bicycle,-3.2640151977539062,2.1132965087890625
723,28.92,63,614.5245361328125,306.91693115234375,696.0174560546875,389.62493896484375,0.3564443290233612,person,-5.0186767578125,-5.3400421142578125
723,28.92,64,507.013671875,341.932373046875,539.8111572265625,390.758544921875,0.3709833323955536,motorcycle,-0.97833251953125,0.14971923828125
723,28.92,67,603.3316650390625,314.6221923828125,682.4503173828125,451.34698486328125,0.319745272397995,person,-5.79437255859375,10.388076782226562
723,28.92,69,799.0859375,301.71844482421875,1005.0419921875,430.60699462890625,0.8703130483627319,car,1.6163330078125,0.06927490234375
724,28.96,4,38.4337158203125,519.227294921875,1280.0,713.425048828125,0.31216058135032654,car,-4.30841064453125,2.7169189453125
724,28.96,46,0.2484283447265625,322.47833251953125,80.34322357177734,621.7975463867188,0.48149335384368896,person,-2.4825210571289062,4.38818359375
724,28.96,57,5.171875,587.3505859375,1270.3236083984375,717.168212890625,0.6165726780891418,car,-0.40985107421875,-0.229736328125
724,28.96,60,0.510101318359375,399.7724914550781,166.66941833496094,638.593017578125,0.3871059715747833,bicycle,-3.2640151977539062,2.1132965087890625
724,28.96,63,614.5245361328125,306.91693115234375,696.0174560546875,389.62493896484375,0.3564443290233612,person,-5.0186767578125,-5.3400421142578125
724,28.96,64,507.013671875,341.932373046875,539.8111572265625,390.758544921875,0.3709833323955536,motorcycle,-0.97833251953125,0.14971923828125
724,28.96,67,603.3316650390625,314.6221923828125,682.4503173828125,451.34698486328125,0.319745272397995,person,-5.79437255859375,10.388076782226562
724,28.96,69,800.7149658203125,301.81695556640625,1009.1844482421875,431.81988525390625,0.8676962852478027,car,2.8857421875,0.65570068359375
725,29.0,4,38.4337158203125,519.227294921875,1280.0,713.425048828125,0.31216058135032654,car,-4.30841064453125,2.7169189453125
725,29.0,46,0.2484283447265625,322.47833251953125,80.34322357177734,621.7975463867188,0.48149335384368896,person,-2.4825210571289062,4.38818359375
725,29.0,57,3.2969970703125,586.4879150390625,1269.9296875,717.1341552734375,0.5920160412788391,car,-1.1343994140625,-0.4483642578125
725,29.0,60,0.510101318359375,399.7724914550781,166.66941833496094,638.593017578125,0.3871059715747833,bicycle,-3.2640151977539062,2.1132965087890625
725,29.0,63,614.5245361328125,306.91693115234375,696.0174560546875,389.62493896484375,0.3564443290233612,person,-5.0186767578125,-5.3400421142578125
725,29.0,64,507.013671875,341.932373046875,539.8111572265625,390.758544921875,0.3709833323955536,motorcycle,-0.97833251953125,0.14971923828125
725,29.0,67,603.3316650390625,314.6221923828125,682.4503173828125,451.34698486328125,0.319745272397995,person,-5.79437255859375,10.388076782226562
725,29.0,69,802.6531982421875,301.77984619140625,1011.2657470703125,432.38275146484375,0.8592855930328369,car,2.009765625,0.26287841796875
726,29.04,4,38.4337158203125,519.227294921875,1280.0,713.425048828125,0.31216058135032654,car,-4.30841064453125,2.7169189453125
726,29.04,46,0.2484283447265625,322.47833251953125,80.34322357177734,621.7975463867188,0.48149335384368896,person,-2.4825210571289062,4.38818359375
726,29.04,57,3.078369140625,586.5086059570312,1270.14306640625,717.0552368164062,0.5796318650245667,car,-0.00262451171875,-0.02911376953125
726,29.04,60,0.510101318359375,399.7724914550781,166.66941833496094,638.593017578125,0.3871059715747833,bicycle,-3.2640151977539062,2.1132965087890625
726,29.04,63,614.5245361328125,306.91693115234375,696.0174560546875,389.62493896484375,0.3564443290233612,person,-5.0186767578125,-5.3400421142578125
726,29.04,64,507.013671875,341.932373046875,539.8111572265625,390.758544921875,0.3709833323955536,motorcycle,-0.97833251953125,0.14971923828125
726,29.04,67,603.3316650390625,314.6221923828125,682.4503173828125,451.34698486328125,0.319745272397995,person,-5.79437255859375,10.388076782226562
726,29.04,69,803.8140869140625,301.95587158203125,1013.726806640625,434.07049560546875,0.8601587414741516,car,1.81097412109375,0.931884765625
727,29.08,4,38.4337158203125,519.227294921875,1280.0,713.425048828125,0.31216058135032654,car,-4.30841064453125,2.7169189453125
727,29.08,46,0.2484283447265625,322.47833251953125,80.34322357177734,621.7975463867188,0.48149335384368896,person,-2.4825210571289062,4.38818359375
727,29.08,57,3.142578125,587.00537109375,1270.362060546875,717.11767578125,0.5946503281593323,car,0.1416015625,0.27960205078125
727,29.08,60,0.510101318359375,399.7724914550781,166.66941833496094,638.593017578125,0.3871059715747833,bicycle,-3.2640151977539062,2.1132965087890625
727,29.08,64,507.013671875,341.932373046875,539.8111572265625,390.758544921875,0.3709833323955536,motorcycle,-0.97833251953125,0.14971923828125
727,29.08,67,603.3316650390625,314.6221923828125,682.4503173828125,451.34698486328125,0.319745272397995,person,-5.79437255859375,10.388076782226562
727,29.08,69,803.1129150390625,302.1456604003906,1015.3133544921875,435.7611389160156,0.8528379797935486,car,0.44268798828125,0.940216064453125
728,29.12,4,38.4337158203125,519.227294921875,1280.0,713.425048828125,0.31216058135032654,car,-4.30841064453125,2.7169189453125
728,29.12,46,0.2484283447265625,322.47833251953125,80.34322357177734,621.7975463867188,0.48149335384368896,person,-2.4825210571289062,4.38818359375
728,29.12,57,3.2705078125,587.1959228515625,1270.30859375,716.9600830078125,0.591216504573822,car,0.0372314453125,0.0164794921875
728,29.12,60,0.510101318359375,399.7724914550781,166.66941833496094,638.593017578125,0.3871059715747833,bicycle,-3.2640151977539062,2.1132965087890625
728,29.12,64,507.013671875,341.932373046875,539.8111572265625,390.758544921875,0.3709833323955536,motorcycle,-0.97833251953125,0.14971923828125
728,29.12,67,603.3316650390625,314.6221923828125,682.4503173828125,451.34698486328125,0.319745272397995,person,-5.79437255859375,10.388076782226562
728,29.12,69,805.011474609375,302.5576171875,1018.9906005859375,437.430908203125,0.8348482847213745,car,2.78790283203125,1.040863037109375
729,29.16,4,38.4337158203125,519.227294921875,1280.0,713.425048828125,0.31216058135032654,car,-4.30841064453125,2.7169189453125
729,29.16,46,0.2484283447265625,322.47833251953125,80.34322357177734,621.7975463867188,0.48149335384368896,person,-2.4825210571289062,4.38818359375
729,29.16,57,3.0950927734375,587.6233520507812,1271.75244140625,717.3187866210938,0.5938218235969543,car,0.63421630859375,0.39306640625
729,29.16,60,0.510101318359375,399.7724914550781,166.66941833496094,638.593017578125,0.3871059715747833,bicycle,-3.2640151977539062,2.1132965087890625
729,29.16,64,507.013671875,341.932373046875,539.8111572265625,390.758544921875,0.3709833323955536,motorcycle,-0.97833251953125,0.14971923828125
729,29.16,67,603.3316650390625,314.6221923828125,682.4503173828125,451.34698486328125,0.319745272397995,person,-5.79437255859375,10.388076782226562
729,29.16,69,805.7882080078125,303.1105651855469,1021.5662841796875,438.6291198730469,0.8485456109046936,car,1.67620849609375,0.875579833984375
730,29.2,4,38.4337158203125,519.227294921875,1280.0,713.425048828125,0.31216058135032654,car,-4.30841064453125,2.7169189453125
730,29.2,46,0.2484283447265625,322.47833251953125,80.34322357177734,621.7975463867188,0.48149335384368896,person,-2.4825210571289062,4.38818359375
730,29.2,57,2.931396484375,587.7301025390625,1272.263671875,717.2249755859375,0.5749772787094116,car,0.17376708984375,0.0064697265625
730,29.2,60,0.510101318359375,399.7724914550781,166.66941833496094,638.593017578125,0.3871059715747833,bicycle,-3.2640151977539062,2.1132965087890625
730,29.2,64,507.013671875,341.932373046875,539.8111572265625,390.758544921875,0.3709833323955536,motorcycle,-0.97833251953125,0.14971923828125
730,29.2,69,807.13916015625,301.9097595214844,1024.520263671875,438.0149841308594,0.8442319631576538,car,2.1524658203125,-0.907470703125
731,29.24,4,38.4337158203125,519.227294921875,1280.0,713.425048828125,0.31216058135032654,car,-4.30841064453125,2.7169189453125
731,29.24,46,0.2484283447265625,322.47833251953125,80.34322357177734,621.7975463867188,0.48149335384368896,person,-2.4825210571289062,4.38818359375
731,29.24,57,3.447998046875,587.9959716796875,1270.640380859375,717.2984619140625,0.597843587398529,car,-0.5533447265625,0.169677734375
731,29.24,60,0.510101318359375,399.7724914550781,166.66941833496094,638.593017578125,0.3871059715747833,bicycle,-3.2640151977539062,2.1132965087890625
731,29.24,64,504.03033447265625,335.8215637207031,531.1012573242188,384.5172424316406,0.35536766052246094,car,-0.7308273315429688,-0.7720069885253906
731,29.24,69,809.34033203125,302.1836242675781,1028.3021240234375,438.5851135253906,0.8450289964675903,car,2.99151611328125,0.4219970703125
732,29.28,4,38.4337158203125,519.227294921875,1280.0,713.425048828125,0.31216058135032654,car,-4.30841064453125,2.7169189453125
732,29.28,46,0.2484283447265625,322.47833251953125,80.34322357177734,621.7975463867188,0.48149335384368896,person,-2.4825210571289062,4.38818359375
732,29.28,57,4.28125,588.2918701171875,1270.557373046875,717.7401123046875,0.6447729468345642,car,0.3751220703125,0.3687744140625
732,29.28,60,0.510101318359375,399.7724914550781,166.66941833496094,638.593017578125,0.3871059715747833,bicycle,-3.2640151977539062,2.1132965087890625
732,29.28,64,504.03033447265625,335.8215637207031,531.1012573242188,384.5172424316406,0.35536766052246094,car,-0.7308273315429688,-0.7720069885253906
732,29.28,69,810.5872802734375,301.582275390625,1030.203857421875,439.7525634765625,0.8446094393730164,car,1.5743408203125,0.283050537109375
733,29.32,4,38.4337158203125,519.227294921875,1280.0,713.425048828125,0.31216058135032654,car,-4.30841064453125,2.7169189453125
733,29.32,46,0.2484283447265625,322.47833251953125,80.34322357177734,621.7975463867188,0.48149335384368896,person,-2.4825210571289062,4.38818359375
733,29.32,57,6.326171875,587.594482421875,1272.2822265625,718.061767578125,0.6509725451469421,car,1.8848876953125,-0.1878662109375
733,29.32,60,0.510101318359375,399.7724914550781,166.66941833496094,638.593017578125,0.3871059715747833,bicycle,-3.2640151977539062,2.1132965087890625
733,29.32,64,504.03033447265625,335.8215637207031,531.1012573242188,384.5172424316406,0.35536766052246094,car,-0.7308273315429688,-0.7720069885253906
733,29.32,69,811.8895263671875,299.9755859375,1034.0504150390625,440.5906982421875,0.8453390002250671,car,2.57440185546875,-0.38427734375
734,29.36,4,38.4337158203125,519.227294921875,1280.0,713.425048828125,0.31216058135032654,car,-4.30841064453125,2.7169189453125
734,29.36,46,0.2484283447265625,322.47833251953125,80.34322357177734,621.7975463867188,0.48149335384368896,person,-2.4825210571289062,4.38818359375
734,29.36,57,2.969482421875,587.1942749023438,1272.14501953125,718.1495971679688,0.6255576610565186,car,-1.7469482421875,-0.15618896484375
734,29.36,60,0.510101318359375,399.7724914550781,166.66941833496094,638.593017578125,0.3871059715747833,bicycle,-3.2640151977539062,2.1132965087890625
734,29.36,64,504.03033447265625,335.8215637207031,531.1012573242188,384.5172424316406,0.35536766052246094,car,-0.7308273315429688,-0.7720069885253906
734,29.36,69,812.6689453125,300.16314697265625,1037.75048828125,441.16290283203125,0.8629716038703918,car,2.23974609375,0.3798828125
735,29.4,4,38.4337158203125,519.227294921875,1280.0,713.425048828125,0.31216058135032654,car,-4.30841064453125,2.7169189453125
735,29.4,46,0.2484283447265625,322.47833251953125,80.34322357177734,621.7975463867188,0.48149335384368896,person,-2.4825210571289062,4.38818359375
735,29.4,57,7.3477783203125,588.8465576171875,1276.1630859375,717.1326904296875,0.592491626739502,car,4.19818115234375,0.31768798828125
735,29.4,60,0.510101318359375,399.7724914550781,166.66941833496094,638.593017578125,0.3871059715747833,bicycle,-3.2640151977539062,2.1132965087890625
735,29.4,64,504.03033447265625,335.8215637207031,531.1012573242188,384.5172424316406,0.35536766052246094,car,-0.7308273315429688,-0.7720069885253906
735,29.4,69,815.071044921875,299.1937255859375,1040.509033203125,443.61834716796875,0.8712838888168335,car,2.580322265625,0.743011474609375
736,29.44,4,38.4337158203125,519.227294921875,1280.0,713.425048828125,0.31216058135032654,car,-4.30841064453125,2.7169189453125
736,29.44,46,0.2484283447265625,322.47833251953125,80.34322357177734,621.7975463867188,0.48149335384368896,person,-2.4825210571289062,4.38818359375
736,29.44,57,3.9747314453125,587.4588623046875,1271.538330078125,718.1646728515625,0.6137638688087463,car,-3.9989013671875,-0.1778564453125
736,29.44,60,0.510101318359375,399.7724914550781,166.66941833496094,638.593017578125,0.3871059715747833,bicycle,-3.2640151977539062,2.1132965087890625
736,29.44,64,504.03033447265625,335.8215637207031,531.1012573242188,384.5172424316406,0.35536766052246094,car,-0.7308273315429688,-0.7720069885253906
736,29.44,69,818.2708740234375,298.31085205078125,1044.7945556640625,441.0711669921875,0.8808992505073547,car,3.74267578125,-1.71502685546875
737,29.48,4,38.4337158203125,519.227294921875,1280.0,713.425048828125,0.31216058135032654,car,-4.30841064453125,2.7169189453125
737,29.48,46,0.2484283447265625,322.47833251953125,80.34322357177734,621.7975463867188,0.48149335384368896,person,-2.4825210571289062,4.38818359375
737,29.48,57,5.699951171875,587.970458984375,1274.48095703125,717.258056640625,0.5786051154136658,car,2.33392333984375,-0.197509765625
737,29.48,60,0.510101318359375,399.7724914550781,166.66941833496094,638.593017578125,0.3871059715747833,bicycle,-3.2640151977539062,2.1132965087890625
737,29.48,64,504.03033447265625,335.8215637207031,531.1012573242188,384.5172424316406,0.35536766052246094,car,-0.7308273315429688,-0.7720069885253906
737,29.48,69,819.5960693359375,298.7633056640625,1048.2156982421875,441.87744140625,0.8774014711380005,car,2.3731689453125,0.629364013671875
738,29.52,4,38.4337158203125,519.227294921875,1280.0,713.425048828125,0.31216058135032654,car,-4.30841064453125,2.7169189453125
738,29.52,46,0.2484283447265625,322.47833251953125,80.34322357177734,621.7975463867188,0.48149335384368896,person,-2.4825210571289062,4.38818359375
738,29.52,57,5.72998046875,589.116943359375,1272.87841796875,717.01953125,0.5773117542266846,car,-0.7862548828125,0.4539794921875
738,29.52,60,0.510101318359375,399.7724914550781,166.66941833496094,638.593017578125,0.3871059715747833,bicycle,-3.2640151977539062,2.1132965087890625
738,29.52,64,501.96624755859375,333.2972412109375,527.0125122070312,377.738525390625,0.36673709750175476,car,-0.43948800223214285,-0.6645028250558036
738,29.52,69,822.8271484375,297.9503173828125,1051.1025390625,444.578857421875,0.8933899998664856,car,3.0589599609375,0.9442138671875
739,29.56,4,38.4337158203125,519.227294921875,1280.0,713.425048828125,0.31216058135032654,car,-4.30841064453125,2.7169189453125
739,29.56,46,0.2484283447265625,322.47833251953125,80.34322357177734,621.7975463867188,0.48149335384368896,person,-2.4825210571289062,4.38818359375
739,29.56,57,5.701416015625,588.3306884765625,1272.229736328125,718.0382080078125,0.632552444934845,car,-0.338623046875,0.1162109375
739,29.56,60,0.510101318359375,399.7724914550781,166.66941833496094,638.593017578125,0.3871059715747833,bicycle,-3.2640151977539062,2.1132965087890625
739,29.56,64,501.65301513671875,332.806884765625,527.1992797851562,376.65179443359375,0.388378381729126,car,-0.063232421875,-0.788543701171875
739,29.56,69,824.0223388671875,297.7828369140625,1055.9990234375,445.6849365234375,0.9165342450141907,car,3.04583740234375,0.46929931640625
740,29.6,4,38.4337158203125,519.227294921875,1280.0,713.425048828125,0.31216058135032654,car,-4.30841064453125,2.7169189453125
740,29.6,46,0.2484283447265625,322.47833251953125,80.34322357177734,621.7975463867188,0.48149335384368896,person,-2.4825210571289062,4.38818359375
740,29.6,57,3.72021484375,587.8184204101562,1273.98583984375,717.6469116210938,0.61522376537323,car,-0.112548828125,-0.4517822265625
740,29.6,60,0.510101318359375,399.7724914550781,166.66941833496094,638.593017578125,0.3871059715747833,bicycle,-3.2640151977539062,2.1132965087890625
740,29.6,64,501.9106140136719,332.50396728515625,528.013671875,375.46331787109375,0.44541314244270325,car,0.5359954833984375,-0.745697021484375
740,29.6,69,825.3076171875,297.24700927734375,1060.888671875,446.26617431640625,0.9101897478103638,car,3.08746337890625,0.022705078125
740,29.6,72,1080.4130859375,371.9240417480469,1215.71484375,454.7162780761719,0.35326647758483887,bench,0.0,0.0
741,29.64,4,38.4337158203125,519.227294921875,1280.0,713.425048828125,0.31216058135032654,car,-4.30841064453125,2.7169189453125
741,29.64,46,0.2484283447265625,322.47833251953125,80.34322357177734,621.7975463867188,0.48149335384368896,person,-2.4825210571289062,4.38818359375
741,29.64,57,3.3656005859375,587.4561767578125,1274.45068359375,717.3822021484375,0.5519739985466003,car,0.05511474609375,-0.3134765625
741,29.64,60,0.510101318359375,399.7724914550781,166.66941833496094,638.593017578125,0.3871059715747833,bicycle,-3.2640151977539062,2.1132965087890625
741,29.64,64,501.8934326171875,332.11895751953125,528.291748046875,374.2481689453125,0.5773618221282959,car,0.1304473876953125,-0.800079345703125
741,29.64,69,826.48486328125,296.5930480957031,1064.6392822265625,446.1521301269531,0.8973174691200256,car,2.46392822265625,-0.384002685546875
741,29.64,72,1083.1474609375,372.024169921875,1236.53857421875,455.4842529296875,0.3624471127986908,bench,11.779052734375,0.434051513671875
742,29.68,4,38.4337158203125,519.227294921875,1280.0,713.425048828125,0.31216058135032654,car,-4.30841064453125,2.7169189453125
742,29.68,46,0.2484283447265625,322.47833251953125,80.34322357177734,621.7975463867188,0.48149335384368896,person,-2.4825210571289062,4.38818359375
742,29.68,57,3.4974365234375,587.134765625,1275.2296142578125,717.285400390625,0.541190505027771,car,0.45538330078125,-0.2091064453125
742,29.68,60,0.510101318359375,399.7724914550781,166.66941833496094,638.593017578125,0.3871059715747833,bicycle,-3.2640151977539062,2.1132965087890625
742,29.68,64,502.3740234375,332.030517578125,528.181640625,373.5557861328125,0.5755483508110046,car,0.18524169921875,-0.390411376953125
742,29.68,69,828.47412109375,296.2958984375,1070.46142578125,446.6923828125,0.8678878545761108,car,3.90570068359375,0.121551513671875
742,29.68,72,1087.72998046875,373.0833740234375,1240.49267578125,457.3336181640625,0.3382906913757324,bench,4.268310546875,1.45428466796875
743,29.72,4,38.4337158203125,519.227294921875,1280.0,713.425048828125,0.31216058135032654,car,-4.30841064453125,2.7169189453125
743,29.72,46,0.2484283447265625,322.47833251953125,80.34322357177734,621.7975463867188,0.48149335384368896,person,-2.4825210571289062,4.38818359375
743,29.72,57,3.699462890625,587.2628173828125,1271.3299560546875,716.9781494140625,0.5164034962654114,car,-1.84881591796875,-0.089599609375
743,29.72,60,0.510101318359375,399.7724914550781,166.66941833496094,638.593017578125,0.3871059715747833,bicycle,-3.2640151977539062,2.1132965087890625
743,29.72,64,503.28631591796875,331.605712890625,527.8421020507812,373.0455322265625,0.483301043510437,car,0.286376953125,-0.467529296875
743,29.72,69,832.7587890625,295.11279296875,1073.616455078125,446.8470458984375,0.8858595490455627,car,3.7198486328125,-0.51422119140625
743,29.72,72,1087.72998046875,373.0833740234375,1240.49267578125,457.3336181640625,0.3382906913757324,bench,4.268310546875,1.45428466796875
744,29.76,4,38.4337158203125,519.227294921875,1280.0,713.425048828125,0.31216058135032654,car,-4.30841064453125,2.7169189453125
744,29.76,46,0.2484283447265625,322.47833251953125,80.34322357177734,621.7975463867188,0.48149335384368896,person,-2.4825210571289062,4.38818359375
744,29.76,57,3.6527099609375,587.4066162109375,1272.2335205078125,717.0267333984375,0.5346626043319702,car,0.42840576171875,0.09619140625
744,29.76,60,0.510101318359375,399.7724914550781,166.66941833496094,638.593017578125,0.3871059715747833,bicycle,-3.2640151977539062,2.1132965087890625
744,29.76,64,503.9240417480469,331.2008056640625,527.943359375,372.4703369140625,0.4123241901397705,car,0.3694915771484375,-0.49005126953125
744,29.76,69,834.937744140625,294.325927734375,1078.0859375,447.3033447265625,0.8858516216278076,car,3.32421875,-0.165283203125
744,29.76,72,1087.72998046875,373.0833740234375,1240.49267578125,457.3336181640625,0.3382906913757324,bench,4.268310546875,1.45428466796875
745,29.8,4,38.4337158203125,519.227294921875,1280.0,713.425048828125,0.31216058135032654,car,-4.30841064453125,2.7169189453125
745,29.8,46,0.2484283447265625,322.47833251953125,80.34322357177734,621.7975463867188,0.48149335384368896,person,-2.4825210571289062,4.38818359375
745,29.8,57,3.347412109375,586.1356201171875,1272.18115234375,717.25537109375,0.5277916789054871,car,-0.1788330078125,-0.52117919921875
745,29.8,60,0.510101318359375,399.7724914550781,166.66941833496094,638.593017578125,0.3871059715747833,bicycle,-3.2640151977539062,2.1132965087890625
745,29.8,64,503.9240417480469,331.2008056640625,527.943359375,372.4703369140625,0.4123241901397705,car,0.3694915771484375,-0.49005126953125
745,29.8,69,838.069580078125,294.13031005859375,1083.3748779296875,448.16815185546875,0.8742619156837463,car,4.21038818359375,0.3345947265625
745,29.8,72,1087.72998046875,373.0833740234375,1240.49267578125,457.3336181640625,0.3382906913757324,bench,4.268310546875,1.45428466796875
746,29.84,4,38.4337158203125,519.227294921875,1280.0,713.425048828125,0.31216058135032654,car,-4.30841064453125,2.7169189453125
746,29.84,46,0.2484283447265625,322.47833251953125,80.34322357177734,621.7975463867188,0.48149335384368896,person,-2.4825210571289062,4.38818359375
746,29.84,57,4.125,588.30615234375,1272.00732421875,716.91015625,0.5412766933441162,car,0.3018798828125,0.91265869140625
746,29.84,60,0.510101318359375,399.7724914550781,166.66941833496094,638.593017578125,0.3871059715747833,bicycle,-3.2640151977539062,2.1132965087890625
746,29.84,64,503.9240417480469,331.2008056640625,527.943359375,372.4703369140625,0.4123241901397705,car,0.3694915771484375,-0.49005126953125
746,29.84,69,840.055419921875,293.638671875,1087.9609375,449.1827392578125,0.8527464866638184,car,3.28594970703125,0.261474609375
746,29.84,72,1087.72998046875,373.0833740234375,1240.49267578125,457.3336181640625,0.3382906913757324,bench,4.268310546875,1.45428466796875
747,29.88,4,38.4337158203125,519.227294921875,1280.0,713.425048828125,0.31216058135032654,car,-4.30841064453125,2.7169189453125
747,29.88,57,5.694091796875,588.7376708984375,1274.80029296875,716.0308837890625,0.543673038482666,car,2.1810302734375,-0.223876953125
747,29.88,60,0.510101318359375,399.7724914550781,166.66941833496094,638.593017578125,0.3871059715747833,bicycle,-3.2640151977539062,2.1132965087890625
747,29.88,64,503.9240417480469,331.2008056640625,527.943359375,372.4703369140625,0.4123241901397705,car,0.3694915771484375,-0.49005126953125
747,29.88,69,841.63720703125,292.68804931640625,1093.5296630859375,449.82684326171875,0.8360154032707214,car,3.57525634765625,-0.15325927734375
747,29.88,72,1087.72998046875,373.0833740234375,1240.49267578125,457.3336181640625,0.3382906913757324,bench,4.268310546875,1.45428466796875
748,29.92,4,38.4337158203125,519.227294921875,1280.0,713.425048828125,0.31216058135032654,car,-4.30841064453125,2.7169189453125
748,29.92,57,5.0701904296875,589.0404052734375,1275.890869140625,715.583984375,0.49381619691848755,car,0.23333740234375,-0.07208251953125
748,29.92,64,503.9240417480469,331.2008056640625,527.943359375,372.4703369140625,0.4123241901397705,car,0.3694915771484375,-0.49005126953125
748,29.92,69,844.359130859375,290.65167236328125,1100.640869140625,451.28985595703125,0.860991358757019,car,4.91656494140625,-0.28668212890625
748,29.92,72,1087.72998046875,373.0833740234375,1240.49267578125,457.3336181640625,0.3382906913757324,bench,4.268310546875,1.45428466796875
749,29.96,4,38.4337158203125,519.227294921875,1280.0,713.425048828125,0.31216058135032654,car,-4.30841064453125,2.7169189453125
749,29.96,57,5.177490234375,587.6661376953125,1274.0478515625,715.35888671875,0.4935826063156128,car,-0.86785888671875,-0.7996826171875
749,29.96,64,503.9240417480469,331.2008056640625,527.943359375,372.4703369140625,0.4123241901397705,car,0.3694915771484375,-0.49005126953125
749,29.96,69,848.7642822265625,290.7423095703125,1104.709716796875,452.001708984375,0.8628864884376526,car,4.23699951171875,0.4012451171875
749,29.96,72,1087.72998046875,373.0833740234375,1240.49267578125,457.3336181640625,0.3382906913757324,bench,4.268310546875,1.45428466796875
750,30.0,4,38.4337158203125,519.227294921875,1280.0,713.425048828125,0.31216058135032654,car,-4.30841064453125,2.7169189453125
750,30.0,57,5.5341796875,588.326904296875,1270.737548828125,714.933349609375,0.5422062277793884,car,-1.476806640625,0.11761474609375
750,30.0,64,503.9240417480469,331.2008056640625,527.943359375,372.4703369140625,0.4123241901397705,car,0.3694915771484375,-0.49005126953125
750,30.0,69,852.1402587890625,291.0207824707031,1110.7716064453125,452.7487487792969,0.867467999458313,car,4.71893310546875,0.51275634765625
750,30.0,72,1087.72998046875,373.0833740234375,1240.49267578125,457.3336181640625,0.3382906913757324,bench,4.268310546875,1.45428466796875
751,30.04,4,38.4337158203125,519.227294921875,1280.0,713.425048828125,0.31216058135032654,car,-4.30841064453125,2.7169189453125
751,30.04,57,4.1146240234375,589.107421875,1270.3907470703125,714.6773681640625,0.4356074631214142,car,-0.8831787109375,0.26226806640625
751,30.04,64,503.9240417480469,331.2008056640625,527.943359375,372.4703369140625,0.4123241901397705,car,0.3694915771484375,-0.49005126953125
751,30.04,69,854.9403076171875,290.87603759765625,1115.166015625,454.42218017578125,0.8778584599494934,car,3.59722900390625,0.76434326171875
751,30.04,72,1087.72998046875,373.0833740234375,1240.49267578125,457.3336181640625,0.3382906913757324,bench,4.268310546875,1.45428466796875
752,30.08,4,38.4337158203125,519.227294921875,1280.0,713.425048828125,0.31216058135032654,car,-4.30841064453125,2.7169189453125
752,30.08,57,4.031982421875,589.916015625,1270.881591796875,714.97216796875,0.47898390889167786,car,0.2041015625,0.55169677734375
752,30.08,64,503.9240417480469,331.2008056640625,527.943359375,372.4703369140625,0.4123241901397705,car,0.3694915771484375,-0.49005126953125
752,30.08,69,857.9849853515625,290.47174072265625,1122.5645751953125,454.81317138671875,0.8767693042755127,car,5.22161865234375,-0.00665283203125
752,30.08,72,1087.72998046875,373.0833740234375,1240.49267578125,457.3336181640625,0.3382906913757324,bench,4.268310546875,1.45428466796875
753,30.12,4,38.4337158203125,519.227294921875,1280.0,713.425048828125,0.31216058135032654,car,-4.30841064453125,2.7169189453125
753,30.12,57,15.6214599609375,584.8242797851562,1278.3133544921875,714.3440551757812,0.4243418574333191,car,9.5106201171875,-2.85992431640625
753,30.12,64,503.9240417480469,331.2008056640625,527.943359375,372.4703369140625,0.4123241901397705,car,0.3694915771484375,-0.49005126953125
753,30.12,69,861.8609619140625,290.75677490234375,1128.6923828125,455.74237060546875,0.864894449710846,car,5.00189208984375,0.60711669921875
753,30.12,72,1087.72998046875,373.0833740234375,1240.49267578125,457.3336181640625,0.3382906913757324,bench,4.268310546875,1.45428466796875
754,30.16,4,38.4337158203125,519.227294921875,1280.0,713.425048828125,0.31216058135032654,car,-4.30841064453125,2.7169189453125
754,30.16,57,3.704833984375,588.3634033203125,1272.411865234375,714.7781982421875,0.4809819459915161,car,-8.9090576171875,1.98663330078125
754,30.16,64,513.1408081054688,323.66363525390625,535.6095581054688,364.5596923828125,0.4019075632095337,person,0.8441482543945312,-0.7723907470703125
754,30.16,69,866.947998046875,291.01861572265625,1134.9005126953125,458.3360595703125,0.8873393535614014,car,5.6475830078125,1.427764892578125
754,30.16,72,1087.72998046875,373.0833740234375,1240.49267578125,457.3336181640625,0.3382906913757324,bench,4.268310546875,1.45428466796875
755,30.2,4,38.4337158203125,519.227294921875,1280.0,713.425048828125,0.31216058135032654,car,-4.30841064453125,2.7169189453125
755,30.2,57,13.9508056640625,590.072021484375,1278.7247314453125,714.3892822265625,0.526619017124176,car,8.2794189453125,0.65985107421875
755,30.2,64,514.939697265625,323.5659484863281,536.24560546875,363.1094665527344,0.5280275940895081,person,1.21746826171875,-0.773956298828125
755,30.2,69,868.2005615234375,289.9934997558594,1140.7867431640625,459.9509582519531,0.8779565691947937,car,3.56939697265625,0.294891357421875
755,30.2,72,1087.72998046875,373.0833740234375,1240.49267578125,457.3336181640625,0.3382906913757324,bench,4.268310546875,1.45428466796875
756,30.24,4,38.4337158203125,519.227294921875,1280.0,713.425048828125,0.31216058135032654,car,-4.30841064453125,2.7169189453125
756,30.24,57,3.97021484375,590.5206909179688,1268.7655029296875,714.8334350585938,0.5020170211791992,car,-9.96990966796875,0.4464111328125
756,30.24,64,516.5357666015625,322.876220703125,537.5025634765625,362.9100341796875,0.5183160305023193,person,1.426513671875,-0.444580078125
756,30.24,69,873.7943115234375,290.6783447265625,1145.7518310546875,459.81231689453125,0.8850774168968201,car,5.2794189453125,0.273101806640625
756,30.24,72,1087.72998046875,373.0833740234375,1240.49267578125,457.3336181640625,0.3382906913757324,bench,4.268310546875,1.45428466796875
757,30.28,4,38.4337158203125,519.227294921875,1280.0,713.425048828125,0.31216058135032654,car,-4.30841064453125,2.7169189453125
757,30.28,57,4.892822265625,586.6054077148438,1277.483642578125,716.2256469726562,0.41735485196113586,car,4.82037353515625,-1.26153564453125
757,30.28,64,518.7030029296875,321.19342041015625,538.6785888671875,361.75164794921875,0.522208034992218,person,1.671630859375,-1.42059326171875
757,30.28,69,875.727294921875,289.68115234375,1151.040283203125,460.91748046875,0.8896191120147705,car,3.6107177734375,0.053985595703125
757,30.28,72,1087.72998046875,373.0833740234375,1240.49267578125,457.3336181640625,0.3382906913757324,bench,4.268310546875,1.45428466796875
758,30.32,4,38.4337158203125,519.227294921875,1280.0,713.425048828125,0.31216058135032654,car,-4.30841064453125,2.7169189453125
758,30.32,57,5.1474609375,586.960205078125,1274.221923828125,716.34130859375,0.43449246883392334,car,-1.5035400390625,0.2352294921875
758,30.32,64,521.1158447265625,322.2031555175781,540.0150146484375,361.1889343261719,0.38476666808128357,person,1.8746337890625,0.2235107421875
758,30.32,69,880.5391845703125,289.8599853515625,1157.580078125,462.7874755859375,0.879370391368866,car,5.67584228515625,1.0244140625
758,30.32,72,1087.72998046875,373.0833740234375,1240.49267578125,457.3336181640625,0.3382906913757324,bench,4.268310546875,1.45428466796875
759,30.36,4,38.4337158203125,519.227294921875,1280.0,713.425048828125,0.31216058135032654,car,-4.30841064453125,2.7169189453125
759,30.36,57,6.160888671875,587.241455078125,1273.9827880859375,716.179931640625,0.45293450355529785,car,0.38714599609375,0.0599365234375
759,30.36,64,522.1215209960938,320.926025390625,541.4520874023438,360.30938720703125,0.41311755776405334,person,1.22137451171875,-1.078338623046875
759,30.36,69,884.97900390625,289.0439147949219,1165.270751953125,463.0702819824219,0.8571681380271912,car,6.06524658203125,-0.266632080078125
759,30.36,72,1087.72998046875,373.0833740234375,1240.49267578125,457.3336181640625,0.3382906913757324,bench,4.268310546875,1.45428466796875
759,30.36,73,0.0821533203125,418.57476806640625,86.96533203125,629.5079956054688,0.3018800914287567,bicycle,0.0,0.0
760,30.4,4,38.4337158203125,519.227294921875,1280.0,713.425048828125,0.31216058135032654,car,-4.30841064453125,2.7169189453125
760,30.4,57,5.0008544921875,587.0789794921875,1272.8388671875,716.3912353515625,0.484380841255188,car,-1.1519775390625,0.0244140625
760,30.4,64,522.6832885742188,320.45037841796875,543.5504760742188,359.54852294921875,0.4734157919883728,person,1.330078125,-0.618255615234375
760,30.4,69,889.1050415039062,288.11834716796875,1173.89892578125,467.89031982421875,0.8702825903892517,car,6.377105712890625,1.947235107421875
760,30.4,72,1087.72998046875,373.0833740234375,1240.49267578125,457.3336181640625,0.3382906913757324,bench,4.268310546875,1.45428466796875
760,30.4,73,0.1058807373046875,417.0833740234375,96.78349304199219,627.361083984375,0.6174784898757935,bicycle,4.9209442138671875,-1.81915283203125
761,30.44,4,38.4337158203125,519.227294921875,1280.0,713.425048828125,0.31216058135032654,car,-4.30841064453125,2.7169189453125
761,30.44,57,7.3946533203125,587.8194580078125,1270.905029296875,716.5467529296875,0.40009817481040955,car,0.22998046875,0.447998046875
761,30.44,64,523.9281616210938,322.4764404296875,544.6342163085938,359.29931640625,0.36142364144325256,person,1.164306640625,0.888427734375
761,30.44,69,894.333984375,288.06585693359375,1179.583740234375,468.97454833984375,0.8903102278709412,car,5.456878662109375,0.515869140625
761,30.44,72,1087.72998046875,373.0833740234375,1240.49267578125,457.3336181640625,0.3382906913757324,bench,4.268310546875,1.45428466796875
761,30.44,73,0.1954803466796875,413.48956298828125,103.22032928466797,622.7869262695312,0.7520703673362732,bicycle,3.2632179260253906,-4.083984375
762,30.48,4,38.4337158203125,519.227294921875,1280.0,713.425048828125,0.31216058135032654,car,-4.30841064453125,2.7169189453125
762,30.48,57,7.10205078125,587.1026611328125,1272.592529296875,716.12255859375,0.30187591910362244,car,0.69744873046875,-0.57049560546875
762,30.48,64,524.8229370117188,323.2625732421875,544.2400512695312,358.512451171875,0.33223843574523926,person,0.25030517578125,-0.0003662109375
762,30.48,69,896.5626220703125,288.6483459472656,1187.4996337890625,471.0523376464844,0.8858000636100769,car,5.072265625,1.33013916015625
762,30.48,72,1087.72998046875,373.0833740234375,1240.49267578125,457.3336181640625,0.3382906913757324,bench,4.268310546875,1.45428466796875
762,30.48,73,0.0,407.7857360839844,113.51121520996094,620.8922119140625,0.7757958173751831,bicycle,5.047702789306641,-3.7992706298828125
763,30.52,4,38.4337158203125,519.227294921875,1280.0,713.425048828125,0.31216058135032654,car,-4.30841064453125,2.7169189453125
763,30.52,57,7.0517578125,587.4431762695312,1268.452392578125,715.4148559570312,0.3382914066314697,car,-2.09521484375,-0.18359375
763,30.52,64,525.9485473632812,321.96575927734375,545.5869750976562,359.43035888671875,0.45090800523757935,person,1.23626708984375,-0.189453125
763,30.52,69,900.1368408203125,288.45452880859375,1192.5242919921875,473.54974365234375,0.8875641226768494,car,4.2994384765625,1.15179443359375
763,30.52,72,1087.72998046875,373.0833740234375,1240.49267578125,457.3336181640625,0.3382906913757324,bench,4.268310546875,1.45428466796875
763,30.52,73,0.23535919189453125,400.48675537109375,119.84172058105469,622.9053344726562,0.7669021487236023,bicycle,3.2829322814941406,-2.6429290771484375
764,30.56,4,38.4337158203125,519.227294921875,1280.0,713.425048828125,0.31216058135032654,car,-4.30841064453125,2.7169189453125
764,30.56,57,7.0517578125,587.4431762695312,1268.452392578125,715.4148559570312,0.3382914066314697,car,-2.09521484375,-0.18359375
764,30.56,64,527.6316528320312,323.62701416015625,547.4177856445312,359.1536865234375,0.30866244435310364,person,1.7569580078125,0.692291259765625
764,30.56,69,902.7835693359375,289.885986328125,1200.3175048828125,474.750732421875,0.8733434677124023,car,5.219970703125,1.31622314453125
764,30.56,72,1087.72998046875,373.0833740234375,1240.49267578125,457.3336181640625,0.3382906913757324,bench,4.268310546875,1.45428466796875
764,30.56,73,0.2078857421875,387.46588134765625,125.51548767089844,620.3320922851562,0.757592499256134,bicycle,2.8231468200683594,-7.79705810546875
765,30.6,4,38.4337158203125,519.227294921875,1280.0,713.425048828125,0.31216058135032654,car,-4.30841064453125,2.7169189453125
765,30.6,57,8.673095703125,590.8004150390625,1271.37548828125,714.9278564453125,0.41606080532073975,car,1.1361083984375,0.717559814453125
765,30.6,64,529.2643432617188,323.47210693359375,549.0046997070312,359.08477783203125,0.4456230401992798,person,1.60980224609375,-0.111907958984375
765,30.6,69,906.9744873046875,289.23065185546875,1206.7398681640625,477.7110595703125,0.8826117515563965,car,5.306640625,1.152496337890625
765,30.6,72,1087.72998046875,373.0833740234375,1240.49267578125,457.3336181640625,0.3382906913757324,bench,4.268310546875,1.45428466796875
765,30.6,73,0.168212890625,381.1326599121094,132.0670623779297,615.3568115234375,0.7995569705963135,bicycle,3.255950927734375,-5.6542510986328125
766,30.64,4,38.4337158203125,519.227294921875,1280.0,713.425048828125,0.31216058135032654,car,-4.30841064453125,2.7169189453125
766,30.64,57,11.948974609375,588.792236328125,1270.7994384765625,716.151611328125,0.4421735107898712,car,1.34991455078125,-0.3922119140625
766,30.64,64,531.2576904296875,323.41021728515625,550.6348876953125,359.01593017578125,0.4546528160572052,person,1.811767578125,-0.06536865234375
766,30.64,69,912.210205078125,289.6670227050781,1213.1533203125,479.4943542480469,0.8824174404144287,car,5.8245849609375,1.109832763671875
766,30.64,72,1087.72998046875,373.0833740234375,1240.49267578125,457.3336181640625,0.3382906913757324,bench,4.268310546875,1.45428466796875
766,30.64,73,0.15264892578125,410.0929260253906,140.09814453125,615.6365966796875,0.7373676300048828,bicycle,4.007759094238281,14.620025634765625
766,30.64,74,0.03460693359375,331.35693359375,86.54264831542969,607.3857421875,0.38967686891555786,person,0.0,0.0
767,30.68,4,38.4337158203125,519.227294921875,1280.0,713.425048828125,0.31216058135032654,car,-4.30841064453125,2.7169189453125
767,30.68,57,7.7216796875,590.4566650390625,1269.33837890625,716.0181884765625,0.5661300420761108,car,-2.84417724609375,0.7655029296875
767,30.68,64,532.784912109375,325.96905517578125,551.5869140625,358.59197998046875,0.3656499981880188,person,1.2396240234375,1.06744384765625
767,30.68,69,915.328125,289.89410400390625,1221.953125,480.74749755859375,0.8859245777130127,car,5.9588623046875,0.7401123046875
767,30.68,72,1087.72998046875,373.0833740234375,1240.49267578125,457.3336181640625,0.3382906913757324,bench,4.268310546875,1.45428466796875
767,30.68,73,21.361324310302734,411.20184326171875,146.08447265625,614.4750366210938,0.3307594358921051,bicycle,13.597501754760742,-0.0263214111328125
768,30.72,4,38.4337158203125,519.227294921875,1280.0,713.425048828125,0.31216058135032654,car,-4.30841064453125,2.7169189453125
768,30.72,57,21.1280517578125,591.1199951171875,1275.0115966796875,713.8511962890625,0.5010247230529785,car,9.539794921875,-0.7518310546875
768,30.72,64,533.973388671875,322.3939208984375,553.37353515625,358.7763671875,0.33371520042419434,person,1.487548828125,-1.69537353515625
768,30.72,69,920.4092407226562,290.53369140625,1228.9794921875,482.5845947265625,0.8900677561759949,car,6.053741455078125,1.23834228515625
768,30.72,72,1087.72998046875,373.0833740234375,1240.49267578125,457.3336181640625,0.3382906913757324,bench,4.268310546875,1.45428466796875
768,30.72,73,0.5914154052734375,406.7374267578125,153.75498962402344,614.120849609375,0.6512426733970642,bicycle,-6.54969596862793,-2.4093017578125
768,30.72,74,0.1484832763671875,227.62506103515625,103.00868225097656,614.0145263671875,0.6617127656936646,person,4.144977569580078,-24.275772094726562
769,30.76,4,38.4337158203125,519.227294921875,1280.0,713.425048828125,0.31216058135032654,car,-4.30841064453125,2.7169189453125
769,30.76,57,8.2042236328125,589.1976318359375,1270.4876708984375,716.2799072265625,0.6221345067024231,car,-8.723876953125,0.253173828125
769,30.76,64,533.973388671875,322.3939208984375,553.37353515625,358.7763671875,0.33371520042419434,person,1.487548828125,-1.69537353515625
769,30.76,69,925.290283203125,290.58563232421875,1237.344482421875,483.83099365234375,0.891044557094574,car,6.623016357421875,0.649169921875
769,30.76,72,1087.72998046875,373.0833740234375,1240.49267578125,457.3336181640625,0.3382906913757324,bench,4.268310546875,1.45428466796875
769,30.76,73,0.2820587158203125,402.2340087890625,159.17843627929688,620.2607421875,0.7465028166770935,bicycle,2.5570449829101562,0.8182373046875
769,30.76,74,0.15673065185546875,240.19384765625,110.6142807006836,608.9237670898438,0.6904267072677612,person,3.8069229125976562,3.739013671875
769,30.76,75,39.32572937011719,403.1252746582031,158.24282836914062,606.840087890625,0.38087746500968933,bicycle,0.0,0.0
770,30.8,4,38.4337158203125,519.227294921875,1280.0,713.425048828125,0.31216058135032654,car,-4.30841064453125,2.7169189453125
770,30.8,57,6.03955078125,591.906005859375,1265.359130859375,716.482177734375,0.6136162877082825,car,-3.6466064453125,1.455322265625
770,30.8,64,533.973388671875,322.3939208984375,553.37353515625,358.7763671875,0.33371520042419434,person,1.487548828125,-1.69537353515625
770,30.8,69,930.0972290039062,290.3902587890625,1246.24853515625,487.417724609375,0.9007728099822998,car,6.855499267578125,1.6956787109375
770,30.8,72,1087.72998046875,373.0833740234375,1240.49267578125,457.3336181640625,0.3382906913757324,bench,4.268310546875,1.45428466796875
770,30.8,73,0.24700927734375,401.228759765625,159.26806640625,617.076904296875,0.6202242970466614,bicycle,0.02729034423828125,-2.09454345703125
770,30.8,74,0.1406097412109375,268.24285888671875,125.87161254882812,619.7550659179688,0.7517855167388916,person,7.62060546875,19.440155029296875
770,30.8,75,45.209110260009766,401.6861572265625,164.39263916015625,602.873291015625,0.5755918025970459,bicycle,6.016595840454102,-2.7029571533203125
771,30.84,4,38.4337158203125,519.227294921875,1280.0,713.425048828125,0.31216058135032654,car,-4.30841064453125,2.7169189453125
771,30.84,57,5.861572265625,591.4550170898438,1265.486328125,716.3389282226562,0.6207015514373779,car,-0.025390625,-0.297119140625
771,30.84,64,533.973388671875,322.3939208984375,553.37353515625,358.7763671875,0.33371520042419434,person,1.487548828125,-1.69537353515625
771,30.84,69,931.645263671875,290.9002685546875,1253.725830078125,490.73095703125,0.8950464725494385,car,4.512664794921875,1.91162109375
771,30.84,72,1087.72998046875,373.0833740234375,1240.49267578125,457.3336181640625,0.3382906913757324,bench,4.268310546875,1.45428466796875
771,30.84,73,0.6977081298828125,402.4830322265625,167.25425720214844,615.338623046875,0.5779802203178406,bicycle,4.21844482421875,-0.24200439453125
771,30.84,74,0.1183929443359375,270.01263427734375,128.41046142578125,618.9319458007812,0.8410447239875793,person,1.2583160400390625,0.47332763671875
771,30.84,75,61.872867584228516,401.6268005371094,168.55224609375,601.5394287109375,0.30000144243240356,bicycle,10.41168212890625,-0.6966094970703125
772,30.88,4,38.4337158203125,519.227294921875,1280.0,713.425048828125,0.31216058135032654,car,-4.30841064453125,2.7169189453125
772,30.88,57,8.830078125,591.4573974609375,1268.89794921875,716.3101806640625,0.5100463032722473,car,3.1900634765625,-0.01318359375
772,30.88,64,540.7024536132812,324.1244812011719,558.3340454101562,358.2995910644531,0.3351695239543915,person,1.4611968994140625,0.1567230224609375
772,30.88,69,938.2626953125,290.53668212890625,1260.95458984375,492.031005859375,0.9003843069076538,car,6.923095703125,0.468231201171875
772,30.88,72,1087.72998046875,373.0833740234375,1240.49267578125,457.3336181640625,0.3382906913757324,bench,4.268310546875,1.45428466796875
772,30.88,73,0.8374176025390625,401.8912353515625,176.1397247314453,618.1202392578125,0.6432806849479675,bicycle,4.5125885009765625,1.09490966796875
772,30.88,74,0.095062255859375,270.73406982421875,136.66537475585938,614.3336791992188,0.8444827198982239,person,4.115791320800781,-1.93841552734375
772,30.88,75,70.52055358886719,401.46795654296875,175.5154571533203,599.3895874023438,0.32151105999946594,bicycle,7.805448532104492,-1.1543426513671875
773,30.92,4,38.4337158203125,519.227294921875,1280.0,713.425048828125,0.31216058135032654,car,-4.30841064453125,2.7169189453125
773,30.92,57,21.122314453125,590.0294189453125,1276.546142578125,715.1529541015625,0.5095174908638,car,9.97021484375,-1.2926025390625
773,30.92,64,543.203125,326.386962890625,559.447021484375,358.24560546875,0.3533620834350586,person,1.80682373046875,1.104248046875
773,30.92,69,941.633544921875,288.73065185546875,1272.08642578125,492.2335205078125,0.8962192535400391,car,7.2513427734375,-0.8017578125
773,30.92,72,1087.72998046875,373.0833740234375,1240.49267578125,457.3336181640625,0.3382906913757324,bench,4.268310546875,1.45428466796875
773,30.92,73,0.537811279296875,402.1929931640625,179.87094116210938,607.8734130859375,0.47643786668777466,bicycle,1.7158050537109375,-4.9725341796875
773,30.92,74,0.589996337890625,269.51531982421875,145.8240966796875,603.99658203125,0.8038318157196045,person,4.8268280029296875,-5.777923583984375
773,30.92,75,70.52055358886719,401.46795654296875,175.5154571533203,599.3895874023438,0.32151105999946594,bicycle,7.805448532104492,-1.1543426513671875
774,30.96,4,49.5240478515625,535.8017578125,1277.488037109375,714.479736328125,0.35037535429000854,car,0.08410165824142157,0.17283480775122548
774,30.96,57,12.83251953125,586.4494018554688,1275.46337890625,715.1824340820312,0.43738579750061035,car,-4.686279296875,-1.7752685546875
774,30.96,64,542.9886474609375,322.4110107421875,560.4359130859375,359.0633544921875,0.445940762758255,person,0.38720703125,-1.5791015625
774,30.96,69,947.9926147460938,288.2989501953125,1278.6904296875,498.8297119140625,0.8953644037246704,car,6.481536865234375,3.082244873046875
774,30.96,72,1087.72998046875,373.0833740234375,1240.49267578125,457.3336181640625,0.3382906913757324,bench,4.268310546875,1.45428466796875
774,30.96,73,0.76605224609375,401.22406005859375,183.79151916503906,622.2942504882812,0.6353879570960999,bicycle,2.0744094848632812,6.7259521484375
774,30.96,74,0.39013671875,268.3358154296875,151.80453491210938,604.7711181640625,0.6985712051391602,person,2.890289306640625,-0.202484130859375
774,30.96,75,70.52055358886719,401.46795654296875,175.5154571533203,599.3895874023438,0.32151105999946594,bicycle,7.805448532104492,-1.1543426513671875
775,31.0,4,38.5897216796875,537.63037109375,1277.982421875,714.413330078125,0.31707242131233215,car,-5.219970703125,0.881103515625
775,31.0,57,3.80712890625,588.87890625,1270.5283203125,715.9385986328125,0.4498596787452698,car,-6.980224609375,1.59283447265625
775,31.0,64,544.4735107421875,324.0418395996094,561.757568359375,358.9164123535156,0.4740808308124542,person,1.40325927734375,0.741943359375
775,31.0,69,951.4039306640625,288.3441162109375,1279.0738525390625,501.74462890625,0.8967158198356628,car,1.897369384765625,1.48004150390625
775,31.0,72,1087.72998046875,373.0833740234375,1240.49267578125,457.3336181640625,0.3382906913757324,bench,4.268310546875,1.45428466796875
775,31.0,73,0.7223968505859375,394.8434143066406,192.2269287109375,630.6046142578125,0.3333001732826233,bicycle,4.1958770751953125,0.9648590087890625
775,31.0,74,1.9292144775390625,269.0902099609375,156.9573211669922,585.096923828125,0.6050205826759338,person,3.3459320068359375,-9.45989990234375
775,31.0,75,70.52055358886719,401.46795654296875,175.5154571533203,599.3895874023438,0.32151105999946594,bicycle,7.805448532104492,-1.1543426513671875
776,31.04,4,38.5897216796875,537.63037109375,1277.982421875,714.413330078125,0.31707242131233215,car,-5.219970703125,0.881103515625
776,31.04,57,13.5987548828125,589.2111206054688,1276.467529296875,715.8623657226562,0.5071263313293457,car,7.86541748046875,0.12799072265625
776,31.04,64,545.3250732421875,325.24200439453125,563.5159912109375,358.65704345703125,0.3381233215332031,person,1.30499267578125,0.47039794921875
776,31.04,69,956.083740234375,287.75775146484375,1278.98388671875,503.7259521484375,0.8948074579238892,car,2.294921875,0.697479248046875
776,31.04,72,1087.72998046875,373.0833740234375,1240.49267578125,457.3336181640625,0.3382906913757324,bench,4.268310546875,1.45428466796875
776,31.04,73,9.51849365234375,398.6925964355469,195.4744873046875,631.676025390625,0.7734365463256836,bicycle,6.021827697753906,2.460296630859375
776,31.04,74,12.95623779296875,269.615966796875,163.67507934570312,579.572265625,0.8324228525161743,person,8.872390747070312,-2.49945068359375
776,31.04,75,70.52055358886719,401.46795654296875,175.5154571533203,599.3895874023438,0.32151105999946594,bicycle,7.805448532104492,-1.1543426513671875
777,31.08,4,38.5897216796875,537.63037109375,1277.982421875,714.413330078125,0.31707242131233215,car,-5.219970703125,0.881103515625
777,31.08,57,6.100341796875,590.4989624023438,1264.719970703125,717.1603393554688,0.5229552388191223,car,-9.62298583984375,1.29290771484375
777,31.08,64,546.32373046875,325.4710693359375,565.16259765625,358.6990966796875,0.3821708858013153,person,1.3226318359375,0.13555908203125
777,31.08,69,960.2093505859375,286.93743896484375,1278.9234619140625,505.70343017578125,0.8940553069114685,car,2.0325927734375,0.578582763671875
777,31.08,72,1087.72998046875,373.0833740234375,1240.49267578125,457.3336181640625,0.3382906913757324,bench,4.268310546875,1.45428466796875
777,31.08,73,11.648162841796875,393.356689453125,195.9503631591797,630.9599609375,0.44176068902015686,bicycle,1.3027725219726562,-3.0259857177734375
777,31.08,74,18.04833984375,271.8740234375,172.107421875,601.1114501953125,0.7972501516342163,person,6.7622222900390625,11.89862060546875
777,31.08,75,70.52055358886719,401.46795654296875,175.5154571533203,599.3895874023438,0.32151105999946594,bicycle,7.805448532104492,-1.1543426513671875
778,31.12,4,38.5897216796875,537.63037109375,1277.982421875,714.413330078125,0.31707242131233215,car,-5.219970703125,0.881103515625
778,31.12,57,13.052734375,590.955810546875,1271.27490234375,715.9091796875,0.5259133577346802,car,6.753662109375,-0.39715576171875
778,31.12,64,548.05712890625,328.0829162597656,564.930908203125,357.6442565917969,0.42657527327537537,person,0.7508544921875,0.77850341796875
778,31.12,69,965.212890625,286.64593505859375,1278.9130859375,509.30535888671875,0.906669020652771,car,2.49658203125,1.65521240234375
778,31.12,72,1087.72998046875,373.0833740234375,1240.49267578125,457.3336181640625,0.3382906913757324,bench,4.268310546875,1.45428466796875
778,31.12,73,23.199432373046875,397.41119384765625,206.72784423828125,631.3030395507812,0.6334530115127563,bicycle,11.164375305175781,2.19879150390625
778,31.12,74,26.616424560546875,271.1529541015625,178.66966247558594,570.0958251953125,0.7491773962974548,person,7.565162658691406,-15.86834716796875
778,31.12,75,70.52055358886719,401.46795654296875,175.5154571533203,599.3895874023438,0.32151105999946594,bicycle,7.805448532104492,-1.1543426513671875
778,31.12,76,389.78997802734375,319.94378662109375,406.74755859375,365.28729248046875,0.3112154006958008,person,0.0,0.0
779,31.16,4,38.5897216796875,537.63037109375,1277.982421875,714.413330078125,0.31707242131233215,car,-5.219970703125,0.881103515625
779,31.16,57,2.500732421875,587.7525634765625,1272.08740234375,715.9788818359375,0.5702359676361084,car,-4.8697509765625,-1.5667724609375
779,31.16,64,548.40625,325.5987548828125,565.48779296875,357.886474609375,0.5158568620681763,person,0.4530029296875,-1.1209716796875
779,31.16,69,971.6767578125,286.1513671875,1278.9990234375,510.973388671875,0.9200080633163452,car,3.27490234375,0.58673095703125
779,31.16,72,1087.72998046875,373.0833740234375,1240.49267578125,457.3336181640625,0.3382906913757324,bench,4.268310546875,1.45428466796875
779,31.16,73,25.875717163085938,386.07562255859375,210.90786743164062,627.9417114257812,0.7195947170257568,bicycle,3.4281539916992188,-7.34844970703125
779,31.16,74,33.18925476074219,271.1806640625,186.47592163085938,555.1653442382812,0.6316800713539124,person,7.189544677734375,-7.451385498046875
779,31.16,75,70.52055358886719,401.46795654296875,175.5154571533203,599.3895874023438,0.32151105999946594,bicycle,7.805448532104492,-1.1543426513671875
779,31.16,76,389.64288330078125,321.2237548828125,407.15631103515625,365.56317138671875,0.3387521207332611,person,0.130828857421875,0.777923583984375
780,31.2,4,38.5897216796875,537.63037109375,1277.982421875,714.413330078125,0.31707242131233215,car,-5.219970703125,0.881103515625
780,31.2,57,6.572509765625,590.7181396484375,1265.42138671875,715.759765625,0.5699940919876099,car,-1.297119140625,1.37322998046875
780,31.2,64,548.97607421875,325.473388671875,566.032958984375,358.168212890625,0.5511153340339661,person,0.5574951171875,0.07818603515625
780,31.2,69,975.8005981445312,285.85595703125,1279.115478515625,514.671142578125,0.9208409786224365,car,2.120147705078125,1.701171875
780,31.2,72,1087.72998046875,373.0833740234375,1240.49267578125,457.3336181640625,0.3382906913757324,bench,4.268310546875,1.45428466796875
780,31.2,73,35.0338134765625,391.06610107421875,214.96600341796875,626.0042114257812,0.6482524275779724,bicycle,6.608116149902344,1.5264892578125
780,31.2,74,40.858734130859375,271.96612548828125,191.26629638671875,555.2726440429688,0.7532554268836975,person,6.229927062988281,0.446380615234375
780,31.2,75,70.52055358886719,401.46795654296875,175.5154571533203,599.3895874023438,0.32151105999946594,bicycle,7.805448532104492,-1.1543426513671875
780,31.2,76,389.6712951660156,321.4059143066406,407.3540344238281,365.7050476074219,0.3212597668170929,person,0.113067626953125,0.162017822265625
781,31.24,4,38.5897216796875,537.63037109375,1277.982421875,714.413330078125,0.31707242131233215,car,-5.219970703125,0.881103515625
781,31.24,57,11.6123046875,589.4815673828125,1262.485595703125,715.59521484375,0.5783237814903259,car,1.052001953125,-0.7005615234375
781,31.24,64,549.79833984375,326.084228515625,566.17724609375,358.43359375,0.5531139969825745,person,0.4832763671875,0.4381103515625
781,31.24,69,980.763427734375,285.57568359375,1279.183349609375,517.4141845703125,0.9131002426147461,car,2.515350341796875,1.23138427734375
781,31.24,72,1087.72998046875,373.0833740234375,1240.49267578125,457.3336181640625,0.3382906913757324,bench,4.268310546875,1.45428466796875
781,31.24,73,52.40643310546875,407.1858825683594,218.98416137695312,621.5897216796875,0.7296897172927856,bicycle,10.695388793945312,5.8526458740234375
781,31.24,74,49.77778625488281,272.8900146484375,194.72509765625,544.359130859375,0.8388234972953796,person,6.188926696777344,-4.99481201171875
781,31.24,75,70.52055358886719,401.46795654296875,175.5154571533203,599.3895874023438,0.32151105999946594,bicycle,7.805448532104492,-1.1543426513671875
781,31.24,76,391.1090087890625,321.01751708984375,407.67608642578125,366.12738037109375,0.37054041028022766,person,0.8798828125,0.0169677734375
782,31.28,4,38.5897216796875,537.63037109375,1277.982421875,714.413330078125,0.31707242131233215,car,-5.219970703125,0.881103515625
782,31.28,57,1.832763671875,587.680908203125,1267.5347900390625,715.359619140625,0.5720423460006714,car,-2.36517333984375,-1.01812744140625
782,31.28,64,550.7706298828125,324.74383544921875,566.34228515625,358.51812744140625,0.5689360499382019,person,0.56866455078125,-0.6279296875
782,31.28,69,985.6708984375,285.15899658203125,1279.23291015625,520.8355712890625,0.9210673570632935,car,2.478515625,1.502349853515625
782,31.28,72,1087.72998046875,373.0833740234375,1240.49267578125,457.3336181640625,0.3382906913757324,bench,4.268310546875,1.45428466796875
782,31.28,73,60.1419677734375,402.0091552734375,222.859375,622.183349609375,0.7011184096336365,bicycle,5.8053741455078125,-2.2915496826171875
782,31.28,74,56.05072784423828,274.86181640625,201.7620849609375,546.512939453125,0.7886693477630615,person,6.654964447021484,2.06280517578125
782,31.28,75,70.52055358886719,401.46795654296875,175.5154571533203,599.3895874023438,0.32151105999946594,bicycle,7.805448532104492,-1.1543426513671875
782,31.28,76,391.856689453125,320.95001220703125,408.02392578125,366.19427490234375,0.38602524995803833,person,0.547760009765625,-0.00030517578125
783,31.32,4,38.5897216796875,537.63037109375,1277.982421875,714.413330078125,0.31707242131233215,car,-5.219970703125,0.881103515625
783,31.32,57,24.7779541015625,588.143310546875,1264.087890625,715.945068359375,0.5771116018295288,car,9.7491455078125,0.52392578125
783,31.32,64,552.053466796875,327.1279296875,566.264404296875,358.987060546875,0.5423358082771301,person,0.60247802734375,1.426513671875
783,31.32,69,991.7058715820312,285.36773681640625,1279.301513671875,524.1178588867188,0.9139341711997986,car,3.051788330078125,1.745513916015625
783,31.32,72,1087.72998046875,373.0833740234375,1240.49267578125,457.3336181640625,0.3382906913757324,bench,4.268310546875,1.45428466796875
783,31.32,73,66.55427551269531,403.13519287109375,226.54454040527344,618.1755981445312,0.6182832717895508,bicycle,5.048736572265625,-1.44085693359375
783,31.32,74,63.29380798339844,275.553466796875,209.1345672607422,556.8719482421875,0.8109678626060486,person,7.307781219482422,5.52532958984375
783,31.32,75,70.52055358886719,401.46795654296875,175.5154571533203,599.3895874023438,0.32151105999946594,bicycle,7.805448532104492,-1.1543426513671875
783,31.32,76,392.2606201171875,321.280029296875,408.0340576171875,365.1966552734375,0.32642480731010437,person,0.20703125,-0.33380126953125
784,31.36,4,38.5897216796875,537.63037109375,1277.982421875,714.413330078125,0.31707242131233215,car,-5.219970703125,0.881103515625
784,31.36,57,18.771240234375,586.9658203125,1261.218017578125,715.99072265625,0.5897839665412903,car,-4.43829345703125,-0.56591796875
784,31.36,64,552.86767578125,329.7918701171875,567.085205078125,359.0882568359375,0.4521118402481079,person,0.8175048828125,1.382568359375
784,31.36,69,998.067626953125,284.84320068359375,1279.242431640625,528.1278076171875,0.9099153876304626,car,3.151336669921875,1.742706298828125
784,31.36,72,1087.72998046875,373.0833740234375,1240.49267578125,457.3336181640625,0.3382906913757324,bench,4.268310546875,1.45428466796875
784,31.36,73,66.80201721191406,400.7939453125,228.89317321777344,614.2890625,0.570321261882782,bicycle,1.298187255859375,-3.1138916015625
784,31.36,74,70.69998168945312,277.31658935546875,209.92098999023438,517.4683227539062,0.8376730680465698,person,4.0962982177734375,-18.82025146484375
784,31.36,75,70.52055358886719,401.46795654296875,175.5154571533203,599.3895874023438,0.32151105999946594,bicycle,7.805448532104492,-1.1543426513671875
784,31.36,76,393.51165771484375,321.9237060546875,408.17193603515625,365.273193359375,0.364085853099823,person,0.6944580078125,0.360107421875
785,31.4,4,38.5897216796875,537.63037109375,1277.982421875,714.413330078125,0.31707242131233215,car,-5.219970703125,0.881103515625
785,31.4,57,31.9141845703125,588.6470947265625,1265.48291015625,716.0235595703125,0.5745710134506226,car,8.70391845703125,0.8570556640625
785,31.4,64,553.1510009765625,330.4778747558594,567.9298095703125,359.1399230957031,0.41265636682510376,person,0.56396484375,0.36883544921875
785,31.4,69,1004.0738525390625,285.09539794921875,1279.1922607421875,532.54443359375,0.9057241678237915,car,2.97802734375,2.33441162109375
785,31.4,72,1087.72998046875,373.0833740234375,1240.49267578125,457.3336181640625,0.3382906913757324,bench,4.268310546875,1.45428466796875
785,31.4,73,49.681488037109375,424.10443115234375,228.92556762695312,609.3193969726562,0.3152194023132324,bicycle,-8.5440673828125,9.17041015625
785,31.4,74,78.18777465820312,276.2412109375,214.87847900390625,522.324462890625,0.8491018414497375,person,6.2226409912109375,1.890380859375
785,31.4,75,70.52055358886719,401.46795654296875,175.5154571533203,599.3895874023438,0.32151105999946594,bicycle,7.805448532104492,-1.1543426513671875
785,31.4,76,394.3843994140625,322.04638671875,408.3013916015625,365.6259765625,0.35123151540756226,person,0.5010986328125,0.23773193359375
786,31.44,4,38.5897216796875,537.63037109375,1277.982421875,714.413330078125,0.31707242131233215,car,-5.219970703125,0.881103515625
786,31.44,57,33.1658935546875,588.4765625,1269.6060791015625,716.025390625,0.5628857612609863,car,2.68743896484375,-0.0843505859375
786,31.44,64,554.6680908203125,331.8421630859375,569.0762939453125,359.50189208984375,0.33625584840774536,person,1.331787109375,0.863128662109375
786,31.44,69,1009.680419921875,285.626708984375,1279.861328125,538.9207153320312,0.8995779752731323,car,3.1378173828125,3.45379638671875
786,31.44,72,1087.72998046875,373.0833740234375,1240.49267578125,457.3336181640625,0.3382906913757324,bench,4.268310546875,1.45428466796875
786,31.44,73,55.611480712890625,382.5939025878906,230.00564575195312,609.0931396484375,0.39498239755630493,bicycle,3.505035400390625,-20.868392944335938
786,31.44,74,83.6928482055664,278.092041015625,218.76980590820312,515.7147216796875,0.5070074796676636,person,4.698200225830078,-2.37945556640625
786,31.44,75,70.52055358886719,401.46795654296875,175.5154571533203,599.3895874023438,0.32151105999946594,bicycle,7.805448532104492,-1.1543426513671875
786,31.44,76,394.395751953125,322.23028564453125,408.6080322265625,365.72491455078125,0.32003623247146606,person,0.15899658203125,0.14141845703125
787,31.48,4,38.5897216796875,537.63037109375,1277.982421875,714.413330078125,0.31707242131233215,car,-5.219970703125,0.881103515625
787,31.48,57,1.845703125,585.373779296875,1273.3720703125,715.863037109375,0.5368059277534485,car,-13.777099609375,-1.632568359375
787,31.48,64,555.4801025390625,327.20050048828125,571.0848388671875,358.33172607421875,0.38424283266067505,person,1.4102783203125,-2.905914306640625
787,31.48,69,1017.0477294921875,285.371337890625,1279.8060302734375,541.2533569335938,0.9085545539855957,car,3.656005859375,1.03863525390625
787,31.48,72,1087.72998046875,373.0833740234375,1240.49267578125,457.3336181640625,0.3382906913757324,bench,4.268310546875,1.45428466796875
787,31.48,73,55.611480712890625,382.5939025878906,230.00564575195312,609.0931396484375,0.39498239755630493,bicycle,3.505035400390625,-20.868392944335938
787,31.48,74,90.81982421875,279.24420166015625,222.24655151367188,515.3974609375,0.7588835954666138,person,5.301860809326172,0.417449951171875
787,31.48,75,70.52055358886719,401.46795654296875,175.5154571533203,599.3895874023438,0.32151105999946594,bicycle,7.805448532104492,-1.1543426513671875
787,31.48,76,394.395751953125,322.23028564453125,408.6080322265625,365.72491455078125,0.32003623247146606,person,0.15899658203125,0.14141845703125
788,31.52,4,38.5897216796875,537.63037109375,1277.982421875,714.413330078125,0.31707242131233215,car,-5.219970703125,0.881103515625
788,31.52,57,1.57568359375,585.5899658203125,1274.240234375,715.8665771484375,0.5401062369346619,car,0.299072265625,0.10986328125
788,31.52,64,556.552978515625,326.32904052734375,571.90625,358.24102783203125,0.39497801661491394,person,0.9471435546875,-0.4810791015625
788,31.52,69,1022.501220703125,284.4205322265625,1279.849365234375,547.9639892578125,0.9168049693107605,car,2.7484130859375,2.879913330078125
788,31.52,72,1087.72998046875,373.0833740234375,1240.49267578125,457.3336181640625,0.3382906913757324,bench,4.268310546875,1.45428466796875
788,31.52,73,102.98965454101562,433.97711181640625,236.17620849609375,603.0789184570312,0.48534443974494934,bicycle,13.387184143066406,11.342247009277344
788,31.52,74,96.28142547607422,280.23114013671875,225.6650390625,464.3642578125,0.4680193364620209,person,4.440044403076172,-25.02313232421875
788,31.52,75,70.52055358886719,401.46795654296875,175.5154571533203,599.3895874023438,0.32151105999946594,bicycle,7.805448532104492,-1.1543426513671875
788,31.52,76,394.395751953125,322.23028564453125,408.6080322265625,365.72491455078125,0.32003623247146606,person,0.15899658203125,0.14141845703125
789,31.56,4,38.5897216796875,537.63037109375,1277.982421875,714.413330078125,0.31707242131233215,car,-5.219970703125,0.881103515625
789,31.56,57,5.3109130859375,586.535400390625,1271.719482421875,717.3516845703125,0.5444875359535217,car,0.60723876953125,1.21527099609375
789,31.56,64,557.6385498046875,327.5419616699219,572.1424560546875,357.6510314941406,0.35375553369522095,person,0.660888671875,0.31146240234375
789,31.56,69,1029.803466796875,284.5640869140625,1279.901123046875,549.9793701171875,0.9087825417518616,car,3.677001953125,1.0794677734375
789,31.56,72,1087.72998046875,373.0833740234375,1240.49267578125,457.3336181640625,0.3382906913757324,bench,4.268310546875,1.45428466796875
789,31.56,73,108.08429718017578,433.659423828125,238.146240234375,600.70556640625,0.35240086913108826,motorcycle,3.532337188720703,-1.34552001953125
789,31.56,74,102.03609466552734,279.5218505859375,229.12759399414062,507.267333984375,0.7867094278335571,person,4.608612060546875,21.096893310546875
789,31.56,75,109.0584716796875,431.5255126953125,238.61788940429688,600.1522216796875,0.37797918915748596,bicycle,2.9894220688763786,0.9064761891084558
789,31.56,76,394.395751953125,322.23028564453125,408.6080322265625,365.72491455078125,0.32003623247146606,person,0.15899658203125,0.14141845703125
790,31.6,4,38.5897216796875,537.63037109375,1277.982421875,714.413330078125,0.31707242131233215,car,-5.219970703125,0.881103515625
790,31.6,57,5.7598876953125,585.9857788085938,1270.2657470703125,717.2914428710938,0.5881385803222656,car,-0.50238037109375,-0.304931640625
790,31.6,64,558.993408203125,324.51971435546875,573.3153076171875,356.17034912109375,0.3269433379173279,person,1.26385498046875,-2.25146484375
790,31.6,69,1037.17578125,284.02880859375,1279.9169921875,555.5625,0.9079207181930542,car,3.694091796875,2.52392578125
790,31.6,72,1087.72998046875,373.0833740234375,1240.49267578125,457.3336181640625,0.3382906913757324,bench,4.268310546875,1.45428466796875
790,31.6,73,108.08429718017578,433.659423828125,238.146240234375,600.70556640625,0.35240086913108826,motorcycle,3.532337188720703,-1.34552001953125
790,31.6,74,107.70138549804688,276.1497802734375,233.830078125,511.221923828125,0.7440254092216492,person,5.183887481689453,0.291259765625
790,31.6,75,109.0584716796875,431.5255126953125,238.61788940429688,600.1522216796875,0.37797918915748596,bicycle,2.9894220688763786,0.9064761891084558
790,31.6,76,394.395751953125,322.23028564453125,408.6080322265625,365.72491455078125,0.32003623247146606,person,0.15899658203125,0.14141845703125
791,31.64,4,38.5897216796875,537.63037109375,1277.982421875,714.413330078125,0.31707242131233215,car,-5.219970703125,0.881103515625
791,31.64,57,23.650146484375,589.1073608398438,1265.77734375,716.8862915039062,0.6015441417694092,car,6.700927734375,1.35821533203125
791,31.64,64,559.56005859375,321.90997314453125,575.7313232421875,355.55352783203125,0.371725469827652,person,1.4913330078125,-1.61328125
791,31.64,69,1044.6494140625,284.2222900390625,1279.9130859375,555.9835205078125,0.9141376614570618,car,3.73486328125,0.3072509765625
791,31.64,72,1087.72998046875,373.0833740234375,1240.49267578125,457.3336181640625,0.3382906913757324,bench,4.268310546875,1.45428466796875
791,31.64,73,108.08429718017578,433.659423828125,238.146240234375,600.70556640625,0.35240086913108826,motorcycle,3.532337188720703,-1.34552001953125
791,31.64,74,111.43978881835938,274.750732421875,240.62667846679688,508.1229248046875,0.7697902917861938,person,5.2675018310546875,-2.2490234375
791,31.64,75,118.19319915771484,404.980712890625,245.69375610351562,589.4232177734375,0.49810948967933655,bicycle,4.052648544311523,-9.318450927734375
791,31.64,76,394.395751953125,322.23028564453125,408.6080322265625,365.72491455078125,0.32003623247146606,person,0.15899658203125,0.14141845703125
792,31.68,4,38.5897216796875,537.63037109375,1277.982421875,714.413330078125,0.31707242131233215,car,-5.219970703125,0.881103515625
792,31.68,57,31.693603515625,590.2664794921875,1264.201904296875,715.4869384765625,0.6486687064170837,car,3.2340087890625,-0.1201171875
792,31.68,64,561.578125,323.96685791015625,576.2340087890625,353.93865966796875,0.3309353291988373,person,1.2603759765625,0.22100830078125
792,31.68,69,1055.37109375,284.44647216796875,1279.908203125,551.2672729492188,0.9044026732444763,car,5.3583984375,-2.24603271484375
792,31.68,72,1087.72998046875,373.0833740234375,1240.49267578125,457.3336181640625,0.3382906913757324,bench,4.268310546875,1.45428466796875
792,31.68,73,108.08429718017578,433.659423828125,238.146240234375,600.70556640625,0.35240086913108826,motorcycle,3.532337188720703,-1.34552001953125
792,31.68,74,117.11476135253906,275.9228515625,245.7526397705078,512.7763061523438,0.6611906886100769,person,5.4004669189453125,2.912750244140625
792,31.68,75,121.51399230957031,395.04815673828125,250.8979034423828,586.7838745117188,0.475871205329895,bicycle,4.262470245361328,-6.28594970703125
792,31.68,76,394.395751953125,322.23028564453125,408.6080322265625,365.72491455078125,0.32003623247146606,person,0.15899658203125,0.14141845703125
793,31.72,4,38.5897216796875,537.63037109375,1277.982421875,714.413330078125,0.31707242131233215,car,-5.219970703125,0.881103515625
793,31.72,57,29.6767578125,589.2447509765625,1251.70947265625,715.5677490234375,0.5631862878799438,car,-7.254638671875,-0.470458984375
793,31.72,64,561.578125,323.96685791015625,576.2340087890625,353.93865966796875,0.3309353291988373,person,1.2603759765625,0.22100830078125
793,31.72,69,1065.020263671875,283.73651123046875,1279.39208984375,532.7597045898438,0.889641284942627,car,4.5665283203125,-9.6087646484375
793,31.72,73,108.08429718017578,433.659423828125,238.146240234375,600.70556640625,0.35240086913108826,motorcycle,3.532337188720703,-1.34552001953125
793,31.72,74,121.99075317382812,277.82525634765625,249.41653442382812,522.8607177734375,0.7396600842475891,person,4.2699432373046875,5.993408203125
793,31.72,75,124.44924926757812,390.80279541015625,255.39315795898438,587.1123657226562,0.5676365494728088,bicycle,3.7152557373046875,-1.95843505859375
793,31.72,76,397.0572509765625,319.71307373046875,412.2093505859375,363.93731689453125,0.32761135697364807,person,0.44734409877232145,-0.3074863978794643
794,31.76,4,38.5897216796875,537.63037109375,1277.982421875,714.413330078125,0.31707242131233215,car,-5.219970703125,0.881103515625
794,31.76,57,21.646484375,588.4329833984375,1261.58056640625,715.6798095703125,0.5581454634666443,car,0.92041015625,-0.349853515625
794,31.76,64,562.7745361328125,323.22552490234375,578.0894775390625,353.58160400390625,0.3669283390045166,person,0.762969970703125,-0.27459716796875
794,31.76,69,1072.47998046875,283.4093017578125,1279.26123046875,499.309326171875,0.9054615497589111,car,3.6644287109375,-16.8887939453125
794,31.76,73,108.08429718017578,433.659423828125,238.146240234375,600.70556640625,0.35240086913108826,motorcycle,3.532337188720703,-1.34552001953125
794,31.76,74,126.72618103027344,268.69580078125,250.52378845214844,524.474609375,0.8116133809089661,person,2.9213409423828125,-3.757781982421875
794,31.76,75,128.1549072265625,394.9846496582031,259.73077392578125,583.35986328125,0.3626073896884918,bicycle,4.021636962890625,0.2146759033203125
794,31.76,76,397.83990478515625,320.06243896484375,412.37091064453125,364.303955078125,0.4069328308105469,person,0.47210693359375,0.358001708984375
795,31.8,4,38.5897216796875,537.63037109375,1277.982421875,714.413330078125,0.31707242131233215,car,-5.219970703125,0.881103515625
795,31.8,57,15.8216552734375,589.8847045898438,1262.963134765625,715.6725463867188,0.5776579976081848,car,-2.22113037109375,0.72222900390625
795,31.8,64,564.4896850585938,322.0308532714844,579.6618041992188,354.2596740722656,0.3805653750896454,person,1.64373779296875,-0.25830078125
795,31.8,69,1081.953125,282.2874755859375,1279.38232421875,503.6246337890625,0.9013192653656006,car,4.797119140625,1.59674072265625
795,31.8,73,108.08429718017578,433.659423828125,238.146240234375,600.70556640625,0.35240086913108826,motorcycle,3.532337188720703,-1.34552001953125
795,31.8,74,129.485595703125,269.99462890625,257.97540283203125,521.2867431640625,0.805794358253479,person,5.1055145263671875,-0.94451904296875
795,31.8,75,132.7978515625,388.0994873046875,266.18988037109375,583.4949951171875,0.34149277210235596,bicycle,5.551025390625,-3.3750152587890625
795,31.8,76,398.2110290527344,320.7306213378906,413.3050842285156,365.5010070800781,0.41012999415397644,person,0.65264892578125,0.9326171875
796,31.84,4,38.5897216796875,537.63037109375,1277.982421875,714.413330078125,0.31707242131233215,car,-5.219970703125,0.881103515625
796,31.84,57,0.0,587.9226684570312,1269.9407958984375,715.2822875976562,0.5440028309822083,car,-4.4219970703125,-1.1761474609375
796,31.84,64,564.4896850585938,322.0308532714844,579.6618041992188,354.2596740722656,0.3805653750896454,person,1.64373779296875,-0.25830078125
796,31.84,69,1090.64892578125,282.115478515625,1279.880859375,502.37066650390625,0.8816502690315247,car,4.59716796875,-0.712982177734375
796,31.84,73,108.08429718017578,433.659423828125,238.146240234375,600.70556640625,0.35240086913108826,motorcycle,3.532337188720703,-1.34552001953125
796,31.84,74,134.91888427734375,275.4058837890625,262.5372619628906,526.0774536132812,0.7991970777511597,person,4.9975738525390625,5.100982666015625
796,31.84,75,137.57284545898438,421.18743896484375,270.67315673828125,582.0741577148438,0.702592134475708,bicycle,4.6291351318359375,15.83355712890625
796,31.84,76,398.5517578125,321.087646484375,415.2891845703125,366.48175048828125,0.34112995862960815,person,1.16241455078125,0.66888427734375
797,31.88,4,38.5897216796875,537.63037109375,1277.982421875,714.413330078125,0.31707242131233215,car,-5.219970703125,0.881103515625
797,31.88,57,39.172607421875,589.1663818359375,1259.5087890625,715.492919921875,0.5075916051864624,car,14.37030029296875,0.7271728515625
797,31.88,64,564.4896850585938,322.0308532714844,579.6618041992188,354.2596740722656,0.3805653750896454,person,1.64373779296875,-0.25830078125
797,31.88,69,1100.7225341796875,283.836181640625,1279.5262451171875,504.7298583984375,0.8746345639228821,car,4.8594970703125,2.039947509765625
797,31.88,73,108.08429718017578,433.659423828125,238.146240234375,600.70556640625,0.35240086913108826,motorcycle,3.532337188720703,-1.34552001953125
797,31.88,74,139.36383056640625,267.64764404296875,266.39654541015625,534.7697143554688,0.8281058669090271,person,4.1521148681640625,0.467010498046875
797,31.88,75,140.79949951171875,413.3929443359375,275.6189880371094,580.63818359375,0.6018123626708984,bicycle,4.08624267578125,-4.615234375
797,31.88,76,398.80511474609375,321.5233459472656,415.79852294921875,366.8866882324219,0.37832555174827576,person,0.38134765625,0.420318603515625
798,31.92,4,38.5897216796875,537.63037109375,1277.982421875,714.413330078125,0.31707242131233215,car,-5.219970703125,0.881103515625
798,31.92,57,25.82470703125,587.9879150390625,1257.674560546875,715.6893310546875,0.5591727495193481,car,-7.591064453125,-0.49102783203125
798,31.92,64,564.4896850585938,322.0308532714844,579.6618041992188,354.2596740722656,0.3805653750896454,person,1.64373779296875,-0.25830078125
798,31.92,69,1110.8011474609375,285.06390380859375,1279.6512451171875,507.5458984375,0.8965258002281189,car,5.101806640625,2.021881103515625
798,31.92,73,108.08429718017578,433.659423828125,238.146240234375,600.70556640625,0.35240086913108826,motorcycle,3.532337188720703,-1.34552001953125
798,31.92,74,144.01058959960938,281.01092529296875,268.39208984375,536.147216796875,0.8746286630630493,person,3.3211517333984375,7.370391845703125
798,31.92,75,143.70220947265625,416.153564453125,279.8077697753906,580.9212646484375,0.6856771111488342,bicycle,3.545745849609375,1.5218505859375
798,31.92,76,399.169921875,323.2412109375,415.5987548828125,366.1729736328125,0.45473429560661316,person,0.08251953125,0.5020751953125
799,31.96,4,38.5897216796875,537.63037109375,1277.982421875,714.413330078125,0.31707242131233215,car,-5.219970703125,0.881103515625
799,31.96,57,0.0,587.8093872070312,1260.219482421875,715.4713745117188,0.585206925868988,car,-11.639892578125,-0.1982421875
799,31.96,64,564.4896850585938,322.0308532714844,579.6618041992188,354.2596740722656,0.3805653750896454,person,1.64373779296875,-0.25830078125
799,31.96,69,1122.859619140625,291.641357421875,1279.714111328125,508.6336669921875,0.8997281193733215,car,6.0606689453125,3.832611083984375
799,31.96,73,108.08429718017578,433.659423828125,238.146240234375,600.70556640625,0.35240086913108826,motorcycle,3.532337188720703,-1.34552001953125
799,31.96,74,146.84609985351562,275.3360595703125,270.88885498046875,536.5723876953125,0.8470563292503357,person,2.6661376953125,-2.624847412109375
799,31.96,75,147.31314086914062,413.9004211425781,282.2904052734375,578.9921875,0.4671851396560669,bicycle,3.046783447265625,-2.0911102294921875
799,31.96,76,400.38421630859375,324.06982421875,415.8863525390625,367.982177734375,0.41910648345947266,person,0.750946044921875,1.31890869140625
800,32.0,4,38.5897216796875,537.63037109375,1277.982421875,714.413330078125,0.31707242131233215,car,-5.219970703125,0.881103515625
800,32.0,57,10.6763916015625,589.156982421875,1258.6729736328125,715.957275390625,0.6420108675956726,car,4.56494140625,0.916748046875
800,32.0,64,564.4896850585938,322.0308532714844,579.6618041992188,354.2596740722656,0.3805653750896454,person,1.64373779296875,-0.25830078125
800,32.0,69,1134.117431640625,299.8502197265625,1279.621826171875,513.34326171875,0.8876837491989136,car,5.582763671875,6.459228515625
800,32.0,73,108.08429718017578,433.659423828125,238.146240234375,600.70556640625,0.35240086913108826,motorcycle,3.532337188720703,-1.34552001953125
800,32.0,74,152.36953735351562,284.1444091796875,275.8898010253906,538.3486328125,0.8580143451690674,person,5.2621917724609375,5.29229736328125
800,32.0,75,153.53387451171875,402.273193359375,289.0649108886719,579.724853515625,0.6127757430076599,bicycle,6.49761962890625,-5.4472808837890625
800,32.0,76,400.45184326171875,324.41058349609375,416.28131103515625,369.90911865234375,0.43747201561927795,person,0.231292724609375,1.13385009765625
801,32.04,4,38.5897216796875,537.63037109375,1277.982421875,714.413330078125,0.31707242131233215,car,-5.219970703125,0.881103515625
801,32.04,57,11.6900634765625,589.2489013671875,1254.94921875,715.9576416015625,0.6498794555664062,car,-1.35504150390625,0.046142578125
801,32.04,64,564.4896850585938,322.0308532714844,579.6618041992188,354.2596740722656,0.3805653750896454,person,1.64373779296875,-0.25830078125
801,32.04,69,1145.466064453125,311.5443115234375,1279.467041015625,517.8284301757812,0.9008738994598389,car,5.596923828125,8.089630126953125
801,32.04,73,108.08429718017578,433.659423828125,238.146240234375,600.70556640625,0.35240086913108826,motorcycle,3.532337188720703,-1.34552001953125
801,32.04,74,153.40374755859375,276.98822021484375,280.021240234375,534.96533203125,0.8503483533859253,person,2.58282470703125,-5.269744873046875
801,32.04,75,157.74179077148438,377.420654296875,295.03924560546875,576.9285278320312,0.528100311756134,bicycle,5.09112548828125,-13.824432373046875
801,32.04,76,401.5198974609375,325.90576171875,417.147216796875,370.4844970703125,0.47266915440559387,person,0.96697998046875,1.0352783203125
802,32.08,4,38.5897216796875,537.63037109375,1277.982421875,714.413330078125,0.31707242131233215,car,-5.219970703125,0.881103515625
802,32.08,57,18.0416259765625,588.9957275390625,1260.3583984375,716.7364501953125,0.6728197932243347,car,5.88037109375,0.2628173828125
802,32.08,64,564.4896850585938,322.0308532714844,579.6618041992188,354.2596740722656,0.3805653750896454,person,1.64373779296875,-0.25830078125
802,32.08,69,1158.9478759765625,325.64996337890625,1279.3514404296875,521.634765625,0.8620701432228088,car,6.68310546875,8.95599365234375
802,32.08,73,108.08429718017578,433.659423828125,238.146240234375,600.70556640625,0.35240086913108826,motorcycle,3.532337188720703,-1.34552001953125
802,32.08,74,159.33755493164062,287.2730712890625,286.5123596191406,529.416748046875,0.8459535837173462,person,6.21246337890625,2.368133544921875
802,32.08,75,157.74179077148438,377.420654296875,295.03924560546875,576.9285278320312,0.528100311756134,bicycle,5.09112548828125,-13.824432373046875
802,32.08,76,402.1240234375,326.3477783203125,417.76727294921875,370.16845703125,0.4986957907676697,person,0.612091064453125,0.06298828125
803,32.12,4,38.5897216796875,537.63037109375,1277.982421875,714.413330078125,0.31707242131233215,car,-5.219970703125,0.881103515625
803,32.12,57,0.1395263671875,586.3370361328125,1267.123046875,715.773193359375,0.6591189503669739,car,-5.5687255859375,-1.81097412109375
803,32.12,64,564.4896850585938,322.0308532714844,579.6618041992188,354.2596740722656,0.3805653750896454,person,1.64373779296875,-0.25830078125
803,32.12,69,1171.29931640625,342.27459716796875,1279.23681640625,525.1365966796875,0.8898328542709351,car,6.118408203125,10.063232421875
803,32.12,73,108.08429718017578,433.659423828125,238.146240234375,600.70556640625,0.35240086913108826,motorcycle,3.532337188720703,-1.34552001953125
803,32.12,74,164.94818115234375,287.277587890625,290.39324951171875,530.1480712890625,0.8319639563560486,person,4.745758056640625,0.367919921875
803,32.12,75,168.4150390625,400.0260009765625,300.8062438964844,573.4435424804688,0.32006749510765076,motorcycle,4.1100616455078125,4.78009033203125
803,32.12,76,403.858642578125,325.09515380859375,419.327392578125,370.91168212890625,0.5108198523521423,person,1.647369384765625,-0.25469970703125
804,32.16,4,38.5897216796875,537.63037109375,1277.982421875,714.413330078125,0.31707242131233215,car,-5.219970703125,0.881103515625
804,32.16,57,0.686767578125,586.3818359375,1271.32568359375,715.444091796875,0.6742820143699646,car,2.37493896484375,-0.14215087890625
804,32.16,64,564.4896850585938,322.0308532714844,579.6618041992188,354.2596740722656,0.3805653750896454,person,1.64373779296875,-0.25830078125
804,32.16,69,1183.7593994140625,353.89599609375,1279.6556396484375,533.9176025390625,0.8690704107284546,car,6.439453125,10.201202392578125
804,32.16,73,108.08429718017578,433.659423828125,238.146240234375,600.70556640625,0.35240086913108826,motorcycle,3.532337188720703,-1.34552001953125
804,32.16,74,169.84426879882812,284.310302734375,298.45947265625,530.55712890625,0.7120932936668396,person,6.4811553955078125,-1.27911376953125
804,32.16,75,172.03564453125,400.26165771484375,306.37432861328125,570.3558349609375,0.3176429271697998,bicycle,4.5943450927734375,-1.426025390625
804,32.16,76,405.4844970703125,323.4052429199219,420.5799560546875,371.2059020996094,0.48850756883621216,person,1.439208984375,-0.697845458984375
804,32.16,77,169.71218872070312,283.510498046875,297.7432861328125,447.4322509765625,0.3290878236293793,person,0.0,0.0
805,32.2,4,38.5897216796875,537.63037109375,1277.982421875,714.413330078125,0.31707242131233215,car,-5.219970703125,0.881103515625
805,32.2,57,6.533203125,587.5267944335938,1261.888671875,716.9686889648438,0.6595355868339539,car,-1.7952880859375,1.33477783203125
805,32.2,64,564.4896850585938,322.0308532714844,579.6618041992188,354.2596740722656,0.3805653750896454,person,1.64373779296875,-0.25830078125
805,32.2,69,1199.1959228515625,364.91845703125,1279.6536865234375,540.341796875,0.8409079313278198,car,7.71728515625,8.72332763671875
805,32.2,73,108.08429718017578,433.659423828125,238.146240234375,600.70556640625,0.35240086913108826,motorcycle,3.532337188720703,-1.34552001953125
805,32.2,74,178.3892822265625,285.08203125,299.4676818847656,525.5579833984375,0.7809453010559082,person,4.776611328125,-2.11370849609375
805,32.2,75,172.03564453125,400.26165771484375,306.37432861328125,570.3558349609375,0.3176429271697998,bicycle,4.5943450927734375,-1.426025390625
805,32.2,76,406.18670654296875,323.2645263671875,421.01409912109375,371.22662353515625,0.3448915183544159,person,0.56817626953125,-0.05999755859375
806,32.24,4,38.5897216796875,537.63037109375,1277.982421875,714.413330078125,0.31707242131233215,car,-5.219970703125,0.881103515625
806,32.24,57,2.857666015625,585.8641357421875,1263.898193359375,716.771240234375,0.6421449780464172,car,-0.8330078125,-0.9300537109375
806,32.24,64,564.4896850585938,322.0308532714844,579.6618041992188,354.2596740722656,0.3805653750896454,person,1.64373779296875,-0.25830078125
806,32.24,69,1213.659423828125,371.39654541015625,1279.504638671875,547.1793823242188,0.7622261047363281,car,7.1572265625,6.6578369140625
806,32.24,73,108.08429718017578,433.659423828125,238.146240234375,600.70556640625,0.35240086913108826,motorcycle,3.532337188720703,-1.34552001953125
806,32.24,74,184.51480102539062,283.70068359375,305.70220947265625,521.4620361328125,0.8328988552093506,person,6.180023193359375,-2.7386474609375
806,32.24,75,186.464599609375,389.22735595703125,318.36260986328125,569.2935791015625,0.5210825800895691,bicycle,6.60430908203125,-3.024139404296875
806,32.24,76,406.6129150390625,321.704345703125,422.83984375,370.8433837890625,0.3746492564678192,person,1.1259765625,-0.971710205078125
